Case,Year,Demand_GWh,DomesticGen_GWh,Imports_GWh,ENS_GWh,Curtailment_GWh,CO2_kt,RenShare,ReserveAvg_MW,ReservePeak_MW,OperatingCapacity_MW,NewCapacity_MW,GenericNewCapacity_MW,HydroAF
BAU_Normal,2025,42315.65928,40078.30276,2237.356518,0,0,3644.497289,0.8670414963,244.8822875,255.504,8510.05,310,0,0.7540273554
BAU_Normal,2026,43978.79934,41713.45855,2265.34079,0,0,3904.505356,0.8629729753,254.5069406,265.5461203,8942.46,432.41,0,0.7553016361
BAU_Normal,2027,46628.19576,44360.42124,2267.774525,0,0,4460.776626,0.843002418,269.8390959,281.5433042,9180.86,438.4,0,0.7530397441
BAU_Normal,2028,48673.85912,46794.10656,1879.752557,0,0,4122.266304,0.8320489175,281.6774255,293.8951186,10316.86,1160,0,0.7558632078
BAU_Normal,2029,51918.02421,49795.62615,2122.398052,0,0,5696.350086,0.7919103028,300.451529,313.4835445,10466.36,249.5,0,0.7526146817
BAU_Normal,2030,54108.85451,52025.60778,2008.734168,74.51256492,0,6900.367542,0.7641693936,313.1299451,326.711884,10618.02,519.32,0,0.7517989781
BAU_Normal,2031,56178.19143,54403.27664,1774.914788,0,0,3176.927808,0.8902967359,325.1052745,339.2066405,11818.02,1200,0,0.7514153704
BAU_Normal,2032,58406.27812,56460.63756,1945.640563,0,0,4146.709074,0.8631884679,337.9992947,352.6599358,11811.82,0,0,0.754732142
BAU_Normal,2033,61161.90812,59265.19737,1896.710754,0,0,3511.274942,0.8897996663,353.9462276,369.2985632,12989.32,1177.5,900,0.7585290154
BAU_Normal,2034,63447.06789,61571.62766,1875.440237,0,0,3384.989765,0.896791295,367.1705318,383.0964686,13685.12,701,300,0.755120099
BAU_Normal,2035,65882.66348,63820.07089,2062.592586,0,0,3572.849216,0.8948689982,381.2654136,397.8027127,14189.26,510,0,0.75308647
BAU_Normal,2036,68248.52347,66336.31298,1912.210486,0,0,3874.721943,0.8938322474,394.956733,412.0878899,14613.86,424.6,0,0.7502100874
BAU_Normal,2037,70654.3691,68754.43485,1899.934248,0,0,3960.35796,0.8947874034,408.8794508,426.6145023,14972.04,814.3,0,0.751727039
BAU_Normal,2038,73013.39919,71172.02821,1841.370978,0,0,3816.279979,0.9037055054,422.5312453,440.8584402,15623.38,661,0,0.7531010464
BAU_Normal,2039,75416.08565,73474.77599,1941.309655,0,0,4329.476916,0.8953318121,436.4356808,455.3659774,15941.08,317.7,0,0.7498358805
BAU_Normal,2040,77862.57558,76049.35115,1813.22443,0,0,3082.44135,0.9265607174,450.5936087,470.1380021,17098.58,1172,0,0.7489563871
BAU_Normal,2041,80262.67633,78403.38652,1859.289812,0,0,3333.642022,0.9233691958,464.4830806,484.6299267,17104.58,6,0,0.7572896537
BAU_Normal,2042,82648.26494,80727.45981,1920.805125,0,0,3595.810076,0.9219554084,478.2885702,499.0342262,17572.14,598.16,0,0.7506347255
BAU_Normal,2043,85037.61631,83169.14288,1868.473425,0,0,2839.16003,0.9380902731,492.1158351,513.4612455,18274.34,702.2,0,0.7565531547
BAU_Normal,2044,87436.65378,85501.12277,1935.531013,0,0,3503.894061,0.9277208442,505.9991538,527.94675,18538.37,264.03,0,0.7543729474
BAU_Normal,2045,89850.84437,87936.11443,1914.729945,0,0,3322.639178,0.9332498027,519.9701642,542.5237497,19093.07,554.7,0,0.7506930941
BAU_Normal,2046,92249.6578,90368.25833,1881.399472,0,0,2948.201152,0.9411566305,533.8521863,557.0079013,19812.57,753.9,0,0.7514745622
BAU_Normal,2047,94651.46047,92827.22133,1824.239145,0,0,3614.462101,0.9321588125,547.7515074,571.5101022,20075.82,266.2,0,0.7548610468
BAU_Normal,2048,97054.19303,95145.26964,1908.923399,0,0,4798.877465,0.9145049403,561.6562097,586.0179177,20655.42,631.6,0,0.7496138306
BAU_Normal,2049,99455.32689,97574.77546,1880.551429,0,0,5271.185549,0.9080315842,575.5516602,600.5160802,20998.42,760,0,0.7526773461
BAU_Normal,2050,101854.7862,99858.50004,1905.862714,90.42345491,0,6371.003469,0.8928515755,589.4374202,615.0041318,20864.82,0,0,0.7554698456
BAU_Extreme,2025,42315.65928,40307.64442,2008.01486,0,0,5184.644343,0.8095010322,244.8822875,255.504,8702.37,502.32,0,0.7004158471
BAU_Extreme,2026,43978.79934,42048.02301,1930.776328,0,0,5632.001929,0.8011177727,254.5069406,265.5461203,9171.97,469.6,0,0.7020389485
BAU_Extreme,2027,46628.19576,44638.97017,1974.967013,14.25857795,0,6171.004586,0.786903672,269.8390959,281.5433042,9499.68,527.71,0,0.6997946701
BAU_Extreme,2028,48673.85912,46867.0827,1806.776414,0,0,5047.136879,0.8016129105,281.6774255,293.8951186,10635.68,1160,0,0.7027255944
BAU_Extreme,2029,51918.02421,49962.69369,1955.330515,0,0,6493.521543,0.7699668819,300.451529,313.4835445,11085.68,550,0,0.698080576
BAU_Extreme,2030,54108.85451,52134.60865,1969.413393,4.832468185,0,7650.08906,0.7422546762,313.1299451,326.711884,11568.02,850,0,0.6969427723
BAU_Extreme,2031,56178.19143,54016.09387,2162.097554,0,0,8717.423846,0.7226049985,325.1052745,339.2066405,11568.02,0,0,0.6976242891
BAU_Extreme,2032,58406.27812,56379.04422,2027.233898,0,0,6244.532606,0.8049089697,337.9992947,352.6599358,12761.82,1200,0,0.7014948465
BAU_Extreme,2033,61161.90812,59265.19737,1896.710754,0,0,5181.581585,0.8467731211,353.9462276,369.2985632,14462.52,1700.7,900,0.7046973746
BAU_Extreme,2034,63447.06789,61498.57853,1948.489366,0,0,5644.485478,0.8379407392,367.1705318,383.0964686,14969.32,512,300,0.7020097825
BAU_Extreme,2035,65882.66348,63741.9559,2140.707573,0,0,6348.163329,0.8253563821,381.2654136,397.8027127,15225.46,262,0,0.6993161093
BAU_Extreme,2036,68248.52347,66289.80387,1958.71959,0,0,6440.720728,0.8309653117,394.956733,412.0878899,15937.16,711.7,0,0.6958326955
BAU_Extreme,2037,70654.3691,68681.40356,1972.965547,0,0,6138.184379,0.843412336,408.8794508,426.6145023,16208.04,727,0,0.6980581795
BAU_Extreme,2038,73013.39919,71172.02821,1841.370978,0,0,6129.852535,0.8542573247,422.5312453,440.8584402,16812.88,614.5,0,0.6992012005
BAU_Extreme,2039,75416.08565,73473.82886,1941.309655,0.9471351831,0,5353.551291,0.8765967197,436.4356808,455.3659774,17554.68,741.8,0,0.6962542539
BAU_Extreme,2040,77862.57558,76049.35115,1813.22443,0,0,5631.005269,0.8758245631,450.5936087,470.1380021,18079.63,539.45,0,0.6942907101
BAU_Extreme,2041,80262.67633,78403.38652,1859.289812,0,0,5394.948219,0.8840273956,464.4830806,484.6299267,18685.89,606.26,0,0.7041210484
BAU_Extreme,2042,82648.26494,80727.45981,1920.805125,0,0,5811.008369,0.8805121818,478.2885702,499.0342262,19084.39,529.1,0,0.695954604
BAU_Extreme,2043,85037.61631,83169.14288,1868.473425,0,0,5821.312792,0.8830754399,492.1158351,513.4612455,19602.49,518.1,0,0.7038603011
BAU_Extreme,2044,87436.65378,85501.12277,1935.531013,0,0,5197.472769,0.8980720396,505.9991538,527.94675,20774.49,1172,0,0.7010475422
BAU_Extreme,2045,89850.84437,87935.59014,1914.729945,0.5242845662,0,5738.310642,0.8917028568,519.9701642,542.5237497,20900.49,126,0,0.6970879664
BAU_Extreme,2046,92249.6578,90368.25833,1881.399472,0,0,5551.671494,0.8978093596,533.8521863,557.0079013,21707.99,841.9,0,0.696653166
BAU_Extreme,2047,94651.46047,92827.22133,1824.239145,0,0,5374.227894,0.9033560605,547.7515074,571.5101022,22134.32,429.28,0,0.7011571981
BAU_Extreme,2048,97054.19303,95124.19444,1929.998596,0,0,5058.873609,0.9097405395,561.6562097,586.0179177,22905.32,823,20,0.6946075472
BAU_Extreme,2049,99455.32689,97325.22187,1906.335663,223.7693577,0,6039.398175,0.8961284349,575.5516602,600.5160802,22574.22,85.9,50,0.6983454567
BAU_Extreme,2050,101854.7862,99430.49589,1905.862714,518.4275999,0,6846.70152,0.8866149867,589.4374202,615.0041318,22440.62,0,0,0.7017523345
REN100_Normal,2025,42315.65928,40078.30276,2237.356518,0,0,3641.776725,0.867137276,244.8822875,255.504,8510.05,310,0,0.7540273554
REN100_Normal,2026,43978.79934,41538.96736,2439.831983,0,0,3849.321451,0.8642995156,254.5069406,265.5461203,8920.66,410.61,0,0.7553016361
REN100_Normal,2027,46628.19576,44175.10697,2453.08879,0,0,4412.246548,0.843686639,269.8390959,281.5433042,9159.06,438.4,0,0.7530397441
REN100_Normal,2028,48673.85912,46794.10656,1879.752557,0,0,4431.149287,0.8217700218,281.6774255,293.8951186,9965.06,830,0,0.7558632078
REN100_Normal,2029,51918.02421,49734.13955,2183.884651,0,0,4620.893017,0.8247692426,300.451529,313.4835445,10466.36,601.3,0,0.7526146817
REN100_Normal,2030,54108.85451,51449.79779,2584.544164,74.51256492,0,5711.713963,0.796013575,313.1299451,326.711884,10618.02,519.32,0,0.7517989781
REN100_Normal,2031,56178.19143,54403.27664,1774.914788,0,0,3338.611878,0.8856648193,325.1052745,339.2066405,11818.02,1200,0,0.7514153704
REN100_Normal,2032,58406.27812,56460.63756,1945.640563,0,0,4146.709074,0.8631884679,337.9992947,352.6599358,11811.82,0,0,0.754732142
REN100_Normal,2033,61161.90812,59265.19737,1896.710754,0,0,3357.960484,0.8943927513,353.9462276,369.2985632,13061.82,1250,900,0.7585290154
REN100_Normal,2034,63447.06789,61571.62766,1875.440237,0,0,3413.919567,0.8950148979,367.1705318,383.0964686,13889.12,832.5,300,0.755120099
REN100_Normal,2035,65882.66348,63820.07089,2062.592586,0,0,3642.2687,0.8928910376,381.2654136,397.8027127,14537.56,654.3,0,0.75308647
REN100_Normal,2036,68248.52347,66336.31298,1912.210486,0,0,4038.924077,0.8883875651,394.956733,412.0878899,14937.76,400.2,0,0.7502100874
REN100_Normal,2037,70654.3691,68754.43485,1899.934248,0,0,3680.667036,0.900584388,408.8794508,426.6145023,15132.64,651,0,0.751727039
REN100_Normal,2038,73013.39919,71172.02821,1841.370978,0,0,3625.841922,0.9078647493,422.5312453,440.8584402,15666.28,543.3,0,0.7531010464
REN100_Normal,2039,75416.08565,73474.77599,1941.309655,0,0,3853.969375,0.9063606672,436.4356808,455.3659774,16088.08,421.8,0,0.7498358805
REN100_Normal,2040,77862.57558,76049.35115,1813.22443,0,0,3745.71572,0.9134571501,450.5936087,470.1380021,16669.28,595.7,0,0.7489563871
REN100_Normal,2041,80262.67633,78403.38652,1859.289812,0,0,3623.965346,0.9181892072,464.4830806,484.6299267,16949.78,280.5,0,0.7572896537
REN100_Normal,2042,82648.26494,80727.45981,1920.805125,0,0,3741.958069,0.9194526763,478.2885702,499.0342262,17432.92,613.74,0,0.7506347255
REN100_Normal,2043,85037.61631,83169.14288,1868.473425,0,0,3182.983702,0.931923902,492.1158351,513.4612455,18125.52,692.6,0,0.7565531547
REN100_Normal,2044,87436.65378,85501.12277,1935.531013,0,0,3240.196357,0.9328473538,505.9991538,527.94675,18677.12,551.6,0,0.7543729474
REN100_Normal,2045,89850.84437,87935.97712,1914.729945,0.137309778,0,2700.840606,0.944,519.9701642,542.5237497,19475.62,798.5,0,0.7506930941
REN100_Normal,2046,92249.6578,90510.73231,1738.92549,0,0,1671.735585,0.9633314051,533.8521863,557.0079013,20613.22,1172,0,0.7514745622
REN100_Normal,2047,94651.46047,92836.08647,1815.373997,0,0,1540.25506,0.9664,547.7515074,571.5101022,21063.82,453.55,10,0.7548610468
REN100_Normal,2048,97054.19303,95415.85465,1638.338388,0,0,912.4062843,0.9776,561.6562097,586.0179177,22211.82,1200,0,0.7496138306
REN100_Normal,2049,99455.32689,97599.45822,1855.868667,0,0,541.636463,0.9888,575.5516602,600.5160802,22632.52,837.7,40,0.7526773461
REN100_Normal,2050,101854.7862,97985.4674,1844.8638,2024.455007,0,0,1,589.4374202,615.0041318,22540.62,41.7,20,0.7554698456
REN100_Extreme,2025,42315.65928,40307.64442,2008.01486,0,0,5184.644343,0.8095010322,244.8822875,255.504,8702.37,502.32,0,0.7004158471
REN100_Extreme,2026,43978.79934,42048.02301,1930.776328,0,0,5632.001929,0.8011177727,254.5069406,265.5461203,9171.97,469.6,0,0.7020389485
REN100_Extreme,2027,46628.19576,44638.97017,1974.967013,14.25857795,0,6171.004586,0.786903672,269.8390959,281.5433042,9499.68,527.71,0,0.6997946701
REN100_Extreme,2028,48673.85912,46867.0827,1806.776414,0,0,4485.671219,0.8228531646,281.6774255,293.8951186,10835.68,1360,0,0.7027255944
REN100_Extreme,2029,51918.02421,50001.91461,1916.109601,0,0,6331.177865,0.7722855073,300.451529,313.4835445,11135.68,400,0,0.698080576
REN100_Extreme,2030,54108.85451,50414.75717,3295.214564,398.8827841,0,6566.767571,0.776,313.1299451,326.711884,11098.02,330,0,0.6969427723
REN100_Extreme,2031,56178.19143,54403.27664,1774.914788,0,0,5152.357109,0.836588187,325.1052745,339.2066405,12298.02,1200,0,0.6976242891
REN100_Extreme,2032,58406.27812,56415.02872,1945.640563,45.6088384,0,5920.121565,0.8173777855,337.9992947,352.6599358,12291.82,0,0,0.7014948465
REN100_Extreme,2033,61161.90812,59265.19737,1896.710754,0,0,4551.593174,0.8675769058,353.9462276,369.2985632,14047.72,1755.9,1200,0.7046973746
REN100_Extreme,2034,63447.06789,61571.62766,1875.440237,0,0,4692.353861,0.8677111335,367.1705318,383.0964686,14840.62,798.1,0,0.7020097825
REN100_Extreme,2035,65882.66348,63820.07089,2062.592586,0,0,5493.272091,0.8530630664,381.2654136,397.8027127,15108.76,274,0,0.6993161093
REN100_Extreme,2036,68248.52347,66336.31298,1912.210486,0,0,5308.240157,0.865851567,394.956733,412.0878899,15833.24,724.48,0,0.6958326955
REN100_Extreme,2037,70654.3691,68754.43485,1899.934248,0,0,4598.497603,0.8857355219,408.8794508,426.6145023,16293.18,916.06,0,0.6980581795
REN100_Extreme,2038,73013.39919,71172.02821,1841.370978,0,0,5081.717827,0.8799784863,422.5312453,440.8584402,16684.32,400.8,0,0.6992012005
REN100_Extreme,2039,75416.08565,73474.77599,1941.309655,0,0,4638.372405,0.8923448015,436.4356808,455.3659774,17647.72,963.4,0,0.6962542539
REN100_Extreme,2040,77862.57558,76049.35115,1813.22443,0,0,4779.561829,0.8931103783,450.5936087,470.1380021,18299.27,666.05,0,0.6942907101
REN100_Extreme,2041,80262.67633,78403.16432,1859.289812,0.2222017164,0,4465.113206,0.9021326016,464.4830806,484.6299267,18654.67,355.4,0,0.7041210484
REN100_Extreme,2042,82648.26494,80727.45981,1920.805125,0,0,4199.039097,0.9104033017,478.2885702,499.0342262,19582.07,1058,0,0.695954604
REN100_Extreme,2043,85037.61631,83169.14288,1868.473425,0,0,3744.307615,0.9216698839,492.1158351,513.4612455,20064.67,482.6,0,0.7038603011
REN100_Extreme,2044,87436.65378,85501.12277,1935.531013,0,0,3247.333455,0.9328284928,505.9991538,527.94675,21236.67,1172,0,0.7010475422
REN100_Extreme,2045,89850.84437,87936.11443,1914.729945,0,0,2318.181155,0.9511956916,519.9701642,542.5237497,22436.67,1200,0,0.6970879664
REN100_Extreme,2046,92249.6578,90368.25833,1881.399472,0,0,2158.483162,0.955215712,533.8521863,557.0079013,22948.47,546.2,0,0.696653166
REN100_Extreme,2047,94651.46047,94651.46047,0,0,0,225.7855626,0.9935401841,547.7515074,571.5101022,26125.52,3180,0,0.7011571981
REN100_Extreme,2048,97054.19303,96625.49231,428.7007222,0,0,912.2452464,0.9793719881,561.6562097,586.0179177,26073.52,0,0,0.6946075472
REN100_Extreme,2049,99455.32689,97600.19492,1855.131963,0,0,438.2246706,0.9888,575.5516602,600.5160802,26141.32,484.8,10,0.6983454567
REN100_Extreme,2050,101854.7862,98008.85729,1844.8638,2001.065124,0,0,1,589.4374202,615.0041318,26105.82,98.1,60,0.7017523345
