Case,Year,FuelCategory,CO2_kt,Unit
BAU_Normal,2025,HYDRO,0.000000000,ktCO2
BAU_Normal,2025,PV,0.000000000,ktCO2
BAU_Normal,2025,WIND,0.000000000,ktCO2
BAU_Normal,2025,GEOTHERMAL,0.000000000,ktCO2
BAU_Normal,2025,BIOENERGY,0.000000000,ktCO2
BAU_Normal,2025,DIESEL,0.000000000,ktCO2
BAU_Normal,2025,FUEL OIL,3331.452772143,ktCO2
BAU_Normal,2025,GAS,313.082957403,ktCO2
BAU_Normal,2025,IMPORTS,0.000000000,ktCO2
BAU_Normal,2025,OTHER,0.000000000,ktCO2
BAU_Normal,2026,HYDRO,0.000000000,ktCO2
BAU_Normal,2026,PV,0.000000000,ktCO2
BAU_Normal,2026,WIND,0.000000000,ktCO2
BAU_Normal,2026,GEOTHERMAL,0.000000000,ktCO2
BAU_Normal,2026,BIOENERGY,0.000000000,ktCO2
BAU_Normal,2026,DIESEL,0.000000000,ktCO2
BAU_Normal,2026,FUEL OIL,3556.912855449,ktCO2
BAU_Normal,2026,GAS,347.578487571,ktCO2
BAU_Normal,2026,IMPORTS,0.000000000,ktCO2
BAU_Normal,2026,OTHER,0.000000000,ktCO2
BAU_Normal,2027,HYDRO,0.000000000,ktCO2
BAU_Normal,2027,PV,0.000000000,ktCO2
BAU_Normal,2027,WIND,0.000000000,ktCO2
BAU_Normal,2027,GEOTHERMAL,0.000000000,ktCO2
BAU_Normal,2027,BIOENERGY,0.000000000,ktCO2
BAU_Normal,2027,DIESEL,226.130621514,ktCO2
BAU_Normal,2027,FUEL OIL,3453.076703381,ktCO2
BAU_Normal,2027,GAS,781.568897218,ktCO2
BAU_Normal,2027,IMPORTS,0.000000000,ktCO2
BAU_Normal,2027,OTHER,0.000000000,ktCO2
BAU_Normal,2028,HYDRO,0.000000000,ktCO2
BAU_Normal,2028,PV,0.000000000,ktCO2
BAU_Normal,2028,WIND,0.000000000,ktCO2
BAU_Normal,2028,GEOTHERMAL,0.000000000,ktCO2
BAU_Normal,2028,BIOENERGY,0.000000000,ktCO2
BAU_Normal,2028,DIESEL,0.000000000,ktCO2
BAU_Normal,2028,FUEL OIL,2720.069896847,ktCO2
BAU_Normal,2028,GAS,1402.210888740,ktCO2
BAU_Normal,2028,IMPORTS,0.000000000,ktCO2
BAU_Normal,2028,OTHER,0.000000000,ktCO2
BAU_Normal,2029,HYDRO,0.000000000,ktCO2
BAU_Normal,2029,PV,0.000000000,ktCO2
BAU_Normal,2029,WIND,0.000000000,ktCO2
BAU_Normal,2029,GEOTHERMAL,0.000000000,ktCO2
BAU_Normal,2029,BIOENERGY,0.000000000,ktCO2
BAU_Normal,2029,DIESEL,378.844454155,ktCO2
BAU_Normal,2029,FUEL OIL,3411.730178668,ktCO2
BAU_Normal,2029,GAS,1905.757871551,ktCO2
BAU_Normal,2029,IMPORTS,0.000000000,ktCO2
BAU_Normal,2029,OTHER,0.000000000,ktCO2
BAU_Normal,2030,HYDRO,0.000000000,ktCO2
BAU_Normal,2030,PV,0.000000000,ktCO2
BAU_Normal,2030,WIND,0.000000000,ktCO2
BAU_Normal,2030,GEOTHERMAL,0.000000000,ktCO2
BAU_Normal,2030,BIOENERGY,0.000000000,ktCO2
BAU_Normal,2030,DIESEL,472.671958598,ktCO2
BAU_Normal,2030,FUEL OIL,3730.367418099,ktCO2
BAU_Normal,2030,GAS,2697.303065862,ktCO2
BAU_Normal,2030,IMPORTS,0.000000000,ktCO2
BAU_Normal,2030,OTHER,0.000000000,ktCO2
BAU_Normal,2031,HYDRO,0.000000000,ktCO2
BAU_Normal,2031,PV,0.000000000,ktCO2
BAU_Normal,2031,WIND,0.000000000,ktCO2
BAU_Normal,2031,GEOTHERMAL,0.000000000,ktCO2
BAU_Normal,2031,BIOENERGY,0.000000000,ktCO2
BAU_Normal,2031,DIESEL,0.000000000,ktCO2
BAU_Normal,2031,FUEL OIL,1712.247071579,ktCO2
BAU_Normal,2031,GAS,1464.654829217,ktCO2
BAU_Normal,2031,IMPORTS,0.000000000,ktCO2
BAU_Normal,2031,OTHER,0.000000000,ktCO2
BAU_Normal,2032,HYDRO,0.000000000,ktCO2
BAU_Normal,2032,PV,0.000000000,ktCO2
BAU_Normal,2032,WIND,0.000000000,ktCO2
BAU_Normal,2032,GEOTHERMAL,0.000000000,ktCO2
BAU_Normal,2032,BIOENERGY,0.000000000,ktCO2
BAU_Normal,2032,DIESEL,36.265935363,ktCO2
BAU_Normal,2032,FUEL OIL,2180.265693252,ktCO2
BAU_Normal,2032,GAS,1930.184202845,ktCO2
BAU_Normal,2032,IMPORTS,0.000000000,ktCO2
BAU_Normal,2032,OTHER,0.000000000,ktCO2
BAU_Normal,2033,HYDRO,0.000000000,ktCO2
BAU_Normal,2033,PV,0.000000000,ktCO2
BAU_Normal,2033,WIND,0.000000000,ktCO2
BAU_Normal,2033,GEOTHERMAL,0.000000000,ktCO2
BAU_Normal,2033,BIOENERGY,0.000000000,ktCO2
BAU_Normal,2033,DIESEL,0.000000000,ktCO2
BAU_Normal,2033,FUEL OIL,1867.532038380,ktCO2
BAU_Normal,2033,GAS,1643.763678720,ktCO2
BAU_Normal,2033,IMPORTS,0.000000000,ktCO2
BAU_Normal,2033,OTHER,0.000000000,ktCO2
BAU_Normal,2034,HYDRO,0.000000000,ktCO2
BAU_Normal,2034,PV,0.000000000,ktCO2
BAU_Normal,2034,WIND,0.000000000,ktCO2
BAU_Normal,2034,GEOTHERMAL,0.000000000,ktCO2
BAU_Normal,2034,BIOENERGY,0.000000000,ktCO2
BAU_Normal,2034,DIESEL,0.000000000,ktCO2
BAU_Normal,2034,FUEL OIL,1864.224450336,ktCO2
BAU_Normal,2034,GAS,1520.783744137,ktCO2
BAU_Normal,2034,IMPORTS,0.000000000,ktCO2
BAU_Normal,2034,OTHER,0.000000000,ktCO2
BAU_Normal,2035,HYDRO,0.000000000,ktCO2
BAU_Normal,2035,PV,0.000000000,ktCO2
BAU_Normal,2035,WIND,0.000000000,ktCO2
BAU_Normal,2035,GEOTHERMAL,0.000000000,ktCO2
BAU_Normal,2035,BIOENERGY,0.000000000,ktCO2
BAU_Normal,2035,DIESEL,0.000000000,ktCO2
BAU_Normal,2035,FUEL OIL,1884.488930319,ktCO2
BAU_Normal,2035,GAS,1688.368626542,ktCO2
BAU_Normal,2035,IMPORTS,0.000000000,ktCO2
BAU_Normal,2035,OTHER,0.000000000,ktCO2
BAU_Normal,2036,HYDRO,0.000000000,ktCO2
BAU_Normal,2036,PV,0.000000000,ktCO2
BAU_Normal,2036,WIND,0.000000000,ktCO2
BAU_Normal,2036,GEOTHERMAL,0.000000000,ktCO2
BAU_Normal,2036,BIOENERGY,0.000000000,ktCO2
BAU_Normal,2036,DIESEL,60.949391803,ktCO2
BAU_Normal,2036,FUEL OIL,2063.662280697,ktCO2
BAU_Normal,2036,GAS,1750.098823318,ktCO2
BAU_Normal,2036,IMPORTS,0.000000000,ktCO2
BAU_Normal,2036,OTHER,0.000000000,ktCO2
BAU_Normal,2037,HYDRO,0.000000000,ktCO2
BAU_Normal,2037,PV,0.000000000,ktCO2
BAU_Normal,2037,WIND,0.000000000,ktCO2
BAU_Normal,2037,GEOTHERMAL,0.000000000,ktCO2
BAU_Normal,2037,BIOENERGY,0.000000000,ktCO2
BAU_Normal,2037,DIESEL,108.609302817,ktCO2
BAU_Normal,2037,FUEL OIL,2028.215026843,ktCO2
BAU_Normal,2037,GAS,1823.526279294,ktCO2
BAU_Normal,2037,IMPORTS,0.000000000,ktCO2
BAU_Normal,2037,OTHER,0.000000000,ktCO2
BAU_Normal,2038,HYDRO,0.000000000,ktCO2
BAU_Normal,2038,PV,0.000000000,ktCO2
BAU_Normal,2038,WIND,0.000000000,ktCO2
BAU_Normal,2038,GEOTHERMAL,0.000000000,ktCO2
BAU_Normal,2038,BIOENERGY,0.000000000,ktCO2
BAU_Normal,2038,DIESEL,34.831216003,ktCO2
BAU_Normal,2038,FUEL OIL,2046.429371632,ktCO2
BAU_Normal,2038,GAS,1735.039638850,ktCO2
BAU_Normal,2038,IMPORTS,0.000000000,ktCO2
BAU_Normal,2038,OTHER,0.000000000,ktCO2
BAU_Normal,2039,HYDRO,0.000000000,ktCO2
BAU_Normal,2039,PV,0.000000000,ktCO2
BAU_Normal,2039,WIND,0.000000000,ktCO2
BAU_Normal,2039,GEOTHERMAL,0.000000000,ktCO2
BAU_Normal,2039,BIOENERGY,0.000000000,ktCO2
BAU_Normal,2039,DIESEL,358.575116039,ktCO2
BAU_Normal,2039,FUEL OIL,2126.769101762,ktCO2
BAU_Normal,2039,GAS,1844.110966665,ktCO2
BAU_Normal,2039,IMPORTS,0.000000000,ktCO2
BAU_Normal,2039,OTHER,0.000000000,ktCO2
BAU_Normal,2040,HYDRO,0.000000000,ktCO2
BAU_Normal,2040,PV,0.000000000,ktCO2
BAU_Normal,2040,WIND,0.000000000,ktCO2
BAU_Normal,2040,GEOTHERMAL,0.000000000,ktCO2
BAU_Normal,2040,BIOENERGY,0.000000000,ktCO2
BAU_Normal,2040,DIESEL,2.832785306,ktCO2
BAU_Normal,2040,FUEL OIL,1623.601215973,ktCO2
BAU_Normal,2040,GAS,1455.994734345,ktCO2
BAU_Normal,2040,IMPORTS,0.000000000,ktCO2
BAU_Normal,2040,OTHER,0.000000000,ktCO2
BAU_Normal,2041,HYDRO,0.000000000,ktCO2
BAU_Normal,2041,PV,0.000000000,ktCO2
BAU_Normal,2041,WIND,0.000000000,ktCO2
BAU_Normal,2041,GEOTHERMAL,0.000000000,ktCO2
BAU_Normal,2041,BIOENERGY,0.000000000,ktCO2
BAU_Normal,2041,DIESEL,59.834080768,ktCO2
BAU_Normal,2041,FUEL OIL,1716.219647654,ktCO2
BAU_Normal,2041,GAS,1557.593805010,ktCO2
BAU_Normal,2041,IMPORTS,0.000000000,ktCO2
BAU_Normal,2041,OTHER,0.000000000,ktCO2
BAU_Normal,2042,HYDRO,0.000000000,ktCO2
BAU_Normal,2042,PV,0.000000000,ktCO2
BAU_Normal,2042,WIND,0.000000000,ktCO2
BAU_Normal,2042,GEOTHERMAL,0.000000000,ktCO2
BAU_Normal,2042,BIOENERGY,0.000000000,ktCO2
BAU_Normal,2042,DIESEL,217.213369431,ktCO2
BAU_Normal,2042,FUEL OIL,1985.868382237,ktCO2
BAU_Normal,2042,GAS,1392.736559564,ktCO2
BAU_Normal,2042,IMPORTS,0.000000000,ktCO2
BAU_Normal,2042,OTHER,0.000000000,ktCO2
BAU_Normal,2043,HYDRO,0.000000000,ktCO2
BAU_Normal,2043,PV,0.000000000,ktCO2
BAU_Normal,2043,WIND,0.000000000,ktCO2
BAU_Normal,2043,GEOTHERMAL,0.000000000,ktCO2
BAU_Normal,2043,BIOENERGY,0.000000000,ktCO2
BAU_Normal,2043,DIESEL,131.952291533,ktCO2
BAU_Normal,2043,FUEL OIL,1609.940916659,ktCO2
BAU_Normal,2043,GAS,1097.282212537,ktCO2
BAU_Normal,2043,IMPORTS,0.000000000,ktCO2
BAU_Normal,2043,OTHER,0.000000000,ktCO2
BAU_Normal,2044,HYDRO,0.000000000,ktCO2
BAU_Normal,2044,PV,0.000000000,ktCO2
BAU_Normal,2044,WIND,0.000000000,ktCO2
BAU_Normal,2044,GEOTHERMAL,0.000000000,ktCO2
BAU_Normal,2044,BIOENERGY,0.000000000,ktCO2
BAU_Normal,2044,DIESEL,272.533844036,ktCO2
BAU_Normal,2044,FUEL OIL,1893.947806269,ktCO2
BAU_Normal,2044,GAS,1337.396374217,ktCO2
BAU_Normal,2044,IMPORTS,0.000000000,ktCO2
BAU_Normal,2044,OTHER,0.000000000,ktCO2
BAU_Normal,2045,HYDRO,0.000000000,ktCO2
BAU_Normal,2045,PV,0.000000000,ktCO2
BAU_Normal,2045,WIND,0.000000000,ktCO2
BAU_Normal,2045,GEOTHERMAL,0.000000000,ktCO2
BAU_Normal,2045,BIOENERGY,0.000000000,ktCO2
BAU_Normal,2045,DIESEL,177.062172150,ktCO2
BAU_Normal,2045,FUEL OIL,1862.141899171,ktCO2
BAU_Normal,2045,GAS,1283.426905760,ktCO2
BAU_Normal,2045,IMPORTS,0.000000000,ktCO2
BAU_Normal,2045,OTHER,0.000000000,ktCO2
BAU_Normal,2046,HYDRO,0.000000000,ktCO2
BAU_Normal,2046,PV,0.000000000,ktCO2
BAU_Normal,2046,WIND,0.000000000,ktCO2
BAU_Normal,2046,GEOTHERMAL,0.000000000,ktCO2
BAU_Normal,2046,BIOENERGY,0.000000000,ktCO2
BAU_Normal,2046,DIESEL,51.649896971,ktCO2
BAU_Normal,2046,FUEL OIL,1710.503357189,ktCO2
BAU_Normal,2046,GAS,1186.057795988,ktCO2
BAU_Normal,2046,IMPORTS,0.000000000,ktCO2
BAU_Normal,2046,OTHER,0.000000000,ktCO2
BAU_Normal,2047,HYDRO,0.000000000,ktCO2
BAU_Normal,2047,PV,0.000000000,ktCO2
BAU_Normal,2047,WIND,0.000000000,ktCO2
BAU_Normal,2047,GEOTHERMAL,0.000000000,ktCO2
BAU_Normal,2047,BIOENERGY,0.000000000,ktCO2
BAU_Normal,2047,DIESEL,190.288818516,ktCO2
BAU_Normal,2047,FUEL OIL,2150.696163585,ktCO2
BAU_Normal,2047,GAS,1273.463174555,ktCO2
BAU_Normal,2047,IMPORTS,0.000000000,ktCO2
BAU_Normal,2047,OTHER,0.000000000,ktCO2
BAU_Normal,2048,HYDRO,0.000000000,ktCO2
BAU_Normal,2048,PV,0.000000000,ktCO2
BAU_Normal,2048,WIND,0.000000000,ktCO2
BAU_Normal,2048,GEOTHERMAL,0.000000000,ktCO2
BAU_Normal,2048,BIOENERGY,0.000000000,ktCO2
BAU_Normal,2048,DIESEL,126.297193324,ktCO2
BAU_Normal,2048,FUEL OIL,3389.244994768,ktCO2
BAU_Normal,2048,GAS,1283.321607691,ktCO2
BAU_Normal,2048,IMPORTS,0.000000000,ktCO2
BAU_Normal,2048,OTHER,0.000000000,ktCO2
BAU_Normal,2049,HYDRO,0.000000000,ktCO2
BAU_Normal,2049,PV,0.000000000,ktCO2
BAU_Normal,2049,WIND,0.000000000,ktCO2
BAU_Normal,2049,GEOTHERMAL,0.000000000,ktCO2
BAU_Normal,2049,BIOENERGY,0.000000000,ktCO2
BAU_Normal,2049,DIESEL,80.653220099,ktCO2
BAU_Normal,2049,FUEL OIL,3879.703220709,ktCO2
BAU_Normal,2049,GAS,1310.822317672,ktCO2
BAU_Normal,2049,IMPORTS,0.000000000,ktCO2
BAU_Normal,2049,OTHER,0.000000000,ktCO2
BAU_Normal,2050,HYDRO,0.000000000,ktCO2
BAU_Normal,2050,PV,0.000000000,ktCO2
BAU_Normal,2050,WIND,0.000000000,ktCO2
BAU_Normal,2050,GEOTHERMAL,0.000000000,ktCO2
BAU_Normal,2050,BIOENERGY,0.000000000,ktCO2
BAU_Normal,2050,DIESEL,230.293402139,ktCO2
BAU_Normal,2050,FUEL OIL,4606.092203434,ktCO2
BAU_Normal,2050,GAS,1534.630725902,ktCO2
BAU_Normal,2050,IMPORTS,0.000000000,ktCO2
BAU_Normal,2050,OTHER,0.000000000,ktCO2
BAU_Extreme,2025,HYDRO,0.000000000,ktCO2
BAU_Extreme,2025,PV,0.000000000,ktCO2
BAU_Extreme,2025,WIND,0.000000000,ktCO2
BAU_Extreme,2025,GEOTHERMAL,0.000000000,ktCO2
BAU_Extreme,2025,BIOENERGY,0.000000000,ktCO2
BAU_Extreme,2025,DIESEL,489.590127406,ktCO2
BAU_Extreme,2025,FUEL OIL,3781.098934910,ktCO2
BAU_Extreme,2025,GAS,914.004416041,ktCO2
BAU_Extreme,2025,IMPORTS,0.000000000,ktCO2
BAU_Extreme,2025,OTHER,0.000000000,ktCO2
BAU_Extreme,2026,HYDRO,0.000000000,ktCO2
BAU_Extreme,2026,PV,0.000000000,ktCO2
BAU_Extreme,2026,WIND,0.000000000,ktCO2
BAU_Extreme,2026,GEOTHERMAL,0.000000000,ktCO2
BAU_Extreme,2026,BIOENERGY,0.000000000,ktCO2
BAU_Extreme,2026,DIESEL,514.833857464,ktCO2
BAU_Extreme,2026,FUEL OIL,4044.049943398,ktCO2
BAU_Extreme,2026,GAS,1073.086443924,ktCO2
BAU_Extreme,2026,IMPORTS,0.000000000,ktCO2
BAU_Extreme,2026,OTHER,0.000000000,ktCO2
BAU_Extreme,2027,HYDRO,0.000000000,ktCO2
BAU_Extreme,2027,PV,0.000000000,ktCO2
BAU_Extreme,2027,WIND,0.000000000,ktCO2
BAU_Extreme,2027,GEOTHERMAL,0.000000000,ktCO2
BAU_Extreme,2027,BIOENERGY,0.000000000,ktCO2
BAU_Extreme,2027,DIESEL,1114.630329310,ktCO2
BAU_Extreme,2027,FUEL OIL,3714.341574960,ktCO2
BAU_Extreme,2027,GAS,1342.040352035,ktCO2
BAU_Extreme,2027,IMPORTS,0.000000000,ktCO2
BAU_Extreme,2027,OTHER,0.000000000,ktCO2
BAU_Extreme,2028,HYDRO,0.000000000,ktCO2
BAU_Extreme,2028,PV,0.000000000,ktCO2
BAU_Extreme,2028,WIND,0.000000000,ktCO2
BAU_Extreme,2028,GEOTHERMAL,0.000000000,ktCO2
BAU_Extreme,2028,BIOENERGY,0.000000000,ktCO2
BAU_Extreme,2028,DIESEL,304.223338812,ktCO2
BAU_Extreme,2028,FUEL OIL,2613.712304897,ktCO2
BAU_Extreme,2028,GAS,2129.247638124,ktCO2
BAU_Extreme,2028,IMPORTS,0.000000000,ktCO2
BAU_Extreme,2028,OTHER,0.000000000,ktCO2
BAU_Extreme,2029,HYDRO,0.000000000,ktCO2
BAU_Extreme,2029,PV,0.000000000,ktCO2
BAU_Extreme,2029,WIND,0.000000000,ktCO2
BAU_Extreme,2029,GEOTHERMAL,0.000000000,ktCO2
BAU_Extreme,2029,BIOENERGY,0.000000000,ktCO2
BAU_Extreme,2029,DIESEL,614.682994260,ktCO2
BAU_Extreme,2029,FUEL OIL,3632.747591860,ktCO2
BAU_Extreme,2029,GAS,2246.072436023,ktCO2
BAU_Extreme,2029,IMPORTS,0.000000000,ktCO2
BAU_Extreme,2029,OTHER,0.000000000,ktCO2
BAU_Extreme,2030,HYDRO,0.000000000,ktCO2
BAU_Extreme,2030,PV,0.000000000,ktCO2
BAU_Extreme,2030,WIND,0.000000000,ktCO2
BAU_Extreme,2030,GEOTHERMAL,0.000000000,ktCO2
BAU_Extreme,2030,BIOENERGY,0.000000000,ktCO2
BAU_Extreme,2030,DIESEL,205.018254868,ktCO2
BAU_Extreme,2030,FUEL OIL,5091.915700154,ktCO2
BAU_Extreme,2030,GAS,2353.144998620,ktCO2
BAU_Extreme,2030,IMPORTS,0.000000000,ktCO2
BAU_Extreme,2030,OTHER,0.000000000,ktCO2
BAU_Extreme,2031,HYDRO,0.000000000,ktCO2
BAU_Extreme,2031,PV,0.000000000,ktCO2
BAU_Extreme,2031,WIND,0.000000000,ktCO2
BAU_Extreme,2031,GEOTHERMAL,0.000000000,ktCO2
BAU_Extreme,2031,BIOENERGY,0.000000000,ktCO2
BAU_Extreme,2031,DIESEL,672.349287381,ktCO2
BAU_Extreme,2031,FUEL OIL,5527.077323207,ktCO2
BAU_Extreme,2031,GAS,2517.960546710,ktCO2
BAU_Extreme,2031,IMPORTS,0.000000000,ktCO2
BAU_Extreme,2031,OTHER,0.000000000,ktCO2
BAU_Extreme,2032,HYDRO,0.000000000,ktCO2
BAU_Extreme,2032,PV,0.000000000,ktCO2
BAU_Extreme,2032,WIND,0.000000000,ktCO2
BAU_Extreme,2032,GEOTHERMAL,0.000000000,ktCO2
BAU_Extreme,2032,BIOENERGY,0.000000000,ktCO2
BAU_Extreme,2032,DIESEL,0.000000000,ktCO2
BAU_Extreme,2032,FUEL OIL,4286.018895395,ktCO2
BAU_Extreme,2032,GAS,1958.511227569,ktCO2
BAU_Extreme,2032,IMPORTS,0.000000000,ktCO2
BAU_Extreme,2032,OTHER,0.000000000,ktCO2
BAU_Extreme,2033,HYDRO,0.000000000,ktCO2
BAU_Extreme,2033,PV,0.000000000,ktCO2
BAU_Extreme,2033,WIND,0.000000000,ktCO2
BAU_Extreme,2033,GEOTHERMAL,0.000000000,ktCO2
BAU_Extreme,2033,BIOENERGY,0.000000000,ktCO2
BAU_Extreme,2033,DIESEL,0.000000000,ktCO2
BAU_Extreme,2033,FUEL OIL,3768.072868565,ktCO2
BAU_Extreme,2033,GAS,1413.528351508,ktCO2
BAU_Extreme,2033,IMPORTS,0.000000000,ktCO2
BAU_Extreme,2033,OTHER,0.000000000,ktCO2
BAU_Extreme,2034,HYDRO,0.000000000,ktCO2
BAU_Extreme,2034,PV,0.000000000,ktCO2
BAU_Extreme,2034,WIND,0.000000000,ktCO2
BAU_Extreme,2034,GEOTHERMAL,0.000000000,ktCO2
BAU_Extreme,2034,BIOENERGY,0.000000000,ktCO2
BAU_Extreme,2034,DIESEL,0.000000000,ktCO2
BAU_Extreme,2034,FUEL OIL,4073.128408327,ktCO2
BAU_Extreme,2034,GAS,1571.379877703,ktCO2
BAU_Extreme,2034,IMPORTS,0.000000000,ktCO2
BAU_Extreme,2034,OTHER,0.000000000,ktCO2
BAU_Extreme,2035,HYDRO,0.000000000,ktCO2
BAU_Extreme,2035,PV,0.000000000,ktCO2
BAU_Extreme,2035,WIND,0.000000000,ktCO2
BAU_Extreme,2035,GEOTHERMAL,0.000000000,ktCO2
BAU_Extreme,2035,BIOENERGY,0.000000000,ktCO2
BAU_Extreme,2035,DIESEL,18.190565904,ktCO2
BAU_Extreme,2035,FUEL OIL,4438.642428735,ktCO2
BAU_Extreme,2035,GAS,1891.348177397,ktCO2
BAU_Extreme,2035,IMPORTS,0.000000000,ktCO2
BAU_Extreme,2035,OTHER,0.000000000,ktCO2
BAU_Extreme,2036,HYDRO,0.000000000,ktCO2
BAU_Extreme,2036,PV,0.000000000,ktCO2
BAU_Extreme,2036,WIND,0.000000000,ktCO2
BAU_Extreme,2036,GEOTHERMAL,0.000000000,ktCO2
BAU_Extreme,2036,BIOENERGY,0.000000000,ktCO2
BAU_Extreme,2036,DIESEL,176.501898531,ktCO2
BAU_Extreme,2036,FUEL OIL,4306.870061665,ktCO2
BAU_Extreme,2036,GAS,1957.339845915,ktCO2
BAU_Extreme,2036,IMPORTS,0.000000000,ktCO2
BAU_Extreme,2036,OTHER,0.000000000,ktCO2
BAU_Extreme,2037,HYDRO,0.000000000,ktCO2
BAU_Extreme,2037,PV,0.000000000,ktCO2
BAU_Extreme,2037,WIND,0.000000000,ktCO2
BAU_Extreme,2037,GEOTHERMAL,0.000000000,ktCO2
BAU_Extreme,2037,BIOENERGY,0.000000000,ktCO2
BAU_Extreme,2037,DIESEL,75.605521327,ktCO2
BAU_Extreme,2037,FUEL OIL,4068.108254370,ktCO2
BAU_Extreme,2037,GAS,1994.463331081,ktCO2
BAU_Extreme,2037,IMPORTS,0.000000000,ktCO2
BAU_Extreme,2037,OTHER,0.000000000,ktCO2
BAU_Extreme,2038,HYDRO,0.000000000,ktCO2
BAU_Extreme,2038,PV,0.000000000,ktCO2
BAU_Extreme,2038,WIND,0.000000000,ktCO2
BAU_Extreme,2038,GEOTHERMAL,0.000000000,ktCO2
BAU_Extreme,2038,BIOENERGY,0.000000000,ktCO2
BAU_Extreme,2038,DIESEL,304.474676510,ktCO2
BAU_Extreme,2038,FUEL OIL,4055.986497996,ktCO2
BAU_Extreme,2038,GAS,1769.400107850,ktCO2
BAU_Extreme,2038,IMPORTS,0.000000000,ktCO2
BAU_Extreme,2038,OTHER,0.000000000,ktCO2
BAU_Extreme,2039,HYDRO,0.000000000,ktCO2
BAU_Extreme,2039,PV,0.000000000,ktCO2
BAU_Extreme,2039,WIND,0.000000000,ktCO2
BAU_Extreme,2039,GEOTHERMAL,0.000000000,ktCO2
BAU_Extreme,2039,BIOENERGY,0.000000000,ktCO2
BAU_Extreme,2039,DIESEL,128.381201738,ktCO2
BAU_Extreme,2039,FUEL OIL,3654.980657855,ktCO2
BAU_Extreme,2039,GAS,1570.171925212,ktCO2
BAU_Extreme,2039,IMPORTS,0.000000000,ktCO2
BAU_Extreme,2039,OTHER,0.000000000,ktCO2
BAU_Extreme,2040,HYDRO,0.000000000,ktCO2
BAU_Extreme,2040,PV,0.000000000,ktCO2
BAU_Extreme,2040,WIND,0.000000000,ktCO2
BAU_Extreme,2040,GEOTHERMAL,0.000000000,ktCO2
BAU_Extreme,2040,BIOENERGY,0.000000000,ktCO2
BAU_Extreme,2040,DIESEL,219.936194494,ktCO2
BAU_Extreme,2040,FUEL OIL,3806.678314431,ktCO2
BAU_Extreme,2040,GAS,1604.387508993,ktCO2
BAU_Extreme,2040,IMPORTS,0.000000000,ktCO2
BAU_Extreme,2040,OTHER,0.000000000,ktCO2
BAU_Extreme,2041,HYDRO,0.000000000,ktCO2
BAU_Extreme,2041,PV,0.000000000,ktCO2
BAU_Extreme,2041,WIND,0.000000000,ktCO2
BAU_Extreme,2041,GEOTHERMAL,0.000000000,ktCO2
BAU_Extreme,2041,BIOENERGY,0.000000000,ktCO2
BAU_Extreme,2041,DIESEL,126.035383222,ktCO2
BAU_Extreme,2041,FUEL OIL,3909.050875227,ktCO2
BAU_Extreme,2041,GAS,1359.874246519,ktCO2
BAU_Extreme,2041,IMPORTS,0.000000000,ktCO2
BAU_Extreme,2041,OTHER,0.000000000,ktCO2
BAU_Extreme,2042,HYDRO,0.000000000,ktCO2
BAU_Extreme,2042,PV,0.000000000,ktCO2
BAU_Extreme,2042,WIND,0.000000000,ktCO2
BAU_Extreme,2042,GEOTHERMAL,0.000000000,ktCO2
BAU_Extreme,2042,BIOENERGY,0.000000000,ktCO2
BAU_Extreme,2042,DIESEL,257.212716852,ktCO2
BAU_Extreme,2042,FUEL OIL,4240.489996379,ktCO2
BAU_Extreme,2042,GAS,1313.312084576,ktCO2
BAU_Extreme,2042,IMPORTS,0.000000000,ktCO2
BAU_Extreme,2042,OTHER,0.000000000,ktCO2
BAU_Extreme,2043,HYDRO,0.000000000,ktCO2
BAU_Extreme,2043,PV,0.000000000,ktCO2
BAU_Extreme,2043,WIND,0.000000000,ktCO2
BAU_Extreme,2043,GEOTHERMAL,0.000000000,ktCO2
BAU_Extreme,2043,BIOENERGY,0.000000000,ktCO2
BAU_Extreme,2043,DIESEL,246.672242136,ktCO2
BAU_Extreme,2043,FUEL OIL,4227.884953310,ktCO2
BAU_Extreme,2043,GAS,1346.761049113,ktCO2
BAU_Extreme,2043,IMPORTS,0.000000000,ktCO2
BAU_Extreme,2043,OTHER,0.000000000,ktCO2
BAU_Extreme,2044,HYDRO,0.000000000,ktCO2
BAU_Extreme,2044,PV,0.000000000,ktCO2
BAU_Extreme,2044,WIND,0.000000000,ktCO2
BAU_Extreme,2044,GEOTHERMAL,0.000000000,ktCO2
BAU_Extreme,2044,BIOENERGY,0.000000000,ktCO2
BAU_Extreme,2044,DIESEL,83.229431505,ktCO2
BAU_Extreme,2044,FUEL OIL,3935.724252565,ktCO2
BAU_Extreme,2044,GAS,1178.521080289,ktCO2
BAU_Extreme,2044,IMPORTS,0.000000000,ktCO2
BAU_Extreme,2044,OTHER,0.000000000,ktCO2
BAU_Extreme,2045,HYDRO,0.000000000,ktCO2
BAU_Extreme,2045,PV,0.000000000,ktCO2
BAU_Extreme,2045,WIND,0.000000000,ktCO2
BAU_Extreme,2045,GEOTHERMAL,0.000000000,ktCO2
BAU_Extreme,2045,BIOENERGY,0.000000000,ktCO2
BAU_Extreme,2045,DIESEL,243.069735129,ktCO2
BAU_Extreme,2045,FUEL OIL,4202.561535349,ktCO2
BAU_Extreme,2045,GAS,1292.669504199,ktCO2
BAU_Extreme,2045,IMPORTS,0.000000000,ktCO2
BAU_Extreme,2045,OTHER,0.000000000,ktCO2
BAU_Extreme,2046,HYDRO,0.000000000,ktCO2
BAU_Extreme,2046,PV,0.000000000,ktCO2
BAU_Extreme,2046,WIND,0.000000000,ktCO2
BAU_Extreme,2046,GEOTHERMAL,0.000000000,ktCO2
BAU_Extreme,2046,BIOENERGY,0.000000000,ktCO2
BAU_Extreme,2046,DIESEL,220.585483548,ktCO2
BAU_Extreme,2046,FUEL OIL,4138.608882121,ktCO2
BAU_Extreme,2046,GAS,1192.478032868,ktCO2
BAU_Extreme,2046,IMPORTS,0.000000000,ktCO2
BAU_Extreme,2046,OTHER,0.000000000,ktCO2
BAU_Extreme,2047,HYDRO,0.000000000,ktCO2
BAU_Extreme,2047,PV,0.000000000,ktCO2
BAU_Extreme,2047,WIND,0.000000000,ktCO2
BAU_Extreme,2047,GEOTHERMAL,0.000000000,ktCO2
BAU_Extreme,2047,BIOENERGY,0.000000000,ktCO2
BAU_Extreme,2047,DIESEL,234.958858161,ktCO2
BAU_Extreme,2047,FUEL OIL,3978.991526149,ktCO2
BAU_Extreme,2047,GAS,1160.251488307,ktCO2
BAU_Extreme,2047,IMPORTS,0.000000000,ktCO2
BAU_Extreme,2047,OTHER,0.000000000,ktCO2
BAU_Extreme,2048,HYDRO,0.000000000,ktCO2
BAU_Extreme,2048,PV,0.000000000,ktCO2
BAU_Extreme,2048,WIND,0.000000000,ktCO2
BAU_Extreme,2048,GEOTHERMAL,0.000000000,ktCO2
BAU_Extreme,2048,BIOENERGY,0.000000000,ktCO2
BAU_Extreme,2048,DIESEL,129.616945421,ktCO2
BAU_Extreme,2048,FUEL OIL,3714.212575604,ktCO2
BAU_Extreme,2048,GAS,1215.037414340,ktCO2
BAU_Extreme,2048,IMPORTS,0.000000000,ktCO2
BAU_Extreme,2048,OTHER,0.000000000,ktCO2
BAU_Extreme,2049,HYDRO,0.000000000,ktCO2
BAU_Extreme,2049,PV,0.000000000,ktCO2
BAU_Extreme,2049,WIND,0.000000000,ktCO2
BAU_Extreme,2049,GEOTHERMAL,0.000000000,ktCO2
BAU_Extreme,2049,BIOENERGY,0.000000000,ktCO2
BAU_Extreme,2049,DIESEL,370.298972417,ktCO2
BAU_Extreme,2049,FUEL OIL,4202.441064051,ktCO2
BAU_Extreme,2049,GAS,1466.652782425,ktCO2
BAU_Extreme,2049,IMPORTS,0.000000000,ktCO2
BAU_Extreme,2049,OTHER,0.000000000,ktCO2
BAU_Extreme,2050,HYDRO,0.000000000,ktCO2
BAU_Extreme,2050,PV,0.000000000,ktCO2
BAU_Extreme,2050,WIND,0.000000000,ktCO2
BAU_Extreme,2050,GEOTHERMAL,0.000000000,ktCO2
BAU_Extreme,2050,BIOENERGY,0.000000000,ktCO2
BAU_Extreme,2050,DIESEL,727.643580976,ktCO2
BAU_Extreme,2050,FUEL OIL,4639.741887633,ktCO2
BAU_Extreme,2050,GAS,1479.323427887,ktCO2
BAU_Extreme,2050,IMPORTS,0.000000000,ktCO2
BAU_Extreme,2050,OTHER,0.000000000,ktCO2
REN100_Normal,2025,HYDRO,0.000000000,ktCO2
REN100_Normal,2025,PV,0.000000000,ktCO2
REN100_Normal,2025,WIND,0.000000000,ktCO2
REN100_Normal,2025,GEOTHERMAL,0.000000000,ktCO2
REN100_Normal,2025,BIOENERGY,0.000000000,ktCO2
REN100_Normal,2025,DIESEL,0.000000000,ktCO2
REN100_Normal,2025,FUEL OIL,3328.732978565,ktCO2
REN100_Normal,2025,GAS,313.082957403,ktCO2
REN100_Normal,2025,IMPORTS,0.000000000,ktCO2
REN100_Normal,2025,OTHER,0.000000000,ktCO2
REN100_Normal,2026,HYDRO,0.000000000,ktCO2
REN100_Normal,2026,PV,0.000000000,ktCO2
REN100_Normal,2026,WIND,0.000000000,ktCO2
REN100_Normal,2026,GEOTHERMAL,0.000000000,ktCO2
REN100_Normal,2026,BIOENERGY,0.000000000,ktCO2
REN100_Normal,2026,DIESEL,0.000000000,ktCO2
REN100_Normal,2026,FUEL OIL,3491.448056560,ktCO2
REN100_Normal,2026,GAS,357.859342139,ktCO2
REN100_Normal,2026,IMPORTS,0.000000000,ktCO2
REN100_Normal,2026,OTHER,0.000000000,ktCO2
REN100_Normal,2027,HYDRO,0.000000000,ktCO2
REN100_Normal,2027,PV,0.000000000,ktCO2
REN100_Normal,2027,WIND,0.000000000,ktCO2
REN100_Normal,2027,GEOTHERMAL,0.000000000,ktCO2
REN100_Normal,2027,BIOENERGY,0.000000000,ktCO2
REN100_Normal,2027,DIESEL,260.741917031,ktCO2
REN100_Normal,2027,FUEL OIL,3361.157373826,ktCO2
REN100_Normal,2027,GAS,790.350492083,ktCO2
REN100_Normal,2027,IMPORTS,0.000000000,ktCO2
REN100_Normal,2027,OTHER,0.000000000,ktCO2
REN100_Normal,2028,HYDRO,0.000000000,ktCO2
REN100_Normal,2028,PV,0.000000000,ktCO2
REN100_Normal,2028,WIND,0.000000000,ktCO2
REN100_Normal,2028,GEOTHERMAL,0.000000000,ktCO2
REN100_Normal,2028,BIOENERGY,0.000000000,ktCO2
REN100_Normal,2028,DIESEL,0.000000000,ktCO2
REN100_Normal,2028,FUEL OIL,2919.197310293,ktCO2
REN100_Normal,2028,GAS,1511.969393819,ktCO2
REN100_Normal,2028,IMPORTS,0.000000000,ktCO2
REN100_Normal,2028,OTHER,0.000000000,ktCO2
REN100_Normal,2029,HYDRO,0.000000000,ktCO2
REN100_Normal,2029,PV,0.000000000,ktCO2
REN100_Normal,2029,WIND,0.000000000,ktCO2
REN100_Normal,2029,GEOTHERMAL,0.000000000,ktCO2
REN100_Normal,2029,BIOENERGY,0.000000000,ktCO2
REN100_Normal,2029,DIESEL,378.844454155,ktCO2
REN100_Normal,2029,FUEL OIL,2503.960175674,ktCO2
REN100_Normal,2029,GAS,1738.058532759,ktCO2
REN100_Normal,2029,IMPORTS,0.000000000,ktCO2
REN100_Normal,2029,OTHER,0.000000000,ktCO2
REN100_Normal,2030,HYDRO,0.000000000,ktCO2
REN100_Normal,2030,PV,0.000000000,ktCO2
REN100_Normal,2030,WIND,0.000000000,ktCO2
REN100_Normal,2030,GEOTHERMAL,0.000000000,ktCO2
REN100_Normal,2030,BIOENERGY,0.000000000,ktCO2
REN100_Normal,2030,DIESEL,472.671958598,ktCO2
REN100_Normal,2030,FUEL OIL,2875.596764129,ktCO2
REN100_Normal,2030,GAS,2363.433023567,ktCO2
REN100_Normal,2030,IMPORTS,0.000000000,ktCO2
REN100_Normal,2030,OTHER,0.000000000,ktCO2
REN100_Normal,2031,HYDRO,0.000000000,ktCO2
REN100_Normal,2031,PV,0.000000000,ktCO2
REN100_Normal,2031,WIND,0.000000000,ktCO2
REN100_Normal,2031,GEOTHERMAL,0.000000000,ktCO2
REN100_Normal,2031,BIOENERGY,0.000000000,ktCO2
REN100_Normal,2031,DIESEL,0.000000000,ktCO2
REN100_Normal,2031,FUEL OIL,1859.003663136,ktCO2
REN100_Normal,2031,GAS,1479.581695513,ktCO2
REN100_Normal,2031,IMPORTS,0.000000000,ktCO2
REN100_Normal,2031,OTHER,0.000000000,ktCO2
REN100_Normal,2032,HYDRO,0.000000000,ktCO2
REN100_Normal,2032,PV,0.000000000,ktCO2
REN100_Normal,2032,WIND,0.000000000,ktCO2
REN100_Normal,2032,GEOTHERMAL,0.000000000,ktCO2
REN100_Normal,2032,BIOENERGY,0.000000000,ktCO2
REN100_Normal,2032,DIESEL,36.265935363,ktCO2
REN100_Normal,2032,FUEL OIL,2180.265693252,ktCO2
REN100_Normal,2032,GAS,1930.184202845,ktCO2
REN100_Normal,2032,IMPORTS,0.000000000,ktCO2
REN100_Normal,2032,OTHER,0.000000000,ktCO2
REN100_Normal,2033,HYDRO,0.000000000,ktCO2
REN100_Normal,2033,PV,0.000000000,ktCO2
REN100_Normal,2033,WIND,0.000000000,ktCO2
REN100_Normal,2033,GEOTHERMAL,0.000000000,ktCO2
REN100_Normal,2033,BIOENERGY,0.000000000,ktCO2
REN100_Normal,2033,DIESEL,0.000000000,ktCO2
REN100_Normal,2033,FUEL OIL,1760.936145180,ktCO2
REN100_Normal,2033,GAS,1597.032156091,ktCO2
REN100_Normal,2033,IMPORTS,0.000000000,ktCO2
REN100_Normal,2033,OTHER,0.000000000,ktCO2
REN100_Normal,2034,HYDRO,0.000000000,ktCO2
REN100_Normal,2034,PV,0.000000000,ktCO2
REN100_Normal,2034,WIND,0.000000000,ktCO2
REN100_Normal,2034,GEOTHERMAL,0.000000000,ktCO2
REN100_Normal,2034,BIOENERGY,0.000000000,ktCO2
REN100_Normal,2034,DIESEL,0.000000000,ktCO2
REN100_Normal,2034,FUEL OIL,1859.617126111,ktCO2
REN100_Normal,2034,GAS,1554.328785629,ktCO2
REN100_Normal,2034,IMPORTS,0.000000000,ktCO2
REN100_Normal,2034,OTHER,0.000000000,ktCO2
REN100_Normal,2035,HYDRO,0.000000000,ktCO2
REN100_Normal,2035,PV,0.000000000,ktCO2
REN100_Normal,2035,WIND,0.000000000,ktCO2
REN100_Normal,2035,GEOTHERMAL,0.000000000,ktCO2
REN100_Normal,2035,BIOENERGY,0.000000000,ktCO2
REN100_Normal,2035,DIESEL,0.000000000,ktCO2
REN100_Normal,2035,FUEL OIL,1947.537260469,ktCO2
REN100_Normal,2035,GAS,1694.743703042,ktCO2
REN100_Normal,2035,IMPORTS,0.000000000,ktCO2
REN100_Normal,2035,OTHER,0.000000000,ktCO2
REN100_Normal,2036,HYDRO,0.000000000,ktCO2
REN100_Normal,2036,PV,0.000000000,ktCO2
REN100_Normal,2036,WIND,0.000000000,ktCO2
REN100_Normal,2036,GEOTHERMAL,0.000000000,ktCO2
REN100_Normal,2036,BIOENERGY,0.000000000,ktCO2
REN100_Normal,2036,DIESEL,75.291349204,ktCO2
REN100_Normal,2036,FUEL OIL,2120.182916855,ktCO2
REN100_Normal,2036,GAS,1843.442888431,ktCO2
REN100_Normal,2036,IMPORTS,0.000000000,ktCO2
REN100_Normal,2036,OTHER,0.000000000,ktCO2
REN100_Normal,2037,HYDRO,0.000000000,ktCO2
REN100_Normal,2037,PV,0.000000000,ktCO2
REN100_Normal,2037,WIND,0.000000000,ktCO2
REN100_Normal,2037,GEOTHERMAL,0.000000000,ktCO2
REN100_Normal,2037,BIOENERGY,0.000000000,ktCO2
REN100_Normal,2037,DIESEL,61.017462430,ktCO2
REN100_Normal,2037,FUEL OIL,1830.045384570,ktCO2
REN100_Normal,2037,GAS,1789.599894647,ktCO2
REN100_Normal,2037,IMPORTS,0.000000000,ktCO2
REN100_Normal,2037,OTHER,0.000000000,ktCO2
REN100_Normal,2038,HYDRO,0.000000000,ktCO2
REN100_Normal,2038,PV,0.000000000,ktCO2
REN100_Normal,2038,WIND,0.000000000,ktCO2
REN100_Normal,2038,GEOTHERMAL,0.000000000,ktCO2
REN100_Normal,2038,BIOENERGY,0.000000000,ktCO2
REN100_Normal,2038,DIESEL,16.923405009,ktCO2
REN100_Normal,2038,FUEL OIL,1890.581516420,ktCO2
REN100_Normal,2038,GAS,1718.337858970,ktCO2
REN100_Normal,2038,IMPORTS,0.000000000,ktCO2
REN100_Normal,2038,OTHER,0.000000000,ktCO2
REN100_Normal,2039,HYDRO,0.000000000,ktCO2
REN100_Normal,2039,PV,0.000000000,ktCO2
REN100_Normal,2039,WIND,0.000000000,ktCO2
REN100_Normal,2039,GEOTHERMAL,0.000000000,ktCO2
REN100_Normal,2039,BIOENERGY,0.000000000,ktCO2
REN100_Normal,2039,DIESEL,189.304412531,ktCO2
REN100_Normal,2039,FUEL OIL,1953.380985471,ktCO2
REN100_Normal,2039,GAS,1711.270763007,ktCO2
REN100_Normal,2039,IMPORTS,0.000000000,ktCO2
REN100_Normal,2039,OTHER,0.000000000,ktCO2
REN100_Normal,2040,HYDRO,0.000000000,ktCO2
REN100_Normal,2040,PV,0.000000000,ktCO2
REN100_Normal,2040,WIND,0.000000000,ktCO2
REN100_Normal,2040,GEOTHERMAL,0.000000000,ktCO2
REN100_Normal,2040,BIOENERGY,0.000000000,ktCO2
REN100_Normal,2040,DIESEL,187.267529936,ktCO2
REN100_Normal,2040,FUEL OIL,1932.988814455,ktCO2
REN100_Normal,2040,GAS,1625.444698198,ktCO2
REN100_Normal,2040,IMPORTS,0.000000000,ktCO2
REN100_Normal,2040,OTHER,0.000000000,ktCO2
REN100_Normal,2041,HYDRO,0.000000000,ktCO2
REN100_Normal,2041,PV,0.000000000,ktCO2
REN100_Normal,2041,WIND,0.000000000,ktCO2
REN100_Normal,2041,GEOTHERMAL,0.000000000,ktCO2
REN100_Normal,2041,BIOENERGY,0.000000000,ktCO2
REN100_Normal,2041,DIESEL,139.848484217,ktCO2
REN100_Normal,2041,FUEL OIL,1880.747384344,ktCO2
REN100_Normal,2041,GAS,1603.375553903,ktCO2
REN100_Normal,2041,IMPORTS,0.000000000,ktCO2
REN100_Normal,2041,OTHER,0.000000000,ktCO2
REN100_Normal,2042,HYDRO,0.000000000,ktCO2
REN100_Normal,2042,PV,0.000000000,ktCO2
REN100_Normal,2042,WIND,0.000000000,ktCO2
REN100_Normal,2042,GEOTHERMAL,0.000000000,ktCO2
REN100_Normal,2042,BIOENERGY,0.000000000,ktCO2
REN100_Normal,2042,DIESEL,333.331385980,ktCO2
REN100_Normal,2042,FUEL OIL,2015.898373243,ktCO2
REN100_Normal,2042,GAS,1392.736559564,ktCO2
REN100_Normal,2042,IMPORTS,0.000000000,ktCO2
REN100_Normal,2042,OTHER,0.000000000,ktCO2
REN100_Normal,2043,HYDRO,0.000000000,ktCO2
REN100_Normal,2043,PV,0.000000000,ktCO2
REN100_Normal,2043,WIND,0.000000000,ktCO2
REN100_Normal,2043,GEOTHERMAL,0.000000000,ktCO2
REN100_Normal,2043,BIOENERGY,0.000000000,ktCO2
REN100_Normal,2043,DIESEL,168.794209121,ktCO2
REN100_Normal,2043,FUEL OIL,1782.169362152,ktCO2
REN100_Normal,2043,GAS,1232.029172902,ktCO2
REN100_Normal,2043,IMPORTS,0.000000000,ktCO2
REN100_Normal,2043,OTHER,0.000000000,ktCO2
REN100_Normal,2044,HYDRO,0.000000000,ktCO2
REN100_Normal,2044,PV,0.000000000,ktCO2
REN100_Normal,2044,WIND,0.000000000,ktCO2
REN100_Normal,2044,GEOTHERMAL,0.000000000,ktCO2
REN100_Normal,2044,BIOENERGY,0.000000000,ktCO2
REN100_Normal,2044,DIESEL,145.142284484,ktCO2
REN100_Normal,2044,FUEL OIL,1851.747041599,ktCO2
REN100_Normal,2044,GAS,1243.291311626,ktCO2
REN100_Normal,2044,IMPORTS,0.000000000,ktCO2
REN100_Normal,2044,OTHER,0.000000000,ktCO2
REN100_Normal,2045,HYDRO,0.000000000,ktCO2
REN100_Normal,2045,PV,0.000000000,ktCO2
REN100_Normal,2045,WIND,0.000000000,ktCO2
REN100_Normal,2045,GEOTHERMAL,0.000000000,ktCO2
REN100_Normal,2045,BIOENERGY,0.000000000,ktCO2
REN100_Normal,2045,DIESEL,25.872074304,ktCO2
REN100_Normal,2045,FUEL OIL,1589.437834506,ktCO2
REN100_Normal,2045,GAS,1085.514098648,ktCO2
REN100_Normal,2045,IMPORTS,0.000000000,ktCO2
REN100_Normal,2045,OTHER,0.000000000,ktCO2
REN100_Normal,2046,HYDRO,0.000000000,ktCO2
REN100_Normal,2046,PV,0.000000000,ktCO2
REN100_Normal,2046,WIND,0.000000000,ktCO2
REN100_Normal,2046,GEOTHERMAL,0.000000000,ktCO2
REN100_Normal,2046,BIOENERGY,0.000000000,ktCO2
REN100_Normal,2046,DIESEL,0.000000000,ktCO2
REN100_Normal,2046,FUEL OIL,1042.853786761,ktCO2
REN100_Normal,2046,GAS,628.870228176,ktCO2
REN100_Normal,2046,IMPORTS,0.000000000,ktCO2
REN100_Normal,2046,OTHER,0.000000000,ktCO2
REN100_Normal,2047,HYDRO,0.000000000,ktCO2
REN100_Normal,2047,PV,0.000000000,ktCO2
REN100_Normal,2047,WIND,0.000000000,ktCO2
REN100_Normal,2047,GEOTHERMAL,0.000000000,ktCO2
REN100_Normal,2047,BIOENERGY,0.000000000,ktCO2
REN100_Normal,2047,DIESEL,0.000000000,ktCO2
REN100_Normal,2047,FUEL OIL,851.264583157,ktCO2
REN100_Normal,2047,GAS,688.997884354,ktCO2
REN100_Normal,2047,IMPORTS,0.000000000,ktCO2
REN100_Normal,2047,OTHER,0.000000000,ktCO2
REN100_Normal,2048,HYDRO,0.000000000,ktCO2
REN100_Normal,2048,PV,0.000000000,ktCO2
REN100_Normal,2048,WIND,0.000000000,ktCO2
REN100_Normal,2048,GEOTHERMAL,0.000000000,ktCO2
REN100_Normal,2048,BIOENERGY,0.000000000,ktCO2
REN100_Normal,2048,DIESEL,0.000000000,ktCO2
REN100_Normal,2048,FUEL OIL,366.972910051,ktCO2
REN100_Normal,2048,GAS,545.426325670,ktCO2
REN100_Normal,2048,IMPORTS,0.000000000,ktCO2
REN100_Normal,2048,OTHER,0.000000000,ktCO2
REN100_Normal,2049,HYDRO,0.000000000,ktCO2
REN100_Normal,2049,PV,0.000000000,ktCO2
REN100_Normal,2049,WIND,0.000000000,ktCO2
REN100_Normal,2049,GEOTHERMAL,0.000000000,ktCO2
REN100_Normal,2049,BIOENERGY,0.000000000,ktCO2
REN100_Normal,2049,DIESEL,0.000000000,ktCO2
REN100_Normal,2049,FUEL OIL,338.922229034,ktCO2
REN100_Normal,2049,GAS,202.718451495,ktCO2
REN100_Normal,2049,IMPORTS,0.000000000,ktCO2
REN100_Normal,2049,OTHER,0.000000000,ktCO2
REN100_Normal,2050,HYDRO,0.000000000,ktCO2
REN100_Normal,2050,PV,0.000000000,ktCO2
REN100_Normal,2050,WIND,0.000000000,ktCO2
REN100_Normal,2050,GEOTHERMAL,0.000000000,ktCO2
REN100_Normal,2050,BIOENERGY,0.000000000,ktCO2
REN100_Normal,2050,DIESEL,0.000000000,ktCO2
REN100_Normal,2050,FUEL OIL,0.000000000,ktCO2
REN100_Normal,2050,GAS,0.000000000,ktCO2
REN100_Normal,2050,IMPORTS,0.000000000,ktCO2
REN100_Normal,2050,OTHER,0.000000000,ktCO2
REN100_Extreme,2025,HYDRO,0.000000000,ktCO2
REN100_Extreme,2025,PV,0.000000000,ktCO2
REN100_Extreme,2025,WIND,0.000000000,ktCO2
REN100_Extreme,2025,GEOTHERMAL,0.000000000,ktCO2
REN100_Extreme,2025,BIOENERGY,0.000000000,ktCO2
REN100_Extreme,2025,DIESEL,489.590127406,ktCO2
REN100_Extreme,2025,FUEL OIL,3781.098934910,ktCO2
REN100_Extreme,2025,GAS,914.004416041,ktCO2
REN100_Extreme,2025,IMPORTS,0.000000000,ktCO2
REN100_Extreme,2025,OTHER,0.000000000,ktCO2
REN100_Extreme,2026,HYDRO,0.000000000,ktCO2
REN100_Extreme,2026,PV,0.000000000,ktCO2
REN100_Extreme,2026,WIND,0.000000000,ktCO2
REN100_Extreme,2026,GEOTHERMAL,0.000000000,ktCO2
REN100_Extreme,2026,BIOENERGY,0.000000000,ktCO2
REN100_Extreme,2026,DIESEL,514.833857464,ktCO2
REN100_Extreme,2026,FUEL OIL,4044.049943398,ktCO2
REN100_Extreme,2026,GAS,1073.086443924,ktCO2
REN100_Extreme,2026,IMPORTS,0.000000000,ktCO2
REN100_Extreme,2026,OTHER,0.000000000,ktCO2
REN100_Extreme,2027,HYDRO,0.000000000,ktCO2
REN100_Extreme,2027,PV,0.000000000,ktCO2
REN100_Extreme,2027,WIND,0.000000000,ktCO2
REN100_Extreme,2027,GEOTHERMAL,0.000000000,ktCO2
REN100_Extreme,2027,BIOENERGY,0.000000000,ktCO2
REN100_Extreme,2027,DIESEL,1114.630329310,ktCO2
REN100_Extreme,2027,FUEL OIL,3714.341574960,ktCO2
REN100_Extreme,2027,GAS,1342.040352035,ktCO2
REN100_Extreme,2027,IMPORTS,0.000000000,ktCO2
REN100_Extreme,2027,OTHER,0.000000000,ktCO2
REN100_Extreme,2028,HYDRO,0.000000000,ktCO2
REN100_Extreme,2028,PV,0.000000000,ktCO2
REN100_Extreme,2028,WIND,0.000000000,ktCO2
REN100_Extreme,2028,GEOTHERMAL,0.000000000,ktCO2
REN100_Extreme,2028,BIOENERGY,0.000000000,ktCO2
REN100_Extreme,2028,DIESEL,169.097908840,ktCO2
REN100_Extreme,2028,FUEL OIL,2336.358818520,ktCO2
REN100_Extreme,2028,GAS,1980.247372757,ktCO2
REN100_Extreme,2028,IMPORTS,0.000000000,ktCO2
REN100_Extreme,2028,OTHER,0.000000000,ktCO2
REN100_Extreme,2029,HYDRO,0.000000000,ktCO2
REN100_Extreme,2029,PV,0.000000000,ktCO2
REN100_Extreme,2029,WIND,0.000000000,ktCO2
REN100_Extreme,2029,GEOTHERMAL,0.000000000,ktCO2
REN100_Extreme,2029,BIOENERGY,0.000000000,ktCO2
REN100_Extreme,2029,DIESEL,543.884306410,ktCO2
REN100_Extreme,2029,FUEL OIL,3476.519854244,ktCO2
REN100_Extreme,2029,GAS,2310.752351773,ktCO2
REN100_Extreme,2029,IMPORTS,0.000000000,ktCO2
REN100_Extreme,2029,OTHER,0.000000000,ktCO2
REN100_Extreme,2030,HYDRO,0.000000000,ktCO2
REN100_Extreme,2030,PV,0.000000000,ktCO2
REN100_Extreme,2030,WIND,0.000000000,ktCO2
REN100_Extreme,2030,GEOTHERMAL,0.000000000,ktCO2
REN100_Extreme,2030,BIOENERGY,0.000000000,ktCO2
REN100_Extreme,2030,DIESEL,987.746681357,ktCO2
REN100_Extreme,2030,FUEL OIL,3516.279396730,ktCO2
REN100_Extreme,2030,GAS,2062.731594377,ktCO2
REN100_Extreme,2030,IMPORTS,0.000000000,ktCO2
REN100_Extreme,2030,OTHER,0.000000000,ktCO2
REN100_Extreme,2031,HYDRO,0.000000000,ktCO2
REN100_Extreme,2031,PV,0.000000000,ktCO2
REN100_Extreme,2031,WIND,0.000000000,ktCO2
REN100_Extreme,2031,GEOTHERMAL,0.000000000,ktCO2
REN100_Extreme,2031,BIOENERGY,0.000000000,ktCO2
REN100_Extreme,2031,DIESEL,149.420261555,ktCO2
REN100_Extreme,2031,FUEL OIL,3215.655140666,ktCO2
REN100_Extreme,2031,GAS,1787.243565356,ktCO2
REN100_Extreme,2031,IMPORTS,0.000000000,ktCO2
REN100_Extreme,2031,OTHER,0.000000000,ktCO2
REN100_Extreme,2032,HYDRO,0.000000000,ktCO2
REN100_Extreme,2032,PV,0.000000000,ktCO2
REN100_Extreme,2032,WIND,0.000000000,ktCO2
REN100_Extreme,2032,GEOTHERMAL,0.000000000,ktCO2
REN100_Extreme,2032,BIOENERGY,0.000000000,ktCO2
REN100_Extreme,2032,DIESEL,743.441202545,ktCO2
REN100_Extreme,2032,FUEL OIL,3168.775248568,ktCO2
REN100_Extreme,2032,GAS,2007.902897025,ktCO2
REN100_Extreme,2032,IMPORTS,0.000000000,ktCO2
REN100_Extreme,2032,OTHER,0.000000000,ktCO2
REN100_Extreme,2033,HYDRO,0.000000000,ktCO2
REN100_Extreme,2033,PV,0.000000000,ktCO2
REN100_Extreme,2033,WIND,0.000000000,ktCO2
REN100_Extreme,2033,GEOTHERMAL,0.000000000,ktCO2
REN100_Extreme,2033,BIOENERGY,0.000000000,ktCO2
REN100_Extreme,2033,DIESEL,52.958947483,ktCO2
REN100_Extreme,2033,FUEL OIL,2871.415828554,ktCO2
REN100_Extreme,2033,GAS,1627.224694186,ktCO2
REN100_Extreme,2033,IMPORTS,0.000000000,ktCO2
REN100_Extreme,2033,OTHER,0.000000000,ktCO2
REN100_Extreme,2034,HYDRO,0.000000000,ktCO2
REN100_Extreme,2034,PV,0.000000000,ktCO2
REN100_Extreme,2034,WIND,0.000000000,ktCO2
REN100_Extreme,2034,GEOTHERMAL,0.000000000,ktCO2
REN100_Extreme,2034,BIOENERGY,0.000000000,ktCO2
REN100_Extreme,2034,DIESEL,117.317106817,ktCO2
REN100_Extreme,2034,FUEL OIL,2969.210570761,ktCO2
REN100_Extreme,2034,GAS,1605.834503927,ktCO2
REN100_Extreme,2034,IMPORTS,0.000000000,ktCO2
REN100_Extreme,2034,OTHER,0.000000000,ktCO2
REN100_Extreme,2035,HYDRO,0.000000000,ktCO2
REN100_Extreme,2035,PV,0.000000000,ktCO2
REN100_Extreme,2035,WIND,0.000000000,ktCO2
REN100_Extreme,2035,GEOTHERMAL,0.000000000,ktCO2
REN100_Extreme,2035,BIOENERGY,0.000000000,ktCO2
REN100_Extreme,2035,DIESEL,422.027412420,ktCO2
REN100_Extreme,2035,FUEL OIL,3274.437404193,ktCO2
REN100_Extreme,2035,GAS,1796.817972863,ktCO2
REN100_Extreme,2035,IMPORTS,0.000000000,ktCO2
REN100_Extreme,2035,OTHER,0.000000000,ktCO2
REN100_Extreme,2036,HYDRO,0.000000000,ktCO2
REN100_Extreme,2036,PV,0.000000000,ktCO2
REN100_Extreme,2036,WIND,0.000000000,ktCO2
REN100_Extreme,2036,GEOTHERMAL,0.000000000,ktCO2
REN100_Extreme,2036,BIOENERGY,0.000000000,ktCO2
REN100_Extreme,2036,DIESEL,508.550415011,ktCO2
REN100_Extreme,2036,FUEL OIL,3132.158479051,ktCO2
REN100_Extreme,2036,GAS,1667.516570451,ktCO2
REN100_Extreme,2036,IMPORTS,0.000000000,ktCO2
REN100_Extreme,2036,OTHER,0.000000000,ktCO2
REN100_Extreme,2037,HYDRO,0.000000000,ktCO2
REN100_Extreme,2037,PV,0.000000000,ktCO2
REN100_Extreme,2037,WIND,0.000000000,ktCO2
REN100_Extreme,2037,GEOTHERMAL,0.000000000,ktCO2
REN100_Extreme,2037,BIOENERGY,0.000000000,ktCO2
REN100_Extreme,2037,DIESEL,211.699648678,ktCO2
REN100_Extreme,2037,FUEL OIL,2771.946980542,ktCO2
REN100_Extreme,2037,GAS,1614.852450553,ktCO2
REN100_Extreme,2037,IMPORTS,0.000000000,ktCO2
REN100_Extreme,2037,OTHER,0.000000000,ktCO2
REN100_Extreme,2038,HYDRO,0.000000000,ktCO2
REN100_Extreme,2038,PV,0.000000000,ktCO2
REN100_Extreme,2038,WIND,0.000000000,ktCO2
REN100_Extreme,2038,GEOTHERMAL,0.000000000,ktCO2
REN100_Extreme,2038,BIOENERGY,0.000000000,ktCO2
REN100_Extreme,2038,DIESEL,555.236392443,ktCO2
REN100_Extreme,2038,FUEL OIL,2883.142848639,ktCO2
REN100_Extreme,2038,GAS,1643.350195921,ktCO2
REN100_Extreme,2038,IMPORTS,0.000000000,ktCO2
REN100_Extreme,2038,OTHER,0.000000000,ktCO2
REN100_Extreme,2039,HYDRO,0.000000000,ktCO2
REN100_Extreme,2039,PV,0.000000000,ktCO2
REN100_Extreme,2039,WIND,0.000000000,ktCO2
REN100_Extreme,2039,GEOTHERMAL,0.000000000,ktCO2
REN100_Extreme,2039,BIOENERGY,0.000000000,ktCO2
REN100_Extreme,2039,DIESEL,243.776622405,ktCO2
REN100_Extreme,2039,FUEL OIL,2796.041057038,ktCO2
REN100_Extreme,2039,GAS,1598.544112281,ktCO2
REN100_Extreme,2039,IMPORTS,0.000000000,ktCO2
REN100_Extreme,2039,OTHER,0.000000000,ktCO2
REN100_Extreme,2040,HYDRO,0.000000000,ktCO2
REN100_Extreme,2040,PV,0.000000000,ktCO2
REN100_Extreme,2040,WIND,0.000000000,ktCO2
REN100_Extreme,2040,GEOTHERMAL,0.000000000,ktCO2
REN100_Extreme,2040,BIOENERGY,0.000000000,ktCO2
REN100_Extreme,2040,DIESEL,294.641089070,ktCO2
REN100_Extreme,2040,FUEL OIL,2844.524557117,ktCO2
REN100_Extreme,2040,GAS,1640.393260658,ktCO2
REN100_Extreme,2040,IMPORTS,0.000000000,ktCO2
REN100_Extreme,2040,OTHER,0.000000000,ktCO2
REN100_Extreme,2041,HYDRO,0.000000000,ktCO2
REN100_Extreme,2041,PV,0.000000000,ktCO2
REN100_Extreme,2041,WIND,0.000000000,ktCO2
REN100_Extreme,2041,GEOTHERMAL,0.000000000,ktCO2
REN100_Extreme,2041,BIOENERGY,0.000000000,ktCO2
REN100_Extreme,2041,DIESEL,161.699155350,ktCO2
REN100_Extreme,2041,FUEL OIL,2730.681009740,ktCO2
REN100_Extreme,2041,GAS,1572.739503300,ktCO2
REN100_Extreme,2041,IMPORTS,0.000000000,ktCO2
REN100_Extreme,2041,OTHER,0.000000000,ktCO2
REN100_Extreme,2042,HYDRO,0.000000000,ktCO2
REN100_Extreme,2042,PV,0.000000000,ktCO2
REN100_Extreme,2042,WIND,0.000000000,ktCO2
REN100_Extreme,2042,GEOTHERMAL,0.000000000,ktCO2
REN100_Extreme,2042,BIOENERGY,0.000000000,ktCO2
REN100_Extreme,2042,DIESEL,94.743839801,ktCO2
REN100_Extreme,2042,FUEL OIL,2752.030515442,ktCO2
REN100_Extreme,2042,GAS,1352.278472769,ktCO2
REN100_Extreme,2042,IMPORTS,0.000000000,ktCO2
REN100_Extreme,2042,OTHER,0.000000000,ktCO2
REN100_Extreme,2043,HYDRO,0.000000000,ktCO2
REN100_Extreme,2043,PV,0.000000000,ktCO2
REN100_Extreme,2043,WIND,0.000000000,ktCO2
REN100_Extreme,2043,GEOTHERMAL,0.000000000,ktCO2
REN100_Extreme,2043,BIOENERGY,0.000000000,ktCO2
REN100_Extreme,2043,DIESEL,102.865189173,ktCO2
REN100_Extreme,2043,FUEL OIL,2473.068302089,ktCO2
REN100_Extreme,2043,GAS,1168.377715517,ktCO2
REN100_Extreme,2043,IMPORTS,0.000000000,ktCO2
REN100_Extreme,2043,OTHER,0.000000000,ktCO2
REN100_Extreme,2044,HYDRO,0.000000000,ktCO2
REN100_Extreme,2044,PV,0.000000000,ktCO2
REN100_Extreme,2044,WIND,0.000000000,ktCO2
REN100_Extreme,2044,GEOTHERMAL,0.000000000,ktCO2
REN100_Extreme,2044,BIOENERGY,0.000000000,ktCO2
REN100_Extreme,2044,DIESEL,0.000000000,ktCO2
REN100_Extreme,2044,FUEL OIL,2252.696485309,ktCO2
REN100_Extreme,2044,GAS,994.626849810,ktCO2
REN100_Extreme,2044,IMPORTS,0.000000000,ktCO2
REN100_Extreme,2044,OTHER,0.000000000,ktCO2
REN100_Extreme,2045,HYDRO,0.000000000,ktCO2
REN100_Extreme,2045,PV,0.000000000,ktCO2
REN100_Extreme,2045,WIND,0.000000000,ktCO2
REN100_Extreme,2045,GEOTHERMAL,0.000000000,ktCO2
REN100_Extreme,2045,BIOENERGY,0.000000000,ktCO2
REN100_Extreme,2045,DIESEL,0.000000000,ktCO2
REN100_Extreme,2045,FUEL OIL,1598.588882795,ktCO2
REN100_Extreme,2045,GAS,719.586023162,ktCO2
REN100_Extreme,2045,IMPORTS,0.000000000,ktCO2
REN100_Extreme,2045,OTHER,0.000000000,ktCO2
REN100_Extreme,2046,HYDRO,0.000000000,ktCO2
REN100_Extreme,2046,PV,0.000000000,ktCO2
REN100_Extreme,2046,WIND,0.000000000,ktCO2
REN100_Extreme,2046,GEOTHERMAL,0.000000000,ktCO2
REN100_Extreme,2046,BIOENERGY,0.000000000,ktCO2
REN100_Extreme,2046,DIESEL,0.000000000,ktCO2
REN100_Extreme,2046,FUEL OIL,1542.770292332,ktCO2
REN100_Extreme,2046,GAS,615.707683127,ktCO2
REN100_Extreme,2046,IMPORTS,0.000000000,ktCO2
REN100_Extreme,2046,OTHER,0.000000000,ktCO2
REN100_Extreme,2047,HYDRO,0.000000000,ktCO2
REN100_Extreme,2047,PV,0.000000000,ktCO2
REN100_Extreme,2047,WIND,0.000000000,ktCO2
REN100_Extreme,2047,GEOTHERMAL,0.000000000,ktCO2
REN100_Extreme,2047,BIOENERGY,0.000000000,ktCO2
REN100_Extreme,2047,DIESEL,0.000000000,ktCO2
REN100_Extreme,2047,FUEL OIL,42.526753617,ktCO2
REN100_Extreme,2047,GAS,183.257767288,ktCO2
REN100_Extreme,2047,IMPORTS,0.000000000,ktCO2
REN100_Extreme,2047,OTHER,0.000000000,ktCO2
REN100_Extreme,2048,HYDRO,0.000000000,ktCO2
REN100_Extreme,2048,PV,0.000000000,ktCO2
REN100_Extreme,2048,WIND,0.000000000,ktCO2
REN100_Extreme,2048,GEOTHERMAL,0.000000000,ktCO2
REN100_Extreme,2048,BIOENERGY,0.000000000,ktCO2
REN100_Extreme,2048,DIESEL,0.000000000,ktCO2
REN100_Extreme,2048,FUEL OIL,471.762509750,ktCO2
REN100_Extreme,2048,GAS,440.469963051,ktCO2
REN100_Extreme,2048,IMPORTS,0.000000000,ktCO2
REN100_Extreme,2048,OTHER,0.000000000,ktCO2
REN100_Extreme,2049,HYDRO,0.000000000,ktCO2
REN100_Extreme,2049,PV,0.000000000,ktCO2
REN100_Extreme,2049,WIND,0.000000000,ktCO2
REN100_Extreme,2049,GEOTHERMAL,0.000000000,ktCO2
REN100_Extreme,2049,BIOENERGY,0.000000000,ktCO2
REN100_Extreme,2049,DIESEL,0.000000000,ktCO2
REN100_Extreme,2049,FUEL OIL,141.117995115,ktCO2
REN100_Extreme,2049,GAS,297.109828674,ktCO2
REN100_Extreme,2049,IMPORTS,0.000000000,ktCO2
REN100_Extreme,2049,OTHER,0.000000000,ktCO2
REN100_Extreme,2050,HYDRO,0.000000000,ktCO2
REN100_Extreme,2050,PV,0.000000000,ktCO2
REN100_Extreme,2050,WIND,0.000000000,ktCO2
REN100_Extreme,2050,GEOTHERMAL,0.000000000,ktCO2
REN100_Extreme,2050,BIOENERGY,0.000000000,ktCO2
REN100_Extreme,2050,DIESEL,0.000000000,ktCO2
REN100_Extreme,2050,FUEL OIL,0.000000000,ktCO2
REN100_Extreme,2050,GAS,0.000000000,ktCO2
REN100_Extreme,2050,IMPORTS,0.000000000,ktCO2
REN100_Extreme,2050,OTHER,0.000000000,ktCO2
