Case,Year,ModelFromNode,ModelToNode,FromNode,ToNode,ExistingCap_MW,NewCircuits,PeakAbsFlow_MW,Utilization,Capex_MUSD
BAU_Normal,2025,ZNX,ZNO,ZNO,ZNX,341.8,0,235.6280699,0.6893741073,0
BAU_Normal,2025,ZNX,ZSX,ZNO,ZSO,664,0,242.6013542,0.3653634852,0
BAU_Normal,2025,ZNO,ZSX,ZNX,ZSO,1732.05,0,623.6120193,0.3600427351,0
BAU_Normal,2025,ZNO,ZSO,ZNX,ZSX,673.65,0,92.92312381,0.1379397667,0
BAU_Normal,2025,ZNO,COL,ZNX,COL,460,0,445.4017028,0.9682645712,0
BAU_Normal,2025,ZSX,ZSO,ZSO,ZSX,1308.333333,0,1308.333333,1,0
BAU_Normal,2025,ZSX,PER,ZSO,PER,50,0,44.75094432,0.8950188865,0
BAU_Normal,2026,ZNX,ZNO,ZNO,ZNX,341.8,0,246.0127609,0.7197564684,0
BAU_Normal,2026,ZNX,ZSX,ZNO,ZSO,664,0,274.1338928,0.4128522482,0
BAU_Normal,2026,ZNO,ZSX,ZNX,ZSO,1732.05,0,636.0833659,0.3672430738,0
BAU_Normal,2026,ZNO,ZSO,ZNX,ZSX,673.65,0,114.144832,0.1694423394,0
BAU_Normal,2026,ZNO,COL,ZNX,COL,460,0,417.7272525,0.9081027229,0
BAU_Normal,2026,ZSX,ZSO,ZSO,ZSX,1308.333333,0,1308.333333,1,0
BAU_Normal,2026,ZSX,PER,ZSO,PER,50,0,47.23916166,0.9447832331,0
BAU_Normal,2027,ZNX,ZNO,ZNO,ZNX,341.8,0,233.7010212,0.6837361651,0
BAU_Normal,2027,ZNX,ZSX,ZNO,ZSO,664,0,257.4017561,0.3876532471,0
BAU_Normal,2027,ZNO,ZSX,ZNX,ZSO,1732.05,0,671.5071426,0.3876950103,0
BAU_Normal,2027,ZNO,ZSO,ZNX,ZSX,673.65,0,92.43499104,0.1372151578,0
BAU_Normal,2027,ZNO,COL,ZNX,COL,460,0,418.7975934,0.9104295508,0
BAU_Normal,2027,ZSX,ZSO,ZSO,ZSX,1308.333333,0,1308.333333,1,0
BAU_Normal,2027,ZSX,PER,ZSO,PER,50,0,46.83173485,0.936634697,0
BAU_Normal,2028,ZNX,ZNO,ZNO,ZNX,341.8,0,328.6422697,0.9615045924,0
BAU_Normal,2028,ZNX,ZSX,ZNO,ZSO,664,0,267.4598206,0.4028009346,0
BAU_Normal,2028,ZNO,ZSX,ZNX,ZSO,1732.05,0,776.2265904,0.4481548399,0
BAU_Normal,2028,ZNO,ZSO,ZNX,ZSX,673.65,0,82.53353673,0.1225169401,0
BAU_Normal,2028,ZNO,COL,ZNX,COL,460,0,397.5215822,0.8641773526,0
BAU_Normal,2028,ZSX,ZSO,ZSO,ZSX,1308.333333,0,1308.333333,1,0
BAU_Normal,2028,ZSX,PER,ZSO,PER,50,0,46.69629115,0.933925823,0
BAU_Normal,2029,ZNX,ZNO,ZNO,ZNX,341.8,0,326.6547261,0.9556896609,0
BAU_Normal,2029,ZNX,ZSX,ZNO,ZSO,664,0,258.7891094,0.3897426347,0
BAU_Normal,2029,ZNO,ZSX,ZNX,ZSO,1732.05,0,808.8498326,0.4669898863,0
BAU_Normal,2029,ZNO,ZSO,ZNX,ZSX,673.65,0,68.47127088,0.1016422042,0
BAU_Normal,2029,ZNO,COL,ZNX,COL,460,0,417.9049622,0.9084890482,0
BAU_Normal,2029,ZSX,ZSO,ZSO,ZSX,1308.333333,0,1308.333333,1,0
BAU_Normal,2029,ZSX,PER,ZSO,PER,50,0,44.68445181,0.8936890361,0
BAU_Normal,2030,ZNX,ZNO,ZNO,ZNX,341.8,0,272.2771855,0.7965979682,0
BAU_Normal,2030,ZNX,ZSX,ZNO,ZSO,664,0,220.6122759,0.3322474035,0
BAU_Normal,2030,ZNO,ZSX,ZNX,ZSO,1732.05,0,679.4824617,0.3922995651,0
BAU_Normal,2030,ZNO,ZSO,ZNX,ZSX,673.65,0,98.48670788,0.1461986312,0
BAU_Normal,2030,ZNO,COL,ZNX,COL,460,0,453.6419886,0.9861782362,0
BAU_Normal,2030,ZSX,ZSO,ZSO,ZSX,1308.333333,0,1308.333333,1,0
BAU_Normal,2030,ZSX,PER,ZSO,PER,50,0,44.84823625,0.8969647251,0
BAU_Normal,2031,ZNX,ZNO,ZNO,ZNX,341.8,0,305.7719208,0.8945930978,0
BAU_Normal,2031,ZNX,ZSX,ZNO,ZSO,664,0,236.425055,0.3560618298,0
BAU_Normal,2031,ZNO,ZSX,ZNX,ZSO,1732.05,0,459.3888388,0.2652283934,0
BAU_Normal,2031,ZNO,ZSO,ZNX,ZSX,673.65,0,196.6560809,0.2919261945,0
BAU_Normal,2031,ZNO,COL,ZNX,COL,460,0,389.7244828,0.8472271365,0
BAU_Normal,2031,ZSX,ZSO,ZSO,ZSX,1308.333333,5,2615.98943,0.9997411834,392.0243268
BAU_Normal,2031,ZSX,PER,ZSO,PER,50,0,46.0957633,0.921915266,0
BAU_Normal,2032,ZNX,ZNO,ZNO,ZNX,341.8,0,279.3205953,0.8172047845,0
BAU_Normal,2032,ZNX,ZSX,ZNO,ZSO,664,0,204.0063967,0.3072385492,0
BAU_Normal,2032,ZNO,ZSX,ZNX,ZSO,1732.05,0,428.2707943,0.2472623737,0
BAU_Normal,2032,ZNO,ZSO,ZNX,ZSX,673.65,0,157.4075916,0.2336637595,0
BAU_Normal,2032,ZNO,COL,ZNX,COL,460,0,449.2444328,0.9766183322,0
BAU_Normal,2032,ZSX,ZSO,ZSO,ZSX,1308.333333,5,2585.583184,0.9881209621,0
BAU_Normal,2032,ZSX,PER,ZSO,PER,50,0,44.80963988,0.8961927976,0
BAU_Normal,2033,ZNX,ZNO,ZNO,ZNX,341.8,0,304.8359459,0.8918547277,0
BAU_Normal,2033,ZNX,ZSX,ZNO,ZSO,664,0,190.8272556,0.2873904452,0
BAU_Normal,2033,ZNO,ZSX,ZNX,ZSO,1732.05,0,480.1160909,0.2771952835,0
BAU_Normal,2033,ZNO,ZSO,ZNX,ZSX,673.65,0,151.8695057,0.2254427459,0
BAU_Normal,2033,ZNO,COL,ZNX,COL,460,0,438.222292,0.9526571565,0
BAU_Normal,2033,ZSX,ZSO,ZSO,ZSX,1308.333333,5,2616.666667,1,0
BAU_Normal,2033,ZSX,PER,ZSO,PER,50,0,48.6720663,0.973441326,0
BAU_Normal,2034,ZNX,ZNO,ZNO,ZNX,341.8,0,271.9765388,0.7957183697,0
BAU_Normal,2034,ZNX,ZSX,ZNO,ZSO,664,0,90.88154496,0.1368697966,0
BAU_Normal,2034,ZNO,ZSX,ZNX,ZSO,1732.05,0,525.3245573,0.303296416,0
BAU_Normal,2034,ZNO,ZSO,ZNX,ZSX,673.65,0,136.2428374,0.202245732,0
BAU_Normal,2034,ZNO,COL,ZNX,COL,460,0,451.0214438,0.9804813996,0
BAU_Normal,2034,ZSX,ZSO,ZSO,ZSX,1308.333333,5,2616.666667,1,0
BAU_Normal,2034,ZSX,PER,ZSO,PER,50,0,42.51820001,0.8503640003,0
BAU_Normal,2035,ZNX,ZNO,ZNO,ZNX,341.8,0,225.4550025,0.6596108909,0
BAU_Normal,2035,ZNX,ZSX,ZNO,ZSO,664,0,67.0146178,0.1009256292,0
BAU_Normal,2035,ZNO,ZSX,ZNX,ZSO,1732.05,0,475.2266672,0.2743723721,0
BAU_Normal,2035,ZNO,ZSO,ZNX,ZSX,673.65,0,160.4348516,0.2381575768,0
BAU_Normal,2035,ZNO,COL,ZNX,COL,460,0,445.1511391,0.9677198676,0
BAU_Normal,2035,ZSX,ZSO,ZSO,ZSX,1308.333333,5,2616.666667,1,0
BAU_Normal,2035,ZSX,PER,ZSO,PER,50,0,48.09168844,0.9618337688,0
BAU_Normal,2036,ZNX,ZNO,ZNO,ZNX,341.8,0,190.2865699,0.5567190459,0
BAU_Normal,2036,ZNX,ZSX,ZNO,ZSO,664,0,189.5615839,0.2854843131,0
BAU_Normal,2036,ZNO,ZSX,ZNX,ZSO,1732.05,0,449.3051853,0.2594065906,0
BAU_Normal,2036,ZNO,ZSO,ZNX,ZSX,673.65,0,170.8556182,0.2536266878,0
BAU_Normal,2036,ZNO,COL,ZNX,COL,460,0,449.862529,0.9779620196,0
BAU_Normal,2036,ZSX,ZSO,ZSO,ZSX,1308.333333,5,2616.666667,1,0
BAU_Normal,2036,ZSX,PER,ZSO,PER,50,0,46.46688513,0.9293377027,0
BAU_Normal,2037,ZNX,ZNO,ZNO,ZNX,341.8,0,224.8507186,0.6578429449,0
BAU_Normal,2037,ZNX,ZSX,ZNO,ZSO,664,0,156.0299442,0.2349848557,0
BAU_Normal,2037,ZNO,ZSX,ZNX,ZSO,1732.05,0,504.1456097,0.2910687392,0
BAU_Normal,2037,ZNO,ZSO,ZNX,ZSX,673.65,0,168.5631744,0.2502236686,0
BAU_Normal,2037,ZNO,COL,ZNX,COL,460,0,433.201114,0.9417415522,0
BAU_Normal,2037,ZSX,ZSO,ZSO,ZSX,1308.333333,5,2616.666667,1,0
BAU_Normal,2037,ZSX,PER,ZSO,PER,50,0,46.29968053,0.9259936105,0
BAU_Normal,2038,ZNX,ZNO,ZNO,ZNX,341.8,0,184.2348889,0.5390137183,0
BAU_Normal,2038,ZNX,ZSX,ZNO,ZSO,664,0,303.6632875,0.4573242282,0
BAU_Normal,2038,ZNO,ZSX,ZNX,ZSO,1732.05,0,505.7161669,0.2919755012,0
BAU_Normal,2038,ZNO,ZSO,ZNX,ZSX,673.65,0,142.5181953,0.2115611895,0
BAU_Normal,2038,ZNO,COL,ZNX,COL,460,0,399.0378327,0.8674735492,0
BAU_Normal,2038,ZSX,ZSO,ZSO,ZSX,1308.333333,5,2616.666667,1,0
BAU_Normal,2038,ZSX,PER,ZSO,PER,50,0,46.91109681,0.9382219363,0
BAU_Normal,2039,ZNX,ZNO,ZNO,ZNX,341.8,0,192.4247588,0.5629747185,0
BAU_Normal,2039,ZNX,ZSX,ZNO,ZSO,664,0,327.5276968,0.4932646036,0
BAU_Normal,2039,ZNO,ZSX,ZNX,ZSO,1732.05,0,577.0915191,0.3331840992,0
BAU_Normal,2039,ZNO,ZSO,ZNX,ZSX,673.65,0,114.8937557,0.1705540796,0
BAU_Normal,2039,ZNO,COL,ZNX,COL,460,0,433.4041206,0.942182871,0
BAU_Normal,2039,ZSX,ZSO,ZSO,ZSX,1308.333333,5,2616.666667,1,0
BAU_Normal,2039,ZSX,PER,ZSO,PER,50,0,45.21312653,0.9042625306,0
BAU_Normal,2040,ZNX,ZNO,ZNO,ZNX,341.8,0,341.8,1,0
BAU_Normal,2040,ZNX,ZSX,ZNO,ZSO,664,0,475.8040106,0.7165723051,0
BAU_Normal,2040,ZNO,ZSX,ZNX,ZSO,1732.05,0,1060.976004,0.6125550671,0
BAU_Normal,2040,ZNO,ZSO,ZNX,ZSX,673.65,0,190.4146961,0.2826611685,0
BAU_Normal,2040,ZNO,COL,ZNX,COL,460,0,413.6257102,0.8991863266,0
BAU_Normal,2040,ZSX,ZSO,ZSO,ZSX,1308.333333,5,2515.454594,0.9613202271,0
BAU_Normal,2040,ZSX,PER,ZSO,PER,50,0,47.95331384,0.9590662769,0
BAU_Normal,2041,ZNX,ZNO,ZNO,ZNX,341.8,0,341.8,1,0
BAU_Normal,2041,ZNX,ZSX,ZNO,ZSO,664,0,461.3445591,0.6947960227,0
BAU_Normal,2041,ZNO,ZSX,ZNX,ZSO,1732.05,0,1049.497342,0.6059278556,0
BAU_Normal,2041,ZNO,ZSO,ZNX,ZSX,673.65,0,181.7057495,0.2697331692,0
BAU_Normal,2041,ZNO,COL,ZNX,COL,460,0,410.4897953,0.8923691202,0
BAU_Normal,2041,ZSX,ZSO,ZSO,ZSX,1308.333333,5,2616.666667,1,0
BAU_Normal,2041,ZSX,PER,ZSO,PER,50,0,49.43440382,0.9886880764,0
BAU_Normal,2042,ZNX,ZNO,ZNO,ZNX,341.8,0,341.8,1,0
BAU_Normal,2042,ZNX,ZSX,ZNO,ZSO,664,0,511.6849189,0.7706098176,0
BAU_Normal,2042,ZNO,ZSX,ZNX,ZSO,1732.05,0,1089.460128,0.6290003915,0
BAU_Normal,2042,ZNO,ZSO,ZNX,ZSX,673.65,0,191.9189586,0.2848941715,0
BAU_Normal,2042,ZNO,COL,ZNX,COL,460,0,455.0603238,0.9892615734,0
BAU_Normal,2042,ZSX,ZSO,ZSO,ZSX,1308.333333,5,2616.666667,1,0
BAU_Normal,2042,ZSX,PER,ZSO,PER,50,0,48.07600788,0.9615201576,0
BAU_Normal,2043,ZNX,ZNO,ZNO,ZNX,341.8,0,341.8,1,0
BAU_Normal,2043,ZNX,ZSX,ZNO,ZSO,664,0,590.4703025,0.8892625037,0
BAU_Normal,2043,ZNO,ZSX,ZNX,ZSO,1732.05,0,1152.004048,0.6651101572,0
BAU_Normal,2043,ZNO,ZSO,ZNX,ZSX,673.65,0,223.3476604,0.3315485198,0
BAU_Normal,2043,ZNO,COL,ZNX,COL,460,0,415.697419,0.9036900414,0
BAU_Normal,2043,ZSX,ZSO,ZSO,ZSX,1308.333333,5,2616.666667,1,0
BAU_Normal,2043,ZSX,PER,ZSO,PER,50,0,47.96468671,0.9592937341,0
BAU_Normal,2044,ZNX,ZNO,ZNO,ZNX,341.8,0,341.8,1,0
BAU_Normal,2044,ZNX,ZSX,ZNO,ZSO,664,0,611.7760633,0.9213494929,0
BAU_Normal,2044,ZNO,ZSX,ZNX,ZSO,1732.05,0,1168.917665,0.674875243,0
BAU_Normal,2044,ZNO,ZSO,ZNX,ZSX,673.65,0,221.1412633,0.3282732328,0
BAU_Normal,2044,ZNO,COL,ZNX,COL,460,0,428.3164532,0.9311227244,0
BAU_Normal,2044,ZSX,ZSO,ZSO,ZSX,1308.333333,5,2616.666667,1,0
BAU_Normal,2044,ZSX,PER,ZSO,PER,50,0,46.33046382,0.9266092763,0
BAU_Normal,2045,ZNX,ZNO,ZNO,ZNX,341.8,0,512.7,1.5,0
BAU_Normal,2045,ZNX,ZSX,ZNO,ZSO,664,0,544.184325,0.8195547063,0
BAU_Normal,2045,ZNO,ZSX,ZNX,ZSO,1732.05,0,1350.068021,0.7794624986,0
BAU_Normal,2045,ZNO,ZSO,ZNX,ZSX,673.65,0,292.427631,0.4340943086,0
BAU_Normal,2045,ZNO,COL,ZNX,COL,460,0,428.9835193,0.932572868,0
BAU_Normal,2045,ZSX,ZSO,ZSO,ZSX,1308.333333,5,2616.666667,1,0
BAU_Normal,2045,ZSX,PER,ZSO,PER,50,0,47.83804383,0.9567608766,0
BAU_Normal,2046,ZNX,ZNO,ZNO,ZNX,341.8,0,512.7,1.5,0
BAU_Normal,2046,ZNX,ZSX,ZNO,ZSO,664,0,664,1,0
BAU_Normal,2046,ZNO,ZSX,ZNX,ZSO,1732.05,0,1449.516076,0.8368788869,0
BAU_Normal,2046,ZNO,ZSO,ZNX,ZSX,673.65,0,341.1783475,0.5064623284,0
BAU_Normal,2046,ZNO,COL,ZNX,COL,460,0,418.9916712,0.9108514592,0
BAU_Normal,2046,ZSX,ZSO,ZSO,ZSX,1308.333333,5,2616.666667,1,0
BAU_Normal,2046,ZSX,PER,ZSO,PER,50,0,48.27305654,0.9654611308,0
BAU_Normal,2047,ZNX,ZNO,ZNO,ZNX,341.8,0,512.7,1.5,0
BAU_Normal,2047,ZNX,ZSX,ZNO,ZSO,664,0,664,1,0
BAU_Normal,2047,ZNO,ZSX,ZNX,ZSO,1732.05,0,1449.516076,0.8368788869,0
BAU_Normal,2047,ZNO,ZSO,ZNX,ZSX,673.65,0,327.408598,0.4860218184,0
BAU_Normal,2047,ZNO,COL,ZNX,COL,460,0,403.0689563,0.8762368614,0
BAU_Normal,2047,ZSX,ZSO,ZSO,ZSX,1308.333333,5,2616.666667,1,0
BAU_Normal,2047,ZSX,PER,ZSO,PER,50,0,44.89439705,0.897887941,0
BAU_Normal,2048,ZNX,ZNO,ZNO,ZNX,341.8,0,512.7,1.5,0
BAU_Normal,2048,ZNX,ZSX,ZNO,ZSO,664,0,664,1,0
BAU_Normal,2048,ZNO,ZSX,ZNX,ZSO,1732.05,0,1449.516076,0.8368788869,0
BAU_Normal,2048,ZNO,ZSO,ZNX,ZSX,673.65,0,294.2618561,0.4368171248,0
BAU_Normal,2048,ZNO,COL,ZNX,COL,460,0,444.7546262,0.9668578831,0
BAU_Normal,2048,ZSX,ZSO,ZSO,ZSX,1308.333333,5,2616.666667,1,0
BAU_Normal,2048,ZSX,PER,ZSO,PER,50,0,48.3708806,0.967417612,0
BAU_Normal,2049,ZNX,ZNO,ZNO,ZNX,341.8,0,1025.4,3,0
BAU_Normal,2049,ZNX,ZSX,ZNO,ZSO,664,0,664,1,0
BAU_Normal,2049,ZNO,ZSX,ZNX,ZSO,1732.05,0,1449.516076,0.8368788869,0
BAU_Normal,2049,ZNO,ZSO,ZNX,ZSX,673.65,0,300.2422485,0.4456947206,0
BAU_Normal,2049,ZNO,COL,ZNX,COL,460,0,431.2676966,0.9375384708,0
BAU_Normal,2049,ZSX,ZSO,ZSO,ZSX,1308.333333,5,2616.666667,1,0
BAU_Normal,2049,ZSX,PER,ZSO,PER,50,0,43.79684808,0.8759369616,0
BAU_Normal,2050,ZNX,ZNO,ZNO,ZNX,341.8,0,1025.4,3,0
BAU_Normal,2050,ZNX,ZSX,ZNO,ZSO,664,0,664,1,0
BAU_Normal,2050,ZNO,ZSX,ZNX,ZSO,1732.05,0,1449.516076,0.8368788869,0
BAU_Normal,2050,ZNO,ZSO,ZNX,ZSX,673.65,0,279.5566388,0.4149879594,0
BAU_Normal,2050,ZNO,COL,ZNX,COL,460,0,407.4831628,0.8858329626,0
BAU_Normal,2050,ZSX,ZSO,ZSO,ZSX,1308.333333,5,2616.666667,1,0
BAU_Normal,2050,ZSX,PER,ZSO,PER,50,0,47.8409184,0.956818368,0
BAU_Extreme,2025,ZNX,ZNO,ZNO,ZNX,341.8,0,248.2623365,0.7263380236,0
BAU_Extreme,2025,ZNX,ZSX,ZNO,ZSO,664,0,241.5681678,0.3638074817,0
BAU_Extreme,2025,ZNO,ZSX,ZNX,ZSO,1732.05,0,583.68989,0.3369936722,0
BAU_Extreme,2025,ZNO,ZSO,ZNX,ZSX,673.65,0,110.7818131,0.1644501048,0
BAU_Extreme,2025,ZNO,COL,ZNX,COL,460,0,445.4017028,0.9682645712,0
BAU_Extreme,2025,ZSX,ZSO,ZSO,ZSX,1308.333333,0,1308.333333,1,0
BAU_Extreme,2025,ZSX,PER,ZSO,PER,50,0,44.75094432,0.8950188865,0
BAU_Extreme,2026,ZNX,ZNO,ZNO,ZNX,341.8,0,246.0127609,0.7197564684,0
BAU_Extreme,2026,ZNX,ZSX,ZNO,ZSO,664,0,230.4389009,0.3470465375,0
BAU_Extreme,2026,ZNO,ZSX,ZNX,ZSO,1732.05,0,610.9969701,0.3527594296,0
BAU_Extreme,2026,ZNO,ZSO,ZNX,ZSX,673.65,0,125.4159232,0.1861737151,0
BAU_Extreme,2026,ZNO,COL,ZNX,COL,460,0,417.7272525,0.9081027229,0
BAU_Extreme,2026,ZSX,ZSO,ZSO,ZSX,1308.333333,0,1308.333333,1,0
BAU_Extreme,2026,ZSX,PER,ZSO,PER,50,0,47.23916166,0.9447832331,0
BAU_Extreme,2027,ZNX,ZNO,ZNO,ZNX,341.8,0,214.8354927,0.6285415234,0
BAU_Extreme,2027,ZNX,ZSX,ZNO,ZSO,664,0,256.2698347,0.3859485463,0
BAU_Extreme,2027,ZNO,ZSX,ZNX,ZSO,1732.05,0,566.2804967,0.3269423496,0
BAU_Extreme,2027,ZNO,ZSO,ZNX,ZSX,673.65,0,103.0917524,0.1530345912,0
BAU_Extreme,2027,ZNO,COL,ZNX,COL,460,0,418.7975934,0.9104295508,0
BAU_Extreme,2027,ZSX,ZSO,ZSO,ZSX,1308.333333,0,1308.333333,1,0
BAU_Extreme,2027,ZSX,PER,ZSO,PER,50,0,46.83173485,0.936634697,0
BAU_Extreme,2028,ZNX,ZNO,ZNO,ZNX,341.8,0,333.9491832,0.9770309632,0
BAU_Extreme,2028,ZNX,ZSX,ZNO,ZSO,664,0,128.750642,0.1939015693,0
BAU_Extreme,2028,ZNO,ZSX,ZNX,ZSO,1732.05,0,713.5234465,0.411953146,0
BAU_Extreme,2028,ZNO,ZSO,ZNX,ZSX,673.65,0,80.39995242,0.1193497401,0
BAU_Extreme,2028,ZNO,COL,ZNX,COL,460,0,397.5215822,0.8641773526,0
BAU_Extreme,2028,ZSX,ZSO,ZSO,ZSX,1308.333333,1,1570,1,93.38144912
BAU_Extreme,2028,ZSX,PER,ZSO,PER,50,0,46.69629115,0.933925823,0
BAU_Extreme,2029,ZNX,ZNO,ZNO,ZNX,341.8,0,330.8493256,0.9679617485,0
BAU_Extreme,2029,ZNX,ZSX,ZNO,ZSO,664,0,206.253357,0.3106225256,0
BAU_Extreme,2029,ZNO,ZSX,ZNX,ZSO,1732.05,0,740.7616213,0.4276791209,0
BAU_Extreme,2029,ZNO,ZSO,ZNX,ZSX,673.65,0,45.06577088,0.0668979008,0
BAU_Extreme,2029,ZNO,COL,ZNX,COL,460,0,417.9049622,0.9084890482,0
BAU_Extreme,2029,ZSX,ZSO,ZSO,ZSX,1308.333333,1,1570,1,0
BAU_Extreme,2029,ZSX,PER,ZSO,PER,50,0,44.68445181,0.8936890361,0
BAU_Extreme,2030,ZNX,ZNO,ZNO,ZNX,341.8,0,330.6621609,0.9674141629,0
BAU_Extreme,2030,ZNX,ZSX,ZNO,ZSO,664,0,155.0717774,0.2335418334,0
BAU_Extreme,2030,ZNO,ZSX,ZNX,ZSO,1732.05,0,676.4608359,0.3905550278,0
BAU_Extreme,2030,ZNO,ZSO,ZNX,ZSX,673.65,0,60.73469553,0.090157642,0
BAU_Extreme,2030,ZNO,COL,ZNX,COL,460,0,453.6419886,0.9861782362,0
BAU_Extreme,2030,ZSX,ZSO,ZSO,ZSX,1308.333333,1,1570,1,0
BAU_Extreme,2030,ZSX,PER,ZSO,PER,50,0,44.84823625,0.8969647251,0
BAU_Extreme,2031,ZNX,ZNO,ZNO,ZNX,341.8,0,317.0216941,0.9275064194,0
BAU_Extreme,2031,ZNX,ZSX,ZNO,ZSO,664,0,164.3828702,0.2475645636,0
BAU_Extreme,2031,ZNO,ZSX,ZNX,ZSO,1732.05,0,716.9458642,0.4139290807,0
BAU_Extreme,2031,ZNO,ZSO,ZNX,ZSX,673.65,0,84.7686561,0.125834864,0
BAU_Extreme,2031,ZNO,COL,ZNX,COL,460,0,389.7244828,0.8472271365,0
BAU_Extreme,2031,ZSX,ZSO,ZSO,ZSX,1308.333333,1,1570,1,0
BAU_Extreme,2031,ZSX,PER,ZSO,PER,50,0,46.0957633,0.921915266,0
BAU_Extreme,2032,ZNX,ZNO,ZNO,ZNX,341.8,0,333.4242322,0.9754951204,0
BAU_Extreme,2032,ZNX,ZSX,ZNO,ZSO,664,0,189.8043753,0.2858499628,0
BAU_Extreme,2032,ZNO,ZSX,ZNX,ZSO,1732.05,0,541.7140079,0.3127588741,0
BAU_Extreme,2032,ZNO,ZSO,ZNX,ZSX,673.65,0,156.2458124,0.2319391559,0
BAU_Extreme,2032,ZNO,COL,ZNX,COL,460,0,449.2444328,0.9766183322,0
BAU_Extreme,2032,ZSX,ZSO,ZSO,ZSX,1308.333333,4,2355,1,221.9005623
BAU_Extreme,2032,ZSX,PER,ZSO,PER,50,0,44.80963988,0.8961927976,0
BAU_Extreme,2033,ZNX,ZNO,ZNO,ZNX,341.8,0,337.9988623,0.9888790589,0
BAU_Extreme,2033,ZNX,ZSX,ZNO,ZSO,664,0,137.9405286,0.20774176,0
BAU_Extreme,2033,ZNO,ZSX,ZNX,ZSO,1732.05,0,631.2367521,0.3644448786,0
BAU_Extreme,2033,ZNO,ZSO,ZNX,ZSX,673.65,0,131.2468031,0.194829367,0
BAU_Extreme,2033,ZNO,COL,ZNX,COL,460,0,438.222292,0.9526571565,0
BAU_Extreme,2033,ZSX,ZSO,ZSO,ZSX,1308.333333,4,2355,1,0
BAU_Extreme,2033,ZSX,PER,ZSO,PER,50,0,48.6720663,0.973441326,0
BAU_Extreme,2034,ZNX,ZNO,ZNO,ZNX,341.8,0,341.8,1,0
BAU_Extreme,2034,ZNX,ZSX,ZNO,ZSO,664,0,150.9498093,0.2273340501,0
BAU_Extreme,2034,ZNO,ZSX,ZNX,ZSO,1732.05,0,582.9825942,0.3365853146,0
BAU_Extreme,2034,ZNO,ZSO,ZNX,ZSX,673.65,0,128.2725462,0.1904142303,0
BAU_Extreme,2034,ZNO,COL,ZNX,COL,460,0,451.0214438,0.9804813996,0
BAU_Extreme,2034,ZSX,ZSO,ZSO,ZSX,1308.333333,4,2355,1,0
BAU_Extreme,2034,ZSX,PER,ZSO,PER,50,0,42.51820001,0.8503640003,0
BAU_Extreme,2035,ZNX,ZNO,ZNO,ZNX,341.8,0,332.1806478,0.9718567812,0
BAU_Extreme,2035,ZNX,ZSX,ZNO,ZSO,664,0,156.6532035,0.2359234992,0
BAU_Extreme,2035,ZNO,ZSX,ZNX,ZSO,1732.05,0,598.2902781,0.3454232142,0
BAU_Extreme,2035,ZNO,ZSO,ZNX,ZSX,673.65,0,141.3209797,0.2097839824,0
BAU_Extreme,2035,ZNO,COL,ZNX,COL,460,0,445.1511391,0.9677198676,0
BAU_Extreme,2035,ZSX,ZSO,ZSO,ZSX,1308.333333,4,2355,1,0
BAU_Extreme,2035,ZSX,PER,ZSO,PER,50,0,48.09168844,0.9618337688,0
BAU_Extreme,2036,ZNX,ZNO,ZNO,ZNX,341.8,0,293.1966325,0.8578017335,0
BAU_Extreme,2036,ZNX,ZSX,ZNO,ZSO,664,0,208.5341388,0.314057438,0
BAU_Extreme,2036,ZNO,ZSX,ZNX,ZSO,1732.05,0,543.2060924,0.3136203299,0
BAU_Extreme,2036,ZNO,ZSO,ZNX,ZSX,673.65,0,141.0490298,0.2093802863,0
BAU_Extreme,2036,ZNO,COL,ZNX,COL,460,0,449.862529,0.9779620196,0
BAU_Extreme,2036,ZSX,ZSO,ZSO,ZSX,1308.333333,4,2355,1,0
BAU_Extreme,2036,ZSX,PER,ZSO,PER,50,0,46.46688513,0.9293377027,0
BAU_Extreme,2037,ZNX,ZNO,ZNO,ZNX,341.8,0,341.6265797,0.9994926264,0
BAU_Extreme,2037,ZNX,ZSX,ZNO,ZSO,664,0,184.1806585,0.2773805098,0
BAU_Extreme,2037,ZNO,ZSX,ZNX,ZSO,1732.05,0,673.8120622,0.3890257569,0
BAU_Extreme,2037,ZNO,ZSO,ZNX,ZSX,673.65,0,96.38128882,0.143073241,0
BAU_Extreme,2037,ZNO,COL,ZNX,COL,460,0,433.201114,0.9417415522,0
BAU_Extreme,2037,ZSX,ZSO,ZSO,ZSX,1308.333333,4,2355,1,0
BAU_Extreme,2037,ZSX,PER,ZSO,PER,50,0,46.29968053,0.9259936105,0
BAU_Extreme,2038,ZNX,ZNO,ZNO,ZNX,341.8,0,281.1504205,0.8225582811,0
BAU_Extreme,2038,ZNX,ZSX,ZNO,ZSO,664,0,377.1806891,0.5680432064,0
BAU_Extreme,2038,ZNO,ZSX,ZNX,ZSO,1732.05,0,679.863544,0.3925195832,0
BAU_Extreme,2038,ZNO,ZSO,ZNX,ZSX,673.65,0,76.5264119,0.1135996614,0
BAU_Extreme,2038,ZNO,COL,ZNX,COL,460,0,399.0378327,0.8674735492,0
BAU_Extreme,2038,ZSX,ZSO,ZSO,ZSX,1308.333333,4,2355,1,0
BAU_Extreme,2038,ZSX,PER,ZSO,PER,50,0,46.91109681,0.9382219363,0
BAU_Extreme,2039,ZNX,ZNO,ZNO,ZNX,341.8,0,341.8,1,0
BAU_Extreme,2039,ZNX,ZSX,ZNO,ZSO,664,0,409.0354687,0.6160172721,0
BAU_Extreme,2039,ZNO,ZSX,ZNX,ZSO,1732.05,0,896.0703491,0.5173466985,0
BAU_Extreme,2039,ZNO,ZSO,ZNX,ZSX,673.65,0,104.4021638,0.154979832,0
BAU_Extreme,2039,ZNO,COL,ZNX,COL,460,0,433.4041206,0.942182871,0
BAU_Extreme,2039,ZSX,ZSO,ZSO,ZSX,1308.333333,4,2355,1,0
BAU_Extreme,2039,ZSX,PER,ZSO,PER,50,0,45.21312653,0.9042625306,0
BAU_Extreme,2040,ZNX,ZNO,ZNO,ZNX,341.8,0,341.8,1,0
BAU_Extreme,2040,ZNX,ZSX,ZNO,ZSO,664,0,481.9796292,0.7258729355,0
BAU_Extreme,2040,ZNO,ZSX,ZNX,ZSO,1732.05,0,1068.714671,0.6170229907,0
BAU_Extreme,2040,ZNO,ZSO,ZNX,ZSX,673.65,0,131.3663426,0.1950068175,0
BAU_Extreme,2040,ZNO,COL,ZNX,COL,460,0,413.6257102,0.8991863266,0
BAU_Extreme,2040,ZSX,ZSO,ZSO,ZSX,1308.333333,4,2355,1,0
BAU_Extreme,2040,ZSX,PER,ZSO,PER,50,0,47.95331384,0.9590662769,0
BAU_Extreme,2041,ZNX,ZNO,ZNO,ZNX,341.8,0,341.8,1,0
BAU_Extreme,2041,ZNX,ZSX,ZNO,ZSO,664,0,444.0495315,0.6687492944,0
BAU_Extreme,2041,ZNO,ZSX,ZNX,ZSO,1732.05,0,1092.313246,0.6306476405,0
BAU_Extreme,2041,ZNO,ZSO,ZNX,ZSX,673.65,0,121.5889495,0.1804927626,0
BAU_Extreme,2041,ZNO,COL,ZNX,COL,460,0,410.4897953,0.8923691202,0
BAU_Extreme,2041,ZSX,ZSO,ZSO,ZSX,1308.333333,4,2355,1,0
BAU_Extreme,2041,ZSX,PER,ZSO,PER,50,0,49.43440382,0.9886880764,0
BAU_Extreme,2042,ZNX,ZNO,ZNO,ZNX,341.8,0,341.8,1,0
BAU_Extreme,2042,ZNX,ZSX,ZNO,ZSO,664,0,560.7633114,0.8445230593,0
BAU_Extreme,2042,ZNO,ZSX,ZNX,ZSO,1732.05,0,1231.641625,0.7110889553,0
BAU_Extreme,2042,ZNO,ZSO,ZNX,ZSX,673.65,0,197.4860701,0.2931582722,0
BAU_Extreme,2042,ZNO,COL,ZNX,COL,460,0,455.0603238,0.9892615734,0
BAU_Extreme,2042,ZSX,ZSO,ZSO,ZSX,1308.333333,4,2355,1,0
BAU_Extreme,2042,ZSX,PER,ZSO,PER,50,0,48.07600788,0.9615201576,0
BAU_Extreme,2043,ZNX,ZNO,ZNO,ZNX,341.8,0,485.7853378,1.421256108,0
BAU_Extreme,2043,ZNX,ZSX,ZNO,ZSO,664,0,544.3435229,0.8197944623,0
BAU_Extreme,2043,ZNO,ZSX,ZNX,ZSO,1732.05,0,1242.996094,0.7176444639,0
BAU_Extreme,2043,ZNO,ZSO,ZNX,ZSX,673.65,0,159.9647775,0.2374597752,0
BAU_Extreme,2043,ZNO,COL,ZNX,COL,460,0,415.697419,0.9036900414,0
BAU_Extreme,2043,ZSX,ZSO,ZSO,ZSX,1308.333333,4,2355,1,0
BAU_Extreme,2043,ZSX,PER,ZSO,PER,50,0,47.96468671,0.9592937341,0
BAU_Extreme,2044,ZNX,ZNO,ZNO,ZNX,341.8,0,512.7,1.5,0
BAU_Extreme,2044,ZNX,ZSX,ZNO,ZSO,664,0,664,1,0
BAU_Extreme,2044,ZNO,ZSX,ZNX,ZSO,1732.05,0,1610.573418,0.9298654299,0
BAU_Extreme,2044,ZNO,ZSO,ZNX,ZSX,673.65,0,368.8068136,0.5474754154,0
BAU_Extreme,2044,ZNO,COL,ZNX,COL,460,0,428.3164532,0.9311227244,0
BAU_Extreme,2044,ZSX,ZSO,ZSO,ZSX,1308.333333,4,2355,1,0
BAU_Extreme,2044,ZSX,PER,ZSO,PER,50,0,46.33046382,0.9266092763,0
BAU_Extreme,2045,ZNX,ZNO,ZNO,ZNX,341.8,0,512.7,1.5,0
BAU_Extreme,2045,ZNX,ZSX,ZNO,ZSO,664,0,664,1,0
BAU_Extreme,2045,ZNO,ZSX,ZNX,ZSO,1732.05,0,1610.573418,0.9298654299,0
BAU_Extreme,2045,ZNO,ZSO,ZNX,ZSX,673.65,0,354.8014618,0.5266851656,0
BAU_Extreme,2045,ZNO,COL,ZNX,COL,460,0,428.9835193,0.932572868,0
BAU_Extreme,2045,ZSX,ZSO,ZSO,ZSX,1308.333333,4,2355,1,0
BAU_Extreme,2045,ZSX,PER,ZSO,PER,50,0,47.83804383,0.9567608766,0
BAU_Extreme,2046,ZNX,ZNO,ZNO,ZNX,341.8,0,1025.4,3,0
BAU_Extreme,2046,ZNX,ZSX,ZNO,ZSO,664,0,664,1,0
BAU_Extreme,2046,ZNO,ZSX,ZNX,ZSO,1732.05,0,1610.573418,0.9298654299,0
BAU_Extreme,2046,ZNO,ZSO,ZNX,ZSX,673.65,0,336.4525507,0.4994471174,0
BAU_Extreme,2046,ZNO,COL,ZNX,COL,460,0,418.9916712,0.9108514592,0
BAU_Extreme,2046,ZSX,ZSO,ZSO,ZSX,1308.333333,4,2331.25493,0.9899171679,0
BAU_Extreme,2046,ZSX,PER,ZSO,PER,50,0,48.27305654,0.9654611308,0
BAU_Extreme,2047,ZNX,ZNO,ZNO,ZNX,341.8,0,1025.4,3,0
BAU_Extreme,2047,ZNX,ZSX,ZNO,ZSO,664,0,664,1,0
BAU_Extreme,2047,ZNO,ZSX,ZNX,ZSO,1732.05,0,1610.573418,0.9298654299,0
BAU_Extreme,2047,ZNO,ZSO,ZNX,ZSX,673.65,0,321.152829,0.4767354397,0
BAU_Extreme,2047,ZNO,COL,ZNX,COL,460,0,403.0689563,0.8762368614,0
BAU_Extreme,2047,ZSX,ZSO,ZSO,ZSX,1308.333333,4,2355,1,0
BAU_Extreme,2047,ZSX,PER,ZSO,PER,50,0,44.89439705,0.897887941,0
BAU_Extreme,2048,ZNX,ZNO,ZNO,ZNX,341.8,0,1025.4,3,0
BAU_Extreme,2048,ZNX,ZSX,ZNO,ZSO,664,0,664,1,0
BAU_Extreme,2048,ZNO,ZSX,ZNX,ZSO,1732.05,0,1610.573418,0.9298654299,0
BAU_Extreme,2048,ZNO,ZSO,ZNX,ZSX,673.65,0,307.7999448,0.4569137458,0
BAU_Extreme,2048,ZNO,COL,ZNX,COL,460,0,444.7546262,0.9668578831,0
BAU_Extreme,2048,ZSX,ZSO,ZSO,ZSX,1308.333333,4,2355,1,0
BAU_Extreme,2048,ZSX,PER,ZSO,PER,50,0,48.3708806,0.967417612,0
BAU_Extreme,2049,ZNX,ZNO,ZNO,ZNX,341.8,0,1025.4,3,0
BAU_Extreme,2049,ZNX,ZSX,ZNO,ZSO,664,0,664,1,0
BAU_Extreme,2049,ZNO,ZSX,ZNX,ZSO,1732.05,0,1610.573418,0.9298654299,0
BAU_Extreme,2049,ZNO,ZSO,ZNX,ZSX,673.65,0,290.9679962,0.4319275532,0
BAU_Extreme,2049,ZNO,COL,ZNX,COL,460,0,431.2676966,0.9375384708,0
BAU_Extreme,2049,ZSX,ZSO,ZSO,ZSX,1308.333333,4,2355,1,0
BAU_Extreme,2049,ZSX,PER,ZSO,PER,50,0,43.79684808,0.8759369616,0
BAU_Extreme,2050,ZNX,ZNO,ZNO,ZNX,341.8,0,1025.4,3,0
BAU_Extreme,2050,ZNX,ZSX,ZNO,ZSO,664,0,664,1,0
BAU_Extreme,2050,ZNO,ZSX,ZNX,ZSO,1732.05,0,1610.573418,0.9298654299,0
BAU_Extreme,2050,ZNO,ZSO,ZNX,ZSX,673.65,0,272.3397677,0.4042748722,0
BAU_Extreme,2050,ZNO,COL,ZNX,COL,460,0,407.4831628,0.8858329626,0
BAU_Extreme,2050,ZSX,ZSO,ZSO,ZSX,1308.333333,4,2355,1,0
BAU_Extreme,2050,ZSX,PER,ZSO,PER,50,0,47.8409184,0.956818368,0
REN100_Normal,2025,ZNX,ZNO,ZNO,ZNX,341.8,0,235.3652334,0.68860513,0
REN100_Normal,2025,ZNX,ZSX,ZNO,ZSO,664,0,242.6013542,0.3653634852,0
REN100_Normal,2025,ZNO,ZSX,ZNX,ZSO,1732.05,0,623.6120193,0.3600427351,0
REN100_Normal,2025,ZNO,ZSO,ZNX,ZSX,673.65,0,92.92312381,0.1379397667,0
REN100_Normal,2025,ZNO,COL,ZNX,COL,460,0,445.4017028,0.9682645712,0
REN100_Normal,2025,ZSX,ZSO,ZSO,ZSX,1308.333333,0,1308.333333,1,0
REN100_Normal,2025,ZSX,PER,ZSO,PER,50,0,44.75094432,0.8950188865,0
REN100_Normal,2026,ZNX,ZNO,ZNO,ZNX,341.8,0,246.0127609,0.7197564684,0
REN100_Normal,2026,ZNX,ZSX,ZNO,ZSO,664,0,283.4838296,0.4269334783,0
REN100_Normal,2026,ZNO,ZSX,ZNX,ZSO,1732.05,0,662.196352,0.3823194203,0
REN100_Normal,2026,ZNO,ZSO,ZNX,ZSX,673.65,0,110.5815952,0.1641528913,0
REN100_Normal,2026,ZNO,COL,ZNX,COL,460,0,417.7272525,0.9081027229,0
REN100_Normal,2026,ZSX,ZSO,ZSO,ZSX,1308.333333,0,1308.333333,1,0
REN100_Normal,2026,ZSX,PER,ZSO,PER,50,0,47.23916166,0.9447832331,0
REN100_Normal,2027,ZNX,ZNO,ZNO,ZNX,341.8,0,233.7010212,0.6837361651,0
REN100_Normal,2027,ZNX,ZSX,ZNO,ZSO,664,0,262.1271236,0.3947697645,0
REN100_Normal,2027,ZNO,ZSX,ZNX,ZSO,1732.05,0,671.5071426,0.3876950103,0
REN100_Normal,2027,ZNO,ZSO,ZNX,ZSX,673.65,0,92.43499104,0.1372151578,0
REN100_Normal,2027,ZNO,COL,ZNX,COL,460,0,418.7975934,0.9104295508,0
REN100_Normal,2027,ZSX,ZSO,ZSO,ZSX,1308.333333,0,1308.333333,1,0
REN100_Normal,2027,ZSX,PER,ZSO,PER,50,0,46.83173485,0.936634697,0
REN100_Normal,2028,ZNX,ZNO,ZNO,ZNX,341.8,0,328.6422697,0.9615045924,0
REN100_Normal,2028,ZNX,ZSX,ZNO,ZSO,664,0,267.4598206,0.4028009346,0
REN100_Normal,2028,ZNO,ZSX,ZNX,ZSO,1732.05,0,776.2265904,0.4481548399,0
REN100_Normal,2028,ZNO,ZSO,ZNX,ZSX,673.65,0,54.55989173,0.08099145214,0
REN100_Normal,2028,ZNO,COL,ZNX,COL,460,0,397.5215822,0.8641773526,0
REN100_Normal,2028,ZSX,ZSO,ZSO,ZSX,1308.333333,0,1308.333333,1,0
REN100_Normal,2028,ZSX,PER,ZSO,PER,50,0,46.69629115,0.933925823,0
REN100_Normal,2029,ZNX,ZNO,ZNO,ZNX,341.8,0,341.8,1,0
REN100_Normal,2029,ZNX,ZSX,ZNO,ZSO,664,0,122.3435011,0.1842522607,0
REN100_Normal,2029,ZNO,ZSX,ZNX,ZSO,1732.05,0,780.3807377,0.4505532391,0
REN100_Normal,2029,ZNO,ZSO,ZNX,ZSX,673.65,0,72.12776136,0.1070700829,0
REN100_Normal,2029,ZNO,COL,ZNX,COL,460,0,417.9049622,0.9084890482,0
REN100_Normal,2029,ZSX,ZSO,ZSO,ZSX,1308.333333,0,1710.863495,1.307666366,0
REN100_Normal,2029,ZSX,PER,ZSO,PER,50,0,44.68445181,0.8936890361,0
REN100_Normal,2030,ZNX,ZNO,ZNO,ZNX,341.8,0,341.8,1,0
REN100_Normal,2030,ZNX,ZSX,ZNO,ZSO,664,0,158.1359727,0.2381565854,0
REN100_Normal,2030,ZNO,ZSX,ZNX,ZSO,1732.05,0,808.7946562,0.4669580302,0
REN100_Normal,2030,ZNO,ZSO,ZNX,ZSX,673.65,0,81.48380567,0.1209586665,0
REN100_Normal,2030,ZNO,COL,ZNX,COL,460,0,453.6419886,0.9861782362,0
REN100_Normal,2030,ZSX,ZSO,ZSO,ZSX,1308.333333,0,1687.810925,1.290046567,0
REN100_Normal,2030,ZSX,PER,ZSO,PER,50,0,44.84823625,0.8969647251,0
REN100_Normal,2031,ZNX,ZNO,ZNO,ZNX,341.8,0,285.5290225,0.8353687023,0
REN100_Normal,2031,ZNX,ZSX,ZNO,ZSO,664,0,156.1689828,0.2351942512,0
REN100_Normal,2031,ZNO,ZSX,ZNX,ZSO,1732.05,0,484.2360637,0.2795739521,0
REN100_Normal,2031,ZNO,ZSO,ZNX,ZSX,673.65,0,250.6644134,0.3720988842,0
REN100_Normal,2031,ZNO,COL,ZNX,COL,460,0,389.7244828,0.8472271365,0
REN100_Normal,2031,ZSX,ZSO,ZSO,ZSX,1308.333333,0,2355,1.8,0
REN100_Normal,2031,ZSX,PER,ZSO,PER,50,0,46.0957633,0.921915266,0
REN100_Normal,2032,ZNX,ZNO,ZNO,ZNX,341.8,0,293.3494543,0.8582488422,0
REN100_Normal,2032,ZNX,ZSX,ZNO,ZSO,664,0,209.9047724,0.3161216452,0
REN100_Normal,2032,ZNO,ZSX,ZNX,ZSO,1732.05,0,465.4409208,0.2687225662,0
REN100_Normal,2032,ZNO,ZSO,ZNX,ZSX,673.65,0,225.6708557,0.334997188,0
REN100_Normal,2032,ZNO,COL,ZNX,COL,460,0,449.2444328,0.9766183322,0
REN100_Normal,2032,ZSX,ZSO,ZSO,ZSX,1308.333333,0,2530.04168,1.933789819,0
REN100_Normal,2032,ZSX,PER,ZSO,PER,50,0,44.80963988,0.8961927976,0
REN100_Normal,2033,ZNX,ZNO,ZNO,ZNX,341.8,0,327.6616191,0.9586355151,0
REN100_Normal,2033,ZNX,ZSX,ZNO,ZSO,664,0,188.1605325,0.283374296,0
REN100_Normal,2033,ZNO,ZSX,ZNX,ZSO,1732.05,0,543.8648086,0.3140006401,0
REN100_Normal,2033,ZNO,ZSO,ZNX,ZSX,673.65,0,246.5074482,0.3659280758,0
REN100_Normal,2033,ZNO,COL,ZNX,COL,460,0,438.222292,0.9526571565,0
REN100_Normal,2033,ZSX,ZSO,ZSO,ZSX,1308.333333,0,2704.398202,2.06705595,0
REN100_Normal,2033,ZSX,PER,ZSO,PER,50,0,48.6720663,0.973441326,0
REN100_Normal,2034,ZNX,ZNO,ZNO,ZNX,341.8,0,340.110871,0.9950581364,0
REN100_Normal,2034,ZNX,ZSX,ZNO,ZSO,664,0,188.6928522,0.2841759823,0
REN100_Normal,2034,ZNO,ZSX,ZNX,ZSO,1732.05,0,540.6467409,0.3121426869,0
REN100_Normal,2034,ZNO,ZSO,ZNX,ZSX,673.65,0,226.0758188,0.3355983356,0
REN100_Normal,2034,ZNO,COL,ZNX,COL,460,0,451.0214438,0.9804813996,0
REN100_Normal,2034,ZSX,ZSO,ZSO,ZSX,1308.333333,0,2729.69269,2.086389318,0
REN100_Normal,2034,ZSX,PER,ZSO,PER,50,0,42.51820001,0.8503640003,0
REN100_Normal,2035,ZNX,ZNO,ZNO,ZNX,341.8,0,273.857916,0.8012226916,0
REN100_Normal,2035,ZNX,ZSX,ZNO,ZSO,664,0,106.2321699,0.1599882076,0
REN100_Normal,2035,ZNO,ZSX,ZNX,ZSO,1732.05,0,488.4658354,0.282016013,0
REN100_Normal,2035,ZNO,ZSO,ZNX,ZSX,673.65,0,260.9099304,0.3873078459,0
REN100_Normal,2035,ZNO,COL,ZNX,COL,460,0,445.1511391,0.9677198676,0
REN100_Normal,2035,ZSX,ZSO,ZSO,ZSX,1308.333333,0,2736.883608,2.09188556,0
REN100_Normal,2035,ZSX,PER,ZSO,PER,50,0,48.09168844,0.9618337688,0
REN100_Normal,2036,ZNX,ZNO,ZNO,ZNX,341.8,0,284.7327594,0.8330390856,0
REN100_Normal,2036,ZNX,ZSX,ZNO,ZSO,664,0,102.7559583,0.1547529492,0
REN100_Normal,2036,ZNO,ZSX,ZNX,ZSO,1732.05,0,516.7732556,0.2983593174,0
REN100_Normal,2036,ZNO,ZSO,ZNX,ZSX,673.65,0,268.2049914,0.3981370021,0
REN100_Normal,2036,ZNO,COL,ZNX,COL,460,0,449.862529,0.9779620196,0
REN100_Normal,2036,ZSX,ZSO,ZSO,ZSX,1308.333333,0,2733.540689,2.089330463,0
REN100_Normal,2036,ZSX,PER,ZSO,PER,50,0,46.46688513,0.9293377027,0
REN100_Normal,2037,ZNX,ZNO,ZNO,ZNX,341.8,0,341.8,1,0
REN100_Normal,2037,ZNX,ZSX,ZNO,ZSO,664,0,92.91647797,0.1399344548,0
REN100_Normal,2037,ZNO,ZSX,ZNX,ZSO,1732.05,0,647.8052056,0.3740106842,0
REN100_Normal,2037,ZNO,ZSO,ZNX,ZSX,673.65,0,193.7568551,0.2876224376,0
REN100_Normal,2037,ZNO,COL,ZNX,COL,460,0,433.201114,0.9417415522,0
REN100_Normal,2037,ZSX,ZSO,ZSO,ZSX,1308.333333,0,2747.5,2.1,0
REN100_Normal,2037,ZSX,PER,ZSO,PER,50,0,46.29968053,0.9259936105,0
REN100_Normal,2038,ZNX,ZNO,ZNO,ZNX,341.8,0,341.8,1,0
REN100_Normal,2038,ZNX,ZSX,ZNO,ZSO,664,0,85.17870305,0.1282811793,0
REN100_Normal,2038,ZNO,ZSX,ZNX,ZSO,1732.05,0,748.5687516,0.4321865718,0
REN100_Normal,2038,ZNO,ZSO,ZNX,ZSX,673.65,0,133.77087,0.1985762191,0
REN100_Normal,2038,ZNO,COL,ZNX,COL,460,0,399.0378327,0.8674735492,0
REN100_Normal,2038,ZSX,ZSO,ZSO,ZSX,1308.333333,0,2661.932265,2.034597909,0
REN100_Normal,2038,ZSX,PER,ZSO,PER,50,0,46.91109681,0.9382219363,0
REN100_Normal,2039,ZNX,ZNO,ZNO,ZNX,341.8,0,299.535253,0.8763465565,0
REN100_Normal,2039,ZNX,ZSX,ZNO,ZSO,664,0,223.7227076,0.3369317885,0
REN100_Normal,2039,ZNO,ZSX,ZNX,ZSO,1732.05,0,745.6791494,0.4305182583,0
REN100_Normal,2039,ZNO,ZSO,ZNX,ZSX,673.65,0,158.2972924,0.2349844761,0
REN100_Normal,2039,ZNO,COL,ZNX,COL,460,0,433.4041206,0.942182871,0
REN100_Normal,2039,ZSX,ZSO,ZSO,ZSX,1308.333333,0,2747.5,2.1,0
REN100_Normal,2039,ZSX,PER,ZSO,PER,50,0,45.21312653,0.9042625306,0
REN100_Normal,2040,ZNX,ZNO,ZNO,ZNX,341.8,0,341.8,1,0
REN100_Normal,2040,ZNX,ZSX,ZNO,ZSO,664,0,308.3513776,0.4643846048,0
REN100_Normal,2040,ZNO,ZSX,ZNX,ZSO,1732.05,0,894.1398332,0.5162321141,0
REN100_Normal,2040,ZNO,ZSO,ZNX,ZSX,673.65,0,111.5767776,0.1656301902,0
REN100_Normal,2040,ZNO,COL,ZNX,COL,460,0,413.6257102,0.8991863266,0
REN100_Normal,2040,ZSX,ZSO,ZSO,ZSX,1308.333333,0,2747.5,2.1,0
REN100_Normal,2040,ZSX,PER,ZSO,PER,50,0,47.95331384,0.9590662769,0
REN100_Normal,2041,ZNX,ZNO,ZNO,ZNX,341.8,0,341.8,1,0
REN100_Normal,2041,ZNX,ZSX,ZNO,ZSO,664,0,425.6459614,0.6410330744,0
REN100_Normal,2041,ZNO,ZSX,ZNX,ZSO,1732.05,0,930.1133953,0.5370014695,0
REN100_Normal,2041,ZNO,ZSO,ZNX,ZSX,673.65,0,108.7975972,0.1615046347,0
REN100_Normal,2041,ZNO,COL,ZNX,COL,460,0,410.4897953,0.8923691202,0
REN100_Normal,2041,ZSX,ZSO,ZSO,ZSX,1308.333333,0,2747.5,2.1,0
REN100_Normal,2041,ZSX,PER,ZSO,PER,50,0,49.43440382,0.9886880764,0
REN100_Normal,2042,ZNX,ZNO,ZNO,ZNX,341.8,0,341.8,1,0
REN100_Normal,2042,ZNX,ZSX,ZNO,ZSO,664,0,480.6491972,0.7238692729,0
REN100_Normal,2042,ZNO,ZSX,ZNX,ZSO,1732.05,0,957.7575426,0.5529618329,0
REN100_Normal,2042,ZNO,ZSO,ZNX,ZSX,673.65,0,55.99800642,0.08312626204,0
REN100_Normal,2042,ZNO,COL,ZNX,COL,460,0,455.0603238,0.9892615734,0
REN100_Normal,2042,ZSX,ZSO,ZSO,ZSX,1308.333333,0,2747.5,2.1,0
REN100_Normal,2042,ZSX,PER,ZSO,PER,50,0,48.07600788,0.9615201576,0
REN100_Normal,2043,ZNX,ZNO,ZNO,ZNX,341.8,0,341.8,1,0
REN100_Normal,2043,ZNX,ZSX,ZNO,ZSO,664,0,578.3791721,0.8710529701,0
REN100_Normal,2043,ZNO,ZSX,ZNX,ZSO,1732.05,0,1131.878776,0.6534908206,0
REN100_Normal,2043,ZNO,ZSO,ZNX,ZSX,673.65,0,144.8132423,0.2149680728,0
REN100_Normal,2043,ZNO,COL,ZNX,COL,460,0,415.697419,0.9036900414,0
REN100_Normal,2043,ZSX,ZSO,ZSO,ZSX,1308.333333,0,2747.5,2.1,0
REN100_Normal,2043,ZSX,PER,ZSO,PER,50,0,47.96468671,0.9592937341,0
REN100_Normal,2044,ZNX,ZNO,ZNO,ZNX,341.8,0,341.8,1,0
REN100_Normal,2044,ZNX,ZSX,ZNO,ZSO,664,0,553.1620109,0.8330753176,0
REN100_Normal,2044,ZNO,ZSX,ZNX,ZSO,1732.05,0,1112.019372,0.6420249833,0
REN100_Normal,2044,ZNO,ZSO,ZNX,ZSX,673.65,0,108.1195282,0.160498075,0
REN100_Normal,2044,ZNO,COL,ZNX,COL,460,0,428.3164532,0.9311227244,0
REN100_Normal,2044,ZSX,ZSO,ZSO,ZSX,1308.333333,0,2747.5,2.1,0
REN100_Normal,2044,ZSX,PER,ZSO,PER,50,0,46.33046382,0.9266092763,0
REN100_Normal,2045,ZNX,ZNO,ZNO,ZNX,341.8,0,512.7,1.5,0
REN100_Normal,2045,ZNX,ZSX,ZNO,ZSO,664,0,572.7558879,0.8625841686,0
REN100_Normal,2045,ZNO,ZSX,ZNX,ZSO,1732.05,0,1377.081772,0.7950589026,0
REN100_Normal,2045,ZNO,ZSO,ZNX,ZSX,673.65,0,243.8369757,0.3619638918,0
REN100_Normal,2045,ZNO,COL,ZNX,COL,460,0,428.9835193,0.932572868,0
REN100_Normal,2045,ZSX,ZSO,ZSO,ZSX,1308.333333,0,2615.469746,1.999085156,0
REN100_Normal,2045,ZSX,PER,ZSO,PER,50,0,47.83804383,0.9567608766,0
REN100_Normal,2046,ZNX,ZNO,ZNO,ZNX,341.8,0,1025.4,3,0
REN100_Normal,2046,ZNX,ZSX,ZNO,ZSO,664,0,664,1,0
REN100_Normal,2046,ZNO,ZSX,ZNX,ZSO,1732.05,0,1449.516076,0.8368788869,0
REN100_Normal,2046,ZNO,ZSO,ZNX,ZSX,673.65,0,275.5733788,0.4090750074,0
REN100_Normal,2046,ZNO,COL,ZNX,COL,460,0,418.9916712,0.9108514592,0
REN100_Normal,2046,ZSX,ZSO,ZSO,ZSX,1308.333333,0,2551.631856,1.950291864,0
REN100_Normal,2046,ZSX,PER,ZSO,PER,50,0,48.27305654,0.9654611308,0
REN100_Normal,2047,ZNX,ZNO,ZNO,ZNX,341.8,0,1025.4,3,0
REN100_Normal,2047,ZNX,ZSX,ZNO,ZSO,664,0,664,1,0
REN100_Normal,2047,ZNO,ZSX,ZNX,ZSO,1732.05,0,1449.516076,0.8368788869,0
REN100_Normal,2047,ZNO,ZSO,ZNX,ZSX,673.65,0,257.8694151,0.3827943518,0
REN100_Normal,2047,ZNO,COL,ZNX,COL,460,0,403.0689563,0.8762368614,0
REN100_Normal,2047,ZSX,ZSO,ZSO,ZSX,1308.333333,0,2667.727658,2.03902751,0
REN100_Normal,2047,ZSX,PER,ZSO,PER,50,0,44.89439705,0.897887941,0
REN100_Normal,2048,ZNX,ZNO,ZNO,ZNX,341.8,0,1025.4,3,0
REN100_Normal,2048,ZNX,ZSX,ZNO,ZSO,664,0,664,1,0
REN100_Normal,2048,ZNO,ZSX,ZNX,ZSO,1732.05,0,1449.516076,0.8368788869,0
REN100_Normal,2048,ZNO,ZSO,ZNX,ZSX,673.65,0,283.4654103,0.4207903367,0
REN100_Normal,2048,ZNO,COL,ZNX,COL,460,0,444.7546262,0.9668578831,0
REN100_Normal,2048,ZSX,ZSO,ZSO,ZSX,1308.333333,0,3140,2.4,0
REN100_Normal,2048,ZSX,PER,ZSO,PER,50,0,48.3708806,0.967417612,0
REN100_Normal,2049,ZNX,ZNO,ZNO,ZNX,341.8,0,1025.4,3,0
REN100_Normal,2049,ZNX,ZSX,ZNO,ZSO,664,0,664,1,0
REN100_Normal,2049,ZNO,ZSX,ZNX,ZSO,1732.05,0,1449.516076,0.8368788869,0
REN100_Normal,2049,ZNO,ZSO,ZNX,ZSX,673.65,0,266.4230623,0.3954918167,0
REN100_Normal,2049,ZNO,COL,ZNX,COL,460,0,423.9093286,0.9215420188,0
REN100_Normal,2049,ZSX,ZSO,ZSO,ZSX,1308.333333,0,3140,2.4,0
REN100_Normal,2049,ZSX,PER,ZSO,PER,50,0,43.79684808,0.8759369616,0
REN100_Normal,2050,ZNX,ZNO,ZNO,ZNX,341.8,0,1025.4,3,0
REN100_Normal,2050,ZNX,ZSX,ZNO,ZSO,664,0,664,1,0
REN100_Normal,2050,ZNO,ZSX,ZNX,ZSO,1732.05,0,1449.516076,0.8368788869,0
REN100_Normal,2050,ZNO,ZSO,ZNX,ZSX,673.65,0,247.5619809,0.3674934772,0
REN100_Normal,2050,ZNO,COL,ZNX,COL,460,0,407.4831628,0.8858329626,0
REN100_Normal,2050,ZSX,ZSO,ZSO,ZSX,1308.333333,0,3140,2.4,0
REN100_Normal,2050,ZSX,PER,ZSO,PER,50,0,47.8409184,0.956818368,0
REN100_Extreme,2025,ZNX,ZNO,ZNO,ZNX,341.8,0,248.2623365,0.7263380236,0
REN100_Extreme,2025,ZNX,ZSX,ZNO,ZSO,664,0,241.5681678,0.3638074817,0
REN100_Extreme,2025,ZNO,ZSX,ZNX,ZSO,1732.05,0,583.68989,0.3369936722,0
REN100_Extreme,2025,ZNO,ZSO,ZNX,ZSX,673.65,0,110.7818131,0.1644501048,0
REN100_Extreme,2025,ZNO,COL,ZNX,COL,460,0,445.4017028,0.9682645712,0
REN100_Extreme,2025,ZSX,ZSO,ZSO,ZSX,1308.333333,0,1308.333333,1,0
REN100_Extreme,2025,ZSX,PER,ZSO,PER,50,0,44.75094432,0.8950188865,0
REN100_Extreme,2026,ZNX,ZNO,ZNO,ZNX,341.8,0,246.0127609,0.7197564684,0
REN100_Extreme,2026,ZNX,ZSX,ZNO,ZSO,664,0,230.4389009,0.3470465375,0
REN100_Extreme,2026,ZNO,ZSX,ZNX,ZSO,1732.05,0,610.9969701,0.3527594296,0
REN100_Extreme,2026,ZNO,ZSO,ZNX,ZSX,673.65,0,125.4159232,0.1861737151,0
REN100_Extreme,2026,ZNO,COL,ZNX,COL,460,0,417.7272525,0.9081027229,0
REN100_Extreme,2026,ZSX,ZSO,ZSO,ZSX,1308.333333,0,1308.333333,1,0
REN100_Extreme,2026,ZSX,PER,ZSO,PER,50,0,47.23916166,0.9447832331,0
REN100_Extreme,2027,ZNX,ZNO,ZNO,ZNX,341.8,0,214.8354927,0.6285415234,0
REN100_Extreme,2027,ZNX,ZSX,ZNO,ZSO,664,0,256.2698347,0.3859485463,0
REN100_Extreme,2027,ZNO,ZSX,ZNX,ZSO,1732.05,0,566.2804967,0.3269423496,0
REN100_Extreme,2027,ZNO,ZSO,ZNX,ZSX,673.65,0,103.0917524,0.1530345912,0
REN100_Extreme,2027,ZNO,COL,ZNX,COL,460,0,418.7975934,0.9104295508,0
REN100_Extreme,2027,ZSX,ZSO,ZSO,ZSX,1308.333333,0,1308.333333,1,0
REN100_Extreme,2027,ZSX,PER,ZSO,PER,50,0,46.83173485,0.936634697,0
REN100_Extreme,2028,ZNX,ZNO,ZNO,ZNX,341.8,0,341.8,1,0
REN100_Extreme,2028,ZNX,ZSX,ZNO,ZSO,664,0,72.3104018,0.1089012075,0
REN100_Extreme,2028,ZNO,ZSX,ZNX,ZSO,1732.05,0,716.0923024,0.4134362763,0
REN100_Extreme,2028,ZNO,ZSO,ZNX,ZSX,673.65,0,117.4621709,0.1743667645,0
REN100_Extreme,2028,ZNO,COL,ZNX,COL,460,0,397.5215822,0.8641773526,0
REN100_Extreme,2028,ZSX,ZSO,ZSO,ZSX,1308.333333,0,1764.270476,1.348486988,0
REN100_Extreme,2028,ZSX,PER,ZSO,PER,50,0,46.69629115,0.933925823,0
REN100_Extreme,2029,ZNX,ZNO,ZNO,ZNX,341.8,0,341.8,1,0
REN100_Extreme,2029,ZNX,ZSX,ZNO,ZSO,664,0,117.6230479,0.1771431444,0
REN100_Extreme,2029,ZNO,ZSX,ZNX,ZSO,1732.05,0,728.3854265,0.4205337181,0
REN100_Extreme,2029,ZNO,ZSO,ZNX,ZSX,673.65,0,107.3118783,0.1592991588,0
REN100_Extreme,2029,ZNO,COL,ZNX,COL,460,0,417.9049622,0.9084890482,0
REN100_Extreme,2029,ZSX,ZSO,ZSO,ZSX,1308.333333,0,1771.479107,1.35399677,0
REN100_Extreme,2029,ZSX,PER,ZSO,PER,50,0,44.68445181,0.8936890361,0
REN100_Extreme,2030,ZNX,ZNO,ZNO,ZNX,341.8,0,341.8,1,0
REN100_Extreme,2030,ZNX,ZSX,ZNO,ZSO,664,0,137.6484798,0.2073019274,0
REN100_Extreme,2030,ZNO,ZSX,ZNX,ZSO,1732.05,0,741.7457222,0.428247292,0
REN100_Extreme,2030,ZNO,ZSO,ZNX,ZSX,673.65,0,135.3022942,0.2008495424,0
REN100_Extreme,2030,ZNO,COL,ZNX,COL,460,0,453.6419886,0.9861782362,0
REN100_Extreme,2030,ZSX,ZSO,ZSO,ZSX,1308.333333,0,1757.079396,1.342990621,0
REN100_Extreme,2030,ZSX,PER,ZSO,PER,50,0,44.84823625,0.8969647251,0
REN100_Extreme,2031,ZNX,ZNO,ZNO,ZNX,341.8,0,293.0296722,0.8573132598,0
REN100_Extreme,2031,ZNX,ZSX,ZNO,ZSO,664,0,188.5797661,0.2840056719,0
REN100_Extreme,2031,ZNO,ZSX,ZNX,ZSO,1732.05,0,505.1842653,0.2916684076,0
REN100_Extreme,2031,ZNO,ZSO,ZNX,ZSX,673.65,0,258.011858,0.3830058012,0
REN100_Extreme,2031,ZNO,COL,ZNX,COL,460,0,389.7244828,0.8472271365,0
REN100_Extreme,2031,ZSX,ZSO,ZSO,ZSX,1308.333333,0,2355,1.8,0
REN100_Extreme,2031,ZSX,PER,ZSO,PER,50,0,46.0957633,0.921915266,0
REN100_Extreme,2032,ZNX,ZNO,ZNO,ZNX,341.8,0,338.0740318,0.9890989813,0
REN100_Extreme,2032,ZNX,ZSX,ZNO,ZSO,664,0,231.4246717,0.3485311321,0
REN100_Extreme,2032,ZNO,ZSX,ZNX,ZSO,1732.05,0,494.364971,0.2854218822,0
REN100_Extreme,2032,ZNO,ZSO,ZNX,ZSX,673.65,0,240.7231236,0.3573415328,0
REN100_Extreme,2032,ZNO,COL,ZNX,COL,460,0,449.2444328,0.9766183322,0
REN100_Extreme,2032,ZSX,ZSO,ZSO,ZSX,1308.333333,0,2603.379276,1.989844033,0
REN100_Extreme,2032,ZSX,PER,ZSO,PER,50,0,44.80963988,0.8961927976,0
REN100_Extreme,2033,ZNX,ZNO,ZNO,ZNX,341.8,0,292.1793231,0.8548254039,0
REN100_Extreme,2033,ZNX,ZSX,ZNO,ZSO,664,0,225.0240694,0.3388916707,0
REN100_Extreme,2033,ZNO,ZSX,ZNX,ZSO,1732.05,0,489.5695632,0.2826532509,0
REN100_Extreme,2033,ZNO,ZSO,ZNX,ZSX,673.65,0,277.9886811,0.4126604039,0
REN100_Extreme,2033,ZNO,COL,ZNX,COL,460,0,438.222292,0.9526571565,0
REN100_Extreme,2033,ZSX,ZSO,ZSO,ZSX,1308.333333,0,2747.5,2.1,0
REN100_Extreme,2033,ZSX,PER,ZSO,PER,50,0,48.6720663,0.973441326,0
REN100_Extreme,2034,ZNX,ZNO,ZNO,ZNX,341.8,0,306.5898222,0.8969860217,0
REN100_Extreme,2034,ZNX,ZSX,ZNO,ZSO,664,0,234.6661038,0.353412807,0
REN100_Extreme,2034,ZNO,ZSX,ZNX,ZSO,1732.05,0,486.4926448,0.2808767904,0
REN100_Extreme,2034,ZNO,ZSO,ZNX,ZSX,673.65,0,258.0212049,0.3830196763,0
REN100_Extreme,2034,ZNO,COL,ZNX,COL,460,0,451.0214438,0.9804813996,0
REN100_Extreme,2034,ZSX,ZSO,ZSO,ZSX,1308.333333,0,2747.5,2.1,0
REN100_Extreme,2034,ZSX,PER,ZSO,PER,50,0,42.51820001,0.8503640003,0
REN100_Extreme,2035,ZNX,ZNO,ZNO,ZNX,341.8,0,277.7953533,0.8127424027,0
REN100_Extreme,2035,ZNX,ZSX,ZNO,ZSO,664,0,164.3048256,0.2474470265,0
REN100_Extreme,2035,ZNO,ZSX,ZNX,ZSO,1732.05,0,432.3475126,0.2496160692,0
REN100_Extreme,2035,ZNO,ZSO,ZNX,ZSX,673.65,0,264.9264904,0.3932702299,0
REN100_Extreme,2035,ZNO,COL,ZNX,COL,460,0,445.1511391,0.9677198676,0
REN100_Extreme,2035,ZSX,ZSO,ZSO,ZSX,1308.333333,0,2747.5,2.1,0
REN100_Extreme,2035,ZSX,PER,ZSO,PER,50,0,48.09168844,0.9618337688,0
REN100_Extreme,2036,ZNX,ZNO,ZNO,ZNX,341.8,0,341.8,1,0
REN100_Extreme,2036,ZNX,ZSX,ZNO,ZSO,664,0,168.432406,0.2536632621,0
REN100_Extreme,2036,ZNO,ZSX,ZNX,ZSO,1732.05,0,703.9807844,0.4064436849,0
REN100_Extreme,2036,ZNO,ZSO,ZNX,ZSX,673.65,0,184.4894616,0.2738654518,0
REN100_Extreme,2036,ZNO,COL,ZNX,COL,460,0,449.862529,0.9779620196,0
REN100_Extreme,2036,ZSX,ZSO,ZSO,ZSX,1308.333333,0,2747.5,2.1,0
REN100_Extreme,2036,ZSX,PER,ZSO,PER,50,0,46.46688513,0.9293377027,0
REN100_Extreme,2037,ZNX,ZNO,ZNO,ZNX,341.8,0,341.8,1,0
REN100_Extreme,2037,ZNX,ZSX,ZNO,ZSO,664,0,121.4587264,0.1829197687,0
REN100_Extreme,2037,ZNO,ZSX,ZNX,ZSO,1732.05,0,774.0989678,0.4469264558,0
REN100_Extreme,2037,ZNO,ZSO,ZNX,ZSX,673.65,0,123.8177864,0.1838013603,0
REN100_Extreme,2037,ZNO,COL,ZNX,COL,460,0,433.201114,0.9417415522,0
REN100_Extreme,2037,ZSX,ZSO,ZSO,ZSX,1308.333333,0,2645.587355,2.022104984,0
REN100_Extreme,2037,ZSX,PER,ZSO,PER,50,0,46.29968053,0.9259936105,0
REN100_Extreme,2038,ZNX,ZNO,ZNO,ZNX,341.8,0,341.8,1,0
REN100_Extreme,2038,ZNX,ZSX,ZNO,ZSO,664,0,178.3180495,0.2685512793,0
REN100_Extreme,2038,ZNO,ZSX,ZNX,ZSO,1732.05,0,814.0307494,0.4699810914,0
REN100_Extreme,2038,ZNO,ZSO,ZNX,ZSX,673.65,0,143.840121,0.2135235226,0
REN100_Extreme,2038,ZNO,COL,ZNX,COL,460,0,399.0378327,0.8674735492,0
REN100_Extreme,2038,ZSX,ZSO,ZSO,ZSX,1308.333333,0,2688.454848,2.054869947,0
REN100_Extreme,2038,ZSX,PER,ZSO,PER,50,0,46.91109681,0.9382219363,0
REN100_Extreme,2039,ZNX,ZNO,ZNO,ZNX,341.8,0,341.8,1,0
REN100_Extreme,2039,ZNX,ZSX,ZNO,ZSO,664,0,446.6695329,0.6726950796,0
REN100_Extreme,2039,ZNO,ZSX,ZNX,ZSO,1732.05,0,961.8137104,0.5553036635,0
REN100_Extreme,2039,ZNO,ZSO,ZNX,ZSX,673.65,0,114.6585224,0.1702048874,0
REN100_Extreme,2039,ZNO,COL,ZNX,COL,460,0,433.4041206,0.942182871,0
REN100_Extreme,2039,ZSX,ZSO,ZSO,ZSX,1308.333333,0,2401.881455,1.835832959,0
REN100_Extreme,2039,ZSX,PER,ZSO,PER,50,0,45.21312653,0.9042625306,0
REN100_Extreme,2040,ZNX,ZNO,ZNO,ZNX,341.8,0,341.8,1,0
REN100_Extreme,2040,ZNX,ZSX,ZNO,ZSO,664,0,482.2272303,0.7262458287,0
REN100_Extreme,2040,ZNO,ZSX,ZNX,ZSO,1732.05,0,1066.075089,0.6154990264,0
REN100_Extreme,2040,ZNO,ZSO,ZNX,ZSX,673.65,0,131.2555387,0.1948423346,0
REN100_Extreme,2040,ZNO,COL,ZNX,COL,460,0,413.6257102,0.8991863266,0
REN100_Extreme,2040,ZSX,ZSO,ZSO,ZSX,1308.333333,0,2461.781162,1.881616175,0
REN100_Extreme,2040,ZSX,PER,ZSO,PER,50,0,47.95331384,0.9590662769,0
REN100_Extreme,2041,ZNX,ZNO,ZNO,ZNX,341.8,0,341.8,1,0
REN100_Extreme,2041,ZNX,ZSX,ZNO,ZSO,664,0,538.0705519,0.8103472167,0
REN100_Extreme,2041,ZNO,ZSX,ZNX,ZSO,1732.05,0,1096.394697,0.6330040688,0
REN100_Extreme,2041,ZNO,ZSO,ZNX,ZSX,673.65,0,146.7118974,0.2177865322,0
REN100_Extreme,2041,ZNO,COL,ZNX,COL,460,0,410.4897953,0.8923691202,0
REN100_Extreme,2041,ZSX,ZSO,ZSO,ZSX,1308.333333,0,2434.812475,1.861003166,0
REN100_Extreme,2041,ZSX,PER,ZSO,PER,50,0,49.43440382,0.9886880764,0
REN100_Extreme,2042,ZNX,ZNO,ZNO,ZNX,341.8,0,512.7,1.5,0
REN100_Extreme,2042,ZNX,ZSX,ZNO,ZSO,664,0,629.5501805,0.9481177418,0
REN100_Extreme,2042,ZNO,ZSX,ZNX,ZSO,1732.05,0,1422.168024,0.8210894746,0
REN100_Extreme,2042,ZNO,ZSO,ZNX,ZSX,673.65,0,275.5516826,0.4090428006,0
REN100_Extreme,2042,ZNO,COL,ZNX,COL,460,0,455.0603238,0.9892615734,0
REN100_Extreme,2042,ZSX,ZSO,ZSO,ZSX,1308.333333,0,2337.465312,1.786597691,0
REN100_Extreme,2042,ZSX,PER,ZSO,PER,50,0,48.07600788,0.9615201576,0
REN100_Extreme,2043,ZNX,ZNO,ZNO,ZNX,341.8,0,512.7,1.5,0
REN100_Extreme,2043,ZNX,ZSX,ZNO,ZSO,664,0,664,1,0
REN100_Extreme,2043,ZNO,ZSX,ZNX,ZSO,1732.05,0,1449.516076,0.8368788869,0
REN100_Extreme,2043,ZNO,ZSO,ZNX,ZSX,673.65,0,294.2562569,0.436808813,0
REN100_Extreme,2043,ZNO,COL,ZNX,COL,460,0,415.697419,0.9036900414,0
REN100_Extreme,2043,ZSX,ZSO,ZSO,ZSX,1308.333333,0,2474.52997,1.891360486,0
REN100_Extreme,2043,ZSX,PER,ZSO,PER,50,0,47.96468671,0.9592937341,0
REN100_Extreme,2044,ZNX,ZNO,ZNO,ZNX,341.8,0,1025.4,3,0
REN100_Extreme,2044,ZNX,ZSX,ZNO,ZSO,664,0,664,1,0
REN100_Extreme,2044,ZNO,ZSX,ZNX,ZSO,1732.05,0,1449.516076,0.8368788869,0
REN100_Extreme,2044,ZNO,ZSO,ZNX,ZSX,673.65,0,313.011883,0.4646506093,0
REN100_Extreme,2044,ZNO,COL,ZNX,COL,460,0,428.3164532,0.9311227244,0
REN100_Extreme,2044,ZSX,ZSO,ZSO,ZSX,1308.333333,0,2325.817019,1.777694537,0
REN100_Extreme,2044,ZSX,PER,ZSO,PER,50,0,46.33046382,0.9266092763,0
REN100_Extreme,2045,ZNX,ZNO,ZNO,ZNX,341.8,0,1025.4,3,0
REN100_Extreme,2045,ZNX,ZSX,ZNO,ZSO,664,0,664,1,0
REN100_Extreme,2045,ZNO,ZSX,ZNX,ZSO,1732.05,0,1449.516076,0.8368788869,0
REN100_Extreme,2045,ZNO,ZSO,ZNX,ZSX,673.65,0,296.8056903,0.4405933204,0
REN100_Extreme,2045,ZNO,COL,ZNX,COL,460,0,428.9835193,0.932572868,0
REN100_Extreme,2045,ZSX,ZSO,ZSO,ZSX,1308.333333,0,2747.5,2.1,0
REN100_Extreme,2045,ZSX,PER,ZSO,PER,50,0,47.83804383,0.9567608766,0
REN100_Extreme,2046,ZNX,ZNO,ZNO,ZNX,341.8,0,1025.4,3,0
REN100_Extreme,2046,ZNX,ZSX,ZNO,ZSO,664,0,664,1,0
REN100_Extreme,2046,ZNO,ZSX,ZNX,ZSO,1732.05,0,1449.516076,0.8368788869,0
REN100_Extreme,2046,ZNO,ZSO,ZNX,ZSX,673.65,0,275.5733788,0.4090750074,0
REN100_Extreme,2046,ZNO,COL,ZNX,COL,460,0,418.9916712,0.9108514592,0
REN100_Extreme,2046,ZSX,ZSO,ZSO,ZSX,1308.333333,0,2715.525805,2.075561125,0
REN100_Extreme,2046,ZSX,PER,ZSO,PER,50,0,48.27305654,0.9654611308,0
REN100_Extreme,2047,ZNX,ZNO,ZNO,ZNX,341.8,0,1025.4,3,0
REN100_Extreme,2047,ZNX,ZSX,ZNO,ZSO,664,0,622.1797645,0.9370177176,0
REN100_Extreme,2047,ZNO,ZSX,ZNX,ZSO,1732.05,0,1416.317006,0.8177113861,0
REN100_Extreme,2047,ZNO,ZSO,ZNX,ZSX,673.65,0,318.7928744,0.4732322043,0
REN100_Extreme,2047,ZNO,COL,ZNX,COL,460,0,0,0,0
REN100_Extreme,2047,ZSX,ZSO,ZSO,ZSX,1308.333333,0,3925,3,0
REN100_Extreme,2047,ZSX,PER,ZSO,PER,50,0,0,0,0
REN100_Extreme,2048,ZNX,ZNO,ZNO,ZNX,341.8,0,1025.4,3,0
REN100_Extreme,2048,ZNX,ZSX,ZNO,ZSO,664,0,451.4027692,0.6798234476,0
REN100_Extreme,2048,ZNO,ZSX,ZNX,ZSO,1732.05,0,1280.745379,0.7394390341,0
REN100_Extreme,2048,ZNO,ZSO,ZNX,ZSX,673.65,0,197.1738822,0.2926948447,0
REN100_Extreme,2048,ZNO,COL,ZNX,COL,460,0,352.7154115,0.7667726337,0
REN100_Extreme,2048,ZSX,ZSO,ZSO,ZSX,1308.333333,0,3925,3,0
REN100_Extreme,2048,ZSX,PER,ZSO,PER,50,0,40.86306051,0.8172612101,0
REN100_Extreme,2049,ZNX,ZNO,ZNO,ZNX,341.8,0,1837.813975,5.376869441,0
REN100_Extreme,2049,ZNX,ZSX,ZNO,ZSO,664,0,664,1,0
REN100_Extreme,2049,ZNO,ZSX,ZNX,ZSO,1732.05,0,1353.720297,0.7815711422,0
REN100_Extreme,2049,ZNO,ZSO,ZNX,ZSX,673.65,0,277.7417919,0.4122939091,0
REN100_Extreme,2049,ZNO,COL,ZNX,COL,460,0,431.2676966,0.9375384708,0
REN100_Extreme,2049,ZSX,ZSO,ZSO,ZSX,1308.333333,0,3925,3,0
REN100_Extreme,2049,ZSX,PER,ZSO,PER,50,0,43.79684808,0.8759369616,0
REN100_Extreme,2050,ZNX,ZNO,ZNO,ZNX,341.8,0,1451.825965,4.247589132,0
REN100_Extreme,2050,ZNX,ZSX,ZNO,ZSO,664,0,664,1,0
REN100_Extreme,2050,ZNO,ZSX,ZNX,ZSO,1732.05,0,1180.112558,0.6813386208,0
REN100_Extreme,2050,ZNO,ZSO,ZNX,ZSX,673.65,0,203.1754989,0.3016039471,0
REN100_Extreme,2050,ZNO,COL,ZNX,COL,460,0,407.4831628,0.8858329626,0
REN100_Extreme,2050,ZSX,ZSO,ZSO,ZSX,1308.333333,0,3925,3,0
REN100_Extreme,2050,ZSX,PER,ZSO,PER,50,0,47.8409184,0.956818368,0
