Hydrology,Scenario,Representative_w,Year,PNS_GWh,CO2_kt,BIOENERGY_GWh,DIESEL_GWh,FUEL OIL_GWh,GAS_GWh,GEOTHERMAL_GWh,HYDRO_GWh,IMPORTS_GWh,NUCLEAR_GWh,PV_GWh,WIND_GWh,GenerationTotal_GWh
Baseline,REF,w23,2025,0,6592.054079,1131.938876,1462.604736,6974.7096,871.817612,0,30547.22827,0,0,113.9897145,554.4841211,41656.77293
Baseline,REF,w23,2026,0,4665.937709,1121.879484,377.5122656,5552.464121,430.6807707,1484.080492,33559.43651,0,0,117.207239,546.4812918,43189.74217
Baseline,REF,w23,2027,0,3884.350969,622.6337484,39.58855018,4791.9686,561.0891569,1093.273207,36187.52113,0,0,117.813158,985.1674029,44399.05496
Baseline,REF,w23,2028,0,4314.900356,812.71571,194.0545352,5258.87102,425.8758882,1507.885848,36731.54582,0,0,114.3346538,996.5365094,46041.81999
Baseline,REF,w23,2029,0,4973.110483,1129.86074,1759.389241,3909.795263,1936.511849,1501.76582,36634.21437,0,0,112.4188823,991.6202604,47975.57643
Baseline,REF,w23,2030,0,1860.824678,610.5895492,0,2205.96421,444.3466111,838.8654902,44285.60528,0,0,685.5303263,967.6247522,50038.52621
Baseline,REF,w23,2031,0,2410.792744,617.2298079,180.8327871,2765.552361,453.6179461,807.9710919,44693.96487,0,0,698.3251392,1822.573259,52040.06726
Baseline,REF,w23,2032,0,2006.932857,617.318249,151.562919,2261.384457,439.0508076,816.7208585,47308.96482,0,0,693.586543,1833.0813,54121.66995
Baseline,REF,w23,2033,0,1224.716255,596.3689234,38.32621093,1354.947581,373.4528051,862.3284268,49013.84146,0,0,660.291645,2304.546296,55204.10335
Baseline,REF,w23,2034,0,928.3979876,574.8274012,0,1064.806818,237.1701604,840.7982907,50599.1364,0,0,685.3478287,2306.09852,56308.18542
Baseline,REF,w23,2035,0,826.0885484,622.6403942,0,982.7761892,125.6405503,850.3880585,51830.21511,31.41100842,0,687.3961392,2303.881674,57434.34913
Baseline,REF,w23,2036,1.597979894,976.6766264,613.6454606,0,1155.214131,186.9742251,821.7112982,51903.80963,31.30607497,0,681.0423941,3187.734916,58581.43813
Baseline,REF,w23,2037,0,703.6505385,613.5973693,39.34564333,783.5539057,124.7564824,837.7960799,52966.24932,63.61308308,0,703.7169973,3622.067949,59754.69683
Baseline,REF,w23,2038,0,937.743783,635.132833,0,1179.987279,26.0087605,862.6016486,53943.92348,0,0,655.9494869,3646.187285,60949.79077
Baseline,REF,w23,2039,0,1030.196297,563.9143264,0,1284.605728,63.34103452,866.1163571,55104.11212,0,0,689.1450554,3597.551965,62168.78658
Baseline,REF,w23,2040,0,763.8687486,502.3502298,0,916.1986627,88.52547148,879.306543,56287.25304,0,0,683.3201242,4055.208244,63412.16232
Baseline,REF,w23,2041,0,942.8515734,556.9656576,0,1158.624261,87.30232804,831.6303222,56388.00454,0,0,1251.185869,4406.692583,64680.40556
Baseline,REF,w23,2042,0,1294.030407,601.3223116,0,1622.733841,90.13610395,872.5933507,56983.99275,5.23875041,0,1276.738946,4521.257621,65974.01367
Baseline,REF,w23,2043,0,1951.479579,661.9795111,0,2401.584127,287.6201742,877.4403754,57207.1656,0,0,1282.510753,4575.193406,67293.49395
Baseline,REF,w23,2044,0,2473.244234,659.6829196,106.8298505,2848.393624,588.5717826,866.5652557,57668.84494,0,0,1310.717845,4589.75761,68639.36383
Baseline,REF,w23,2045,0,1419.683852,0,0,0,3724.603749,831.609306,59518.01082,0,0,1750.64843,4187.278802,70012.1511
Baseline,REF,w23,2046,0,1730.931771,0,0,0,4566.350837,827.6392321,59979.26227,2.375533764,0,1769.203989,4267.562267,71412.39413
Baseline,REF,w23,2047,0,2024.227286,0,0,0,5355.926047,850.6929737,60542.50971,49.87321923,0,1735.378143,4306.261912,72840.64201
Baseline,REF,w23,2048,3.803973099,2365.960047,0,0,0,6282.387425,829.533995,60989.05064,204.9628643,0,1708.59347,4279.122483,74293.65087
Baseline,REF,w23,2049,0.1882376829,2719.364692,0,0,0,7236.990153,833.5667182,61475.51236,244.0332168,0,1734.079599,4259.033664,75783.21571
Baseline,REF,w23,2050,25.15752765,2961.064763,0,0,0,7875.411264,943.2519062,61783.43558,713.0599489,0,1708.51489,4250.240902,77273.9145
Baseline,BRIDGE,w17,2025,0,5378.712678,1010.860276,357.1168432,6072.157,1543.356674,0,29091.00564,0,0,2262.519147,1319.757354,41656.77293
Baseline,BRIDGE,w17,2026,0,3804.841322,931.3786861,42.22526995,4420.608161,1241.635836,0,33018.84145,0,0,2268.037496,1267.015278,43189.74217
Baseline,BRIDGE,w17,2027,0,3560.877597,632.9333614,32.05789185,4486.024732,469.1836343,0,34614.98137,0,0,2851.986463,1311.887504,44399.05496
Baseline,BRIDGE,w17,2028,0,3397.873392,618.1881624,0,4292.693271,482.0363198,0,35431.23336,0,0,3454.502502,1763.166378,46041.81999
Baseline,BRIDGE,w17,2029,0,3897.131961,629.5486415,1155.126014,3302.399176,1622.143538,0,35616.48598,0,0,3445.22601,2204.647071,47975.57643
Baseline,BRIDGE,w17,2030,0,1152.757448,621.2581589,0,1351.31608,376.4064539,0,41026.80059,0,0,4002.074571,2660.670358,50038.52621
Baseline,BRIDGE,w17,2031,0,1305.24276,570.676984,0,1534.828503,416.5442758,0,41758.95557,0,0,3966.997581,3792.064353,52040.06726
Baseline,BRIDGE,w17,2032,0,980.6978652,544.4982489,69.53530862,1098.353189,290.7105527,0,42176.07371,0,0,5666.649216,4275.849728,54121.66995
Baseline,BRIDGE,w17,2033,0,878.8508905,553.7657227,0,1097.33409,150.9468187,0,41941.71636,0,0,6804.076327,4656.26403,55204.10335
Baseline,BRIDGE,w17,2034,0,1217.250246,594.8763142,0,1369.740511,513.3644938,0,41906.30016,0,0,6806.251498,5117.652445,56308.18542
Baseline,BRIDGE,w17,2035,1.659368854,954.8331019,560.5341666,0,1058.683171,434.6506049,0,43342.00603,0,0,6867.360209,5169.45558,57432.68976
Baseline,BRIDGE,w17,2036,2.222506607,234.860327,200.4561014,0,282.117762,62.8973122,0,41643.12598,0,0,10830.24514,5561.971305,58580.8136
Baseline,BRIDGE,w17,2037,0,519.132153,465.2409325,0,630.7574132,124.4975489,0,42081.46581,0,0,10940.31762,5512.417513,59754.69683
Baseline,BRIDGE,w17,2038,0,570.9401561,291.147614,0,682.1188396,160.4081796,0,41755.89821,0,0,12460.32658,5599.891339,60949.79077
Baseline,BRIDGE,w17,2039,0,576.6415772,362.7692675,0,689.6348753,160.582218,0,42875.74972,0,0,12534.71233,5545.33818,62168.78658
Baseline,BRIDGE,w17,2040,0,764.1552606,327.1962887,0,863.8476634,314.2419273,0,43751.33468,0,0,12548.70656,5606.835197,63412.16232
Baseline,BRIDGE,w17,2041,0,911.0476121,400.823546,0,1006.402693,313.6994019,803.5362776,44126.76173,0,0,12553.56378,5475.618138,64680.40556
Baseline,BRIDGE,w17,2042,0,1068.684412,512.8923031,0,1086.320742,472.2963926,1583.883812,44239.68619,0,0,12504.3613,5574.572927,65974.01367
Baseline,BRIDGE,w17,2043,0,1340.088719,560.1130844,40.63138115,1436.178085,409.9288672,1648.663887,45135.84535,0,0,12559.95681,5502.176485,67293.49395
Baseline,BRIDGE,w17,2044,0,1836.98146,621.6819042,279.4776873,1732.765575,690.3788849,1670.758677,45609.06175,0,0,12476.15386,5559.085497,68639.36383
Baseline,BRIDGE,w17,2045,0,1585.274181,0,0,0,4060.902647,1654.804032,46520.54245,0,0,12495.8887,5280.013267,70012.1511
Baseline,BRIDGE,w17,2046,0,2064.981427,0,0,0,5340.243107,1781.829558,46478.66057,0,0,12546.43062,5265.230267,71412.39413
Baseline,BRIDGE,w17,2047,0,2286.126793,0,0,0,5889.198769,2142.464964,47056.87269,69.6757491,0,12371.72426,5310.705582,72840.64201
Baseline,BRIDGE,w17,2048,0,2676.511399,0,0,0,6888.400913,2556.061233,47197.82983,13.28058055,0,12391.18815,5250.694141,74297.45485
Baseline,BRIDGE,w17,2049,0,3058.788328,0,0,0,7904.475551,2682.647488,47150.32146,269.4246065,0,12460.4863,5316.048543,75783.40394
Baseline,BRIDGE,w17,2050,0,3430.595908,0,0,0,8885.170658,2861.655285,47127.9493,676.792572,0,12435.63298,5311.871233,77299.07202
Baseline,NZT,w22,2025,0,4111.975547,1085.350695,923.9828166,3674.846516,1891.386108,0,29299.57748,0,0,3152.83019,1628.799123,41656.77293
Baseline,NZT,w22,2026,0.7161941645,2339.440594,622.9204383,785.7453886,1482.210505,1662.479109,1095.72439,32027.9508,0,0,3943.05977,1568.935575,43189.02598
Baseline,NZT,w22,2027,0,1601.262954,597.967635,587.8503666,877.3475458,1310.37652,820.7844394,33751.25082,0,0,4418.083827,2035.393797,44399.05496
Baseline,NZT,w22,2028,0,1652.685109,618.3130101,653.1186377,820.951677,1435.454781,842.776978,34148.87891,0,0,5046.760158,2475.565841,46041.81999
Baseline,NZT,w22,2029,0,2052.898561,631.950287,618.4767107,1248.017226,1719.340011,832.227459,34422.80467,0,0,5539.72614,2963.033928,47975.57643
Baseline,NZT,w22,2030,0.5960910085,317.9157997,132.242154,144.3469266,96.07984578,315.456424,533.0144116,39837.62183,0,0,5598.473379,3380.695148,50037.93012
Baseline,NZT,w22,2031,0,616.7969495,354.7126454,205.8469619,349.5302257,468.7342406,701.3253648,40594.76698,0,0,5527.228695,3837.922151,52040.06726
Baseline,NZT,w22,2032,0,849.3564498,231.4636018,283.1589539,589.0369778,469.300739,657.8917128,40245.3769,0,0,7300.452851,4344.988218,54121.66995
Baseline,NZT,w22,2033,0,339.6294539,176.2973124,179.3928669,126.458451,242.1567932,556.3733334,39437.19184,0,0,9720.095596,4766.137163,55204.10335
Baseline,NZT,w22,2034,1.952995441,259.7258064,146.2792306,32.1060198,187.2528453,190.3894733,520.9358651,38854.47726,0,0,11258.57081,5116.220913,56306.23242
Baseline,NZT,w22,2035,2.293779512,432.0807207,151.2196852,72.53635086,282.1566929,376.5275135,592.9442383,39014.81922,0,0,11874.5834,5067.268247,57432.05535
Baseline,NZT,w22,2036,1.482328372,235.5849872,259.8245817,31.22477218,161.6993679,163.1580627,635.4477973,39420.9736,0,0,12421.56566,5487.659941,58581.55378
Baseline,NZT,w22,2037,2.274110605,481.0259983,94.00625816,63.39451533,405.3943084,289.1811453,499.4627467,40352.69271,0,0,12426.71626,5621.574777,59752.42272
Baseline,NZT,w22,2038,0,697.240937,241.6996012,104.623532,600.0551267,375.4804931,679.7820356,40763.0144,0,0,12571.4938,5613.64178,60949.79077
Baseline,NZT,w22,2039,0,449.2432238,534.4487537,110.9823287,194.9283773,494.366693,826.6762205,41958.8587,32.00363232,0,12430.86704,5585.654833,62168.78658
Baseline,NZT,w22,2040,0,793.6654034,608.952307,79.07380255,616.941336,632.4864516,815.9402896,42520.9208,75.69712372,0,12486.43139,5575.718814,63412.16232
Baseline,NZT,w22,2041,0,863.5004879,616.0400577,132.9785307,687.5963277,571.7246262,837.0074746,43424.07748,451.7598075,0,12386.14017,5573.081089,64680.40556
Baseline,NZT,w22,2042,0,657.9667241,621.8187476,78.69252232,464.8543175,572.0810941,835.6858071,45128.99542,202.2315421,0,12533.58424,5536.069979,65974.01367
Baseline,NZT,w22,2043,0,862.6250299,623.1404574,39.19083448,710.7470324,704.8217543,819.1042801,46145.07984,198.1610863,0,12494.72865,5558.520019,67293.49395
Baseline,NZT,w22,2044,0,820.0942977,535.3965841,161.1083763,610.7886406,556.8859694,831.3612291,47562.47693,348.1799118,0,12456.16476,5577.001427,68639.36383
Baseline,NZT,w22,2045,0,211.4833898,0,0,0,448.2015431,912.9763763,51064.93347,66.87133436,0,12348.11798,5171.050396,70012.1511
Baseline,NZT,w22,2046,0,106.8036033,0,0,0,119.0047937,1255.436593,52315.19673,0,0,12399.13623,5323.619779,71412.39413
Baseline,NZT,w22,2047,0,161.8688353,0,0,0,183.6585853,1878.303174,53102.21557,6.890498271,0,12399.26862,5270.305563,72840.64201
Baseline,NZT,w22,2048,0,264.2282986,0,0,0,382.1609356,2456.575049,53653.32891,160.430494,0,12368.91651,5276.042946,74297.45485
Baseline,NZT,w22,2049,0,200,0,0,0,140.4022998,2961.022982,54301.33101,592.2446959,0,12451.43316,5336.9698,75783.40394
Baseline,NZT,w22,2050,1.5427937,188.1038691,0,0,0,80.31980337,3167.710837,54976.12434,1277.251274,0,12499.30728,5296.815693,77297.52923
Adverse,REF,w4,2025,0,12384.63378,1130.820108,1144.722354,14765.86391,1344.548586,0,22627.95079,0,0,112.8730288,529.9941506,41656.77293
Adverse,REF,w4,2026,0,10389.28063,1121.056796,143.8916318,12978.78602,1293.38832,1489.487624,25517.56072,0,0,111.7243585,533.8467038,43189.74217
Adverse,REF,w4,2027,0,9100.41547,1143.938788,77.68927471,11273.27681,1185.322908,3034.580011,26993.063,15.76561681,0,121.3168799,554.1016693,44399.05496
Adverse,REF,w4,2028,0,9083.695272,1104.050381,223.657237,11263.29721,678.332065,4528.857317,27598.51003,0,0,109.4743854,535.6413722,46041.81999
Adverse,REF,w4,2029,0,9853.956268,1121.240544,600.8539638,11156.3876,2254.621353,4516.986987,27659.60644,0,0,114.4871455,551.3923863,47975.57643
Adverse,REF,w4,2030,0,6576.291802,731.4751122,153.2368603,7625.376195,1467.461355,4110.015672,34875.94091,0,0,118.6883114,956.3317946,50038.52621
Adverse,REF,w4,2031,0,6707.037386,650.1220311,187.5140219,7506.366397,1791.718759,5623.833834,35203.005,0,0,111.7800674,965.7271525,52040.06726
Adverse,REF,w4,2032,0,6027.893957,663.8793924,0,7096.515232,1190.918931,5297.35058,38309.89667,28.12313624,0,111.5394378,1423.446573,54121.66995
Adverse,REF,w4,2033,0,5755.263734,560.5316515,32.33944514,6655.175381,1288.390965,5284.330705,39382.35998,0,0,112.6800454,1888.295184,55204.10335
Adverse,REF,w4,2034,0,5970.847014,561.8600683,67.95166394,7077.063988,1055.23682,4487.314363,41085.96303,0,0,110.0988755,1862.696613,56308.18542
Adverse,REF,w4,2035,0,6143.271162,587.2663057,164.8766382,7080.755389,1304.413098,4660.187213,41686.41071,0,0,113.2271704,1837.212603,57434.34913
Adverse,REF,w4,2036,0,5912.71358,553.5044406,142.5938941,6990.05359,1053.290874,3584.281978,43390.17496,0,0,110.1988641,2758.937513,58583.03611
Adverse,REF,w4,2037,0,6656.996701,569.1992365,223.8665573,7563.979249,1669.415278,4147.667104,42748.05814,0,0,115.8570756,2716.654192,59754.69683
Adverse,REF,w4,2038,0,6653.973921,570.8514039,261.9691469,7665.972216,1451.398957,3629.581003,44495.04376,0,0,114.4263851,2760.547893,60949.79077
Adverse,REF,w4,2039,0,7130.891003,563.5162373,395.8869008,7846.730283,2104.871589,3719.222074,44632.42038,93.92607773,0,113.5786821,2698.634363,62168.78658
Adverse,REF,w4,2040,0,4631.004396,540.6657146,0,5554.112706,703.6880614,2964.941889,45181.65619,0,5680.818957,116.8189906,2669.459807,63412.16232
Adverse,REF,w4,2041,0,4194.825932,534.7621703,38.89699027,4946.232075,696.2294408,2950.512255,45170.77297,0,5240.450662,699.5796679,4402.96933,64680.40556
Adverse,REF,w4,2042,0,4847.559793,528.4158708,0,5826.633845,695.3489182,3163.434764,44352.24977,0,6213.357144,715.3326443,4479.240718,65974.01367
Adverse,REF,w4,2043,0,5280.719127,519.7941893,0,6403.919462,691.9174197,3195.121724,45149.24693,0,6201.399929,666.0951569,4465.999135,67293.49395
Adverse,REF,w4,2044,0,5890.800528,527.3247634,38.66519002,7154.684766,699.5276853,3448.365491,44433.64527,0,6609.115001,1258.527177,4469.508486,68639.36383
Adverse,REF,w4,2045,0,5169.418446,0,0,5199.008851,2670.895032,4447.294429,46340.99814,0,5956.592451,1174.987007,4222.375194,70012.1511
Adverse,REF,w4,2046,0,5232.24619,0,0,5065.958241,3079.635104,4612.772375,47052.10156,0,6267.390235,1134.527638,4200.008975,71412.39413
Adverse,REF,w4,2047,0,5788.228503,0,0,5008.486017,4621.315517,5092.427908,46008.13258,0,6735.585319,1133.777337,4240.917334,72840.64201
Adverse,REF,w4,2048,0,5859.013669,0,0,4627.714795,5588.276487,4967.312968,46478.68036,101.8413778,7219.962371,1108.02062,4205.645868,74297.45485
Adverse,REF,w4,2049,0,6172.257289,0,0,4457.715131,6720.159602,5348.692454,46203.24424,169.2439117,7507.726474,1155.284998,4221.337132,75783.40394
Adverse,REF,w4,2050,30.30759311,6153.544236,0,0,4193.252259,7170.724911,5573.85454,46533.04647,862.530497,7674.40982,1117.907347,4143.038584,77268.76443
Adverse,BRIDGE,w2,2025,0,9445.23529,1133.984174,798.3675604,11003.67199,1690.919815,0,23065.27879,0,0,2634.235922,1330.314683,41656.77293
Adverse,BRIDGE,w2,2026,0,8340.186253,1101.739451,710.2802268,9678.774386,1355.51567,1505.314084,24894.97882,0,0,2657.41938,1285.720155,43189.74217
Adverse,BRIDGE,w2,2027,0,7043.632882,922.0715341,664.5373729,8336.736699,465.6041095,2939.706042,26752.11699,0,0,2614.818437,1703.463767,44399.05496
Adverse,BRIDGE,w2,2028,0,6623.108066,659.1361561,665.4098118,7436.705689,953.3058836,4408.29312,27090.7322,0,0,2644.731831,2183.505294,46041.81999
Adverse,BRIDGE,w2,2029,0,7317.568061,930.4406418,818.0815954,7310.263613,2798.179503,4374.120051,26968.71057,0,0,2595.062299,2180.718156,47975.57643
Adverse,BRIDGE,w2,2030,0,5362.344955,621.2571533,668.0569421,5782.658669,1082.5816,3009.506646,32879.99773,0,0,2592.524131,3401.943343,50038.52621
Adverse,BRIDGE,w2,2031,0,3732.201553,612.2067306,669.3924417,3546.106641,934.0873859,5034.812113,33209.96721,0,0,4282.484349,3751.010387,52040.06726
Adverse,BRIDGE,w2,2032,0,4203.192842,543.7560574,662.1927551,4179.512994,937.6451431,5029.450746,32615.86574,0,0,5955.556923,4197.689599,54121.66995
Adverse,BRIDGE,w2,2033,0,3107.113551,506.4301288,663.7902855,2717.677089,931.578024,5057.615246,34501.69685,0,0,6103.518933,4721.796799,55204.10335
Adverse,BRIDGE,w2,2034,0,3169.776022,554.5204729,660.3492886,2687.967656,1167.036728,5062.973915,35090.18672,0,0,6004.690142,5080.460493,56308.18542
Adverse,BRIDGE,w2,2035,0,3023.882046,535.8722859,436.3898283,2699.44704,1178.41187,5068.951912,36479.2301,0,0,5999.359222,5036.68687,57434.34913
Adverse,BRIDGE,w2,2036,0,1945.422587,271.8986986,249.8390342,1466.700666,1176.190727,4656.416101,34045.31211,0,0,11137.99488,5578.683895,58583.03611
Adverse,BRIDGE,w2,2037,0,2018.178639,320.9000262,332.1217768,1463.781904,1167.544014,5050.889284,34716.0724,0,0,11110.43182,5592.95561,59754.69683
Adverse,BRIDGE,w2,2038,0,2247.313151,321.8463616,429.9957827,1665.648083,1186.990545,5071.871639,35644.84189,0,0,11159.64473,5468.951732,60949.79077
Adverse,BRIDGE,w2,2039,0,2471.478719,447.9540796,392.7907191,1941.562872,1295.401074,5142.535157,36282.48236,0,0,11163.71554,5502.344793,62168.78658
Adverse,BRIDGE,w2,2040,0,2908.273794,549.1626274,237.6012429,2736.233614,1168.85233,5098.526767,36953.81815,0,0,11059.2264,5608.741184,63412.16232
Adverse,BRIDGE,w2,2041,0,3277.142917,563.7960972,238.3075084,3200.828225,1231.631862,5032.392566,36679.24708,0,0,12183.86802,5550.334209,64680.40556
Adverse,BRIDGE,w2,2042,0,3710.142478,643.4109239,238.0961916,3777.293657,1167.043756,5526.354989,36863.29,0,0,12263.98332,5494.54084,65974.01367
Adverse,BRIDGE,w2,2043,0,3528.128139,1529.891977,239.9532082,3427.642767,1280.288516,5385.368619,37518.69714,0,0,12428.49999,5483.151737,67293.49395
Adverse,BRIDGE,w2,2044,0,3203.990801,3274.830622,237.3438822,2843.869535,1370.219401,5269.728387,37807.63332,0,0,12337.9949,5497.743781,68639.36383
Adverse,BRIDGE,w2,2045,0,4910.012368,2653.344203,0,4864.573222,2317.744369,5426.996485,37442.4198,0,0,12135.17028,5171.90274,70012.1511
Adverse,BRIDGE,w2,2046,0,5249.806941,2666.702767,0,5151.883238,2623.556925,5636.866239,37886.76272,0,0,12232.32637,5214.295866,71412.39413
Adverse,BRIDGE,w2,2047,0,6056.726356,2824.339759,0,5803.263889,3401.071815,6093.29759,37060.44063,0,0,12265.71174,5392.516584,72840.64201
Adverse,BRIDGE,w2,2048,0,6346.550221,2958.852069,0,5484.84041,4783.409409,6302.316576,37274.25267,0,0,12241.33249,5252.451225,74297.45485
Adverse,BRIDGE,w2,2049,0,6696.837977,3290.349242,0,5408.607541,5798.445108,6608.803385,37179.28996,25.73093984,0,12174.25545,5297.922314,75783.40394
Adverse,BRIDGE,w2,2050,0,6913.039949,3679.642569,0,5172.527341,6799.795912,6674.756558,37424.19429,56.00416965,0,12200.35316,5291.798024,77299.07202
Adverse,NZT,w1,2025,215.1369205,6312.156147,1077.459277,3350.774083,3637.492271,3256.722554,0,21414.43157,4072.954377,0,3059.769689,1572.032193,41441.63601
Adverse,NZT,w1,2026,0,4800,2443.31695,739.8319764,4397.021395,2260.655644,1419.550029,22907.73938,3663.097894,0,3810.813168,1547.715737,43189.74217
Adverse,NZT,w1,2027,0,4600,3065.429702,666.3519444,4348.145491,1682.902401,2865.202893,25225.93881,84.06645395,0,4430.286163,2030.731094,44399.05496
Adverse,NZT,w1,2028,0,3546.723259,3128.666602,661.9729898,2172.689776,3059.841813,4233.975616,25419.72603,0,0,4930.900858,2434.046302,46041.81999
Adverse,NZT,w1,2029,0,2877.319807,2152.610224,754.9966784,1084.814379,2984.474356,7022.72938,25434.72846,0,0,5573.52102,2967.701928,47975.57643
Adverse,NZT,w1,2030,1.775690982,3213.182328,3349.071629,641.6179472,1025.691392,4111.577503,7074.663724,25027.63537,0,0,5481.897072,3324.59589,50036.75052
Adverse,NZT,w1,2031,0,3518.707593,4797.75818,677.4921396,1317.484293,4070.992556,7138.513719,24791.74484,10.48832525,0,5436.320129,3799.273081,52040.06726
Adverse,NZT,w1,2032,0,3401.900026,4694.605934,804.6850402,1091.993101,3986.232864,7087.954321,24985.22511,14.37320675,0,7157.193697,4299.406676,54121.66995
Adverse,NZT,w1,2033,0,2805.236331,4284.173876,629.7749287,682.1882944,3599.013442,7073.220175,24828.68917,0,0,9479.754169,4627.289294,55204.10335
Adverse,NZT,w1,2034,0.02161364793,2722.975344,4052.667879,626.5731053,622.6651691,3535.295777,7073.335151,24136.3197,0,0,11163.56568,5097.74134,56308.16381
Adverse,NZT,w1,2035,1.479230028,2774.062444,4249.142503,432.0586741,793.2709099,3677.410818,7072.695937,24349.53519,0,0,11744.49973,5114.256136,57432.8699
Adverse,NZT,w1,2036,2.067209834,2730.441988,4221.749989,437.9360992,777.5553089,3572.323362,7117.591673,24586.25156,0,0,12338.25444,5529.306467,58580.9689
Adverse,NZT,w1,2037,0,2440.816014,3194.729763,311.8171839,609.3417904,3495.661944,7029.809427,27196.95243,0,0,12400.75466,5515.62964,59754.69683
Adverse,NZT,w1,2038,0,2400,3900.705116,144.6736757,616.6199873,3654.636604,6817.294562,27942.35956,42.71205757,0,12320.9537,5509.8355,60949.79077
Adverse,NZT,w1,2039,0,2073.267285,4262.603255,71.87805027,587.7467253,2907.362441,6522.31103,30042.94004,0,0,12271.52897,5502.416078,62168.78658
Adverse,NZT,w1,2040,0,2000,4550.281059,39.46155936,470.3996819,3142.730002,5632.817012,31641.5168,86.2752954,0,12420.7053,5427.975604,63412.16232
Adverse,NZT,w1,2041,0,1726.738543,4135.738186,0,563.6531245,2387.517068,4879.982173,34937.32174,0,0,12304.75308,5471.440191,64680.40556
Adverse,NZT,w1,2042,0,1580.017211,4127.061988,0,522.6334186,2167.11933,4209.643893,36996.68763,0,0,12471.83164,5479.035777,65974.01367
Adverse,NZT,w1,2043,0,1307.146576,4195.981606,0,434.6294746,1616.106151,3509.036546,36627.9162,0,3123.107243,12296.36209,5490.354632,67293.49395
Adverse,NZT,w1,2044,0,925.8575634,3852.22542,0,311.6568221,896.5319583,3518.116833,40469.28649,0,1819.430995,12327.5002,5444.615115,68639.36383
Adverse,NZT,w1,2045,0,686.2788357,3459.336629,0,0,855.4405382,3567.629001,42674.57615,0,1841.755507,12330.78341,5282.629871,70012.1511
Adverse,NZT,w1,2046,0,800,3475.355813,0,0,1163.668565,3546.391274,44003.54555,62.30789351,1835.527671,12127.55622,5198.041137,71412.39413
Adverse,NZT,w1,2047,0,600,3538.494212,0,0,617.3566931,3525.029775,45038.8462,754.6672218,1840.182421,12234.61588,5291.449598,72840.64201
Adverse,NZT,w1,2048,1.092969895,535.4315232,3546.653158,0,0,437.8425203,3554.859903,45288.3658,2028.072597,1835.413768,12320.65555,5284.498584,74296.36188
Adverse,NZT,w1,2049,0,856.969225,3579.934163,0,0,1304.892758,3536.122532,45474.08688,2455.320566,1835.606969,12285.79564,5311.644436,75783.40394
Adverse,NZT,w1,2050,16.1829553,962.8385428,3667.079887,0,0,1541.958875,3580.908791,45660.5133,2432.742417,2991.432511,12126.70223,5281.551061,77282.88907
