Hydrology,Scenario,Year,Tech,mean_MW,p10_MW,p50_MW,p90_MW,min_MW,max_MW
Baseline,BRIDGE,2025,BIOENERGY,150,150,150,150,150,150
Baseline,BRIDGE,2025,DIESEL,850,850,850,850,850,850
Baseline,BRIDGE,2025,FUEL OIL,1420,1420,1420,1420,1420,1420
Baseline,BRIDGE,2025,GAS,475.36,475.36,475.36,475.36,475.36,475.36
Baseline,BRIDGE,2025,GEOTHERMAL,0,0,0,0,0,0
Baseline,BRIDGE,2025,HYDRO,5258,5258,5258,5258,5258,5258
Baseline,BRIDGE,2025,NUCLEAR,0,0,0,0,0,0
Baseline,BRIDGE,2025,PV,978.5,780,950,1150,750,1350
Baseline,BRIDGE,2025,WIND,437.4,375,455,455,375,455
Baseline,BRIDGE,2026,BIOENERGY,150,150,150,150,150,150
Baseline,BRIDGE,2026,DIESEL,850,850,850,850,850,850
Baseline,BRIDGE,2026,FUEL OIL,1420,1420,1420,1420,1420,1420
Baseline,BRIDGE,2026,GAS,475.36,475.36,475.36,475.36,475.36,475.36
Baseline,BRIDGE,2026,GEOTHERMAL,0,0,0,0,0,0
Baseline,BRIDGE,2026,HYDRO,5757,5757,5757,5757,5757,5757
Baseline,BRIDGE,2026,NUCLEAR,0,0,0,0,0,0
Baseline,BRIDGE,2026,PV,978.5,780,950,1150,750,1350
Baseline,BRIDGE,2026,WIND,437.4,375,455,455,375,455
Baseline,BRIDGE,2027,BIOENERGY,150,150,150,150,150,150
Baseline,BRIDGE,2027,DIESEL,850,850,850,850,850,850
Baseline,BRIDGE,2027,FUEL OIL,1420,1420,1420,1420,1420,1420
Baseline,BRIDGE,2027,GAS,475.36,475.36,475.36,475.36,475.36,475.36
Baseline,BRIDGE,2027,GEOTHERMAL,0,0,0,0,0,0
Baseline,BRIDGE,2027,HYDRO,6157,6157,6157,6157,6157,6157
Baseline,BRIDGE,2027,NUCLEAR,0,0,0,0,0,0
Baseline,BRIDGE,2027,PV,1221,1030,1200,1400,950,1600
Baseline,BRIDGE,2027,WIND,539.9,375,580,580,375,580
Baseline,BRIDGE,2028,BIOENERGY,150,150,150,150,150,150
Baseline,BRIDGE,2028,DIESEL,850,850,850,850,850,850
Baseline,BRIDGE,2028,FUEL OIL,1420,1420,1420,1420,1420,1420
Baseline,BRIDGE,2028,GAS,475.36,475.36,475.36,475.36,475.36,475.36
Baseline,BRIDGE,2028,GEOTHERMAL,0,0,0,0,0,0
Baseline,BRIDGE,2028,HYDRO,6307,6307,6307,6307,6307,6307
Baseline,BRIDGE,2028,NUCLEAR,0,0,0,0,0,0
Baseline,BRIDGE,2028,PV,1403.5,1250,1400,1650,1200,1650
Baseline,BRIDGE,2028,WIND,624.9,447,705,705,375,705
Baseline,BRIDGE,2029,BIOENERGY,150,150,150,150,150,150
Baseline,BRIDGE,2029,DIESEL,850,850,850,850,850,850
Baseline,BRIDGE,2029,FUEL OIL,820,820,820,820,820,820
Baseline,BRIDGE,2029,GAS,475.36,475.36,475.36,475.36,475.36,475.36
Baseline,BRIDGE,2029,GEOTHERMAL,0,0,0,0,0,0
Baseline,BRIDGE,2029,HYDRO,6307,6307,6307,6307,6307,6307
Baseline,BRIDGE,2029,NUCLEAR,0,0,0,0,0,0
Baseline,BRIDGE,2029,PV,1403.5,1250,1400,1650,1200,1650
Baseline,BRIDGE,2029,WIND,651.15,447,705,830,375,830
Baseline,BRIDGE,2030,BIOENERGY,150,150,150,150,150,150
Baseline,BRIDGE,2030,DIESEL,850,850,850,850,850,850
Baseline,BRIDGE,2030,FUEL OIL,720,720,720,720,720,720
Baseline,BRIDGE,2030,GAS,475.36,475.36,475.36,475.36,475.36,475.36
Baseline,BRIDGE,2030,GEOTHERMAL,0,0,0,0,0,0
Baseline,BRIDGE,2030,HYDRO,8102,8102,8102,8102,8102,8102
Baseline,BRIDGE,2030,NUCLEAR,0,0,0,0,0,0
Baseline,BRIDGE,2030,PV,1646,1498,1650,1900,1400,1900
Baseline,BRIDGE,2030,WIND,837.55,625,830,955,580,955
Baseline,BRIDGE,2031,BIOENERGY,150,150,150,150,150,150
Baseline,BRIDGE,2031,DIESEL,850,850,850,850,850,850
Baseline,BRIDGE,2031,FUEL OIL,720,720,720,720,720,720
Baseline,BRIDGE,2031,GAS,475.36,475.36,475.36,475.36,475.36,475.36
Baseline,BRIDGE,2031,GEOTHERMAL,0,0,0,0,0,0
Baseline,BRIDGE,2031,HYDRO,8102,8102,8102,8102,8102,8102
Baseline,BRIDGE,2031,NUCLEAR,0,0,0,0,0,0
Baseline,BRIDGE,2031,PV,1740.2,1530,1730,1900,1500,2100
Baseline,BRIDGE,2031,WIND,1075.45,1080,1080,1080,830,1080
Baseline,BRIDGE,2032,BIOENERGY,150,150,150,150,150,150
Baseline,BRIDGE,2032,DIESEL,850,850,850,850,850,850
Baseline,BRIDGE,2032,FUEL OIL,720,720,720,720,720,720
Baseline,BRIDGE,2032,GAS,475.36,475.36,475.36,475.36,475.36,475.36
Baseline,BRIDGE,2032,GEOTHERMAL,0,0,0,0,0,0
Baseline,BRIDGE,2032,HYDRO,8495,8102,8402,8702,8102,9902
Baseline,BRIDGE,2032,NUCLEAR,0,0,0,0,0,0
Baseline,BRIDGE,2032,PV,2490.2,2280,2480,2650,2250,2850
Baseline,BRIDGE,2032,WIND,1197.95,1205,1205,1205,955,1205
Baseline,BRIDGE,2033,BIOENERGY,150,150,150,150,150,150
Baseline,BRIDGE,2033,DIESEL,850,850,850,850,850,850
Baseline,BRIDGE,2033,FUEL OIL,720,720,720,720,720,720
Baseline,BRIDGE,2033,GAS,475.36,475.36,475.36,475.36,475.36,475.36
Baseline,BRIDGE,2033,GEOTHERMAL,0,0,0,0,0,0
Baseline,BRIDGE,2033,HYDRO,8561,8102,8402,8732,8102,9902
Baseline,BRIDGE,2033,NUCLEAR,0,0,0,0,0,0
Baseline,BRIDGE,2033,PV,3145.2,2950,3150,3400,2750,3600
Baseline,BRIDGE,2033,WIND,1311.7,1205,1330,1330,1080,1330
Baseline,BRIDGE,2034,BIOENERGY,150,150,150,150,150,150
Baseline,BRIDGE,2034,DIESEL,850,850,850,850,850,850
Baseline,BRIDGE,2034,FUEL OIL,720,720,720,720,720,720
Baseline,BRIDGE,2034,GAS,478.36,475.36,475.36,475.36,475.36,775.36
Baseline,BRIDGE,2034,GEOTHERMAL,0,0,0,0,0,0
Baseline,BRIDGE,2034,HYDRO,8669,8402,8702,9002,8102,10202
Baseline,BRIDGE,2034,NUCLEAR,0,0,0,0,0,0
Baseline,BRIDGE,2034,PV,3147.7,2950,3150,3400,2750,3600
Baseline,BRIDGE,2034,WIND,1399.2,1330,1455,1455,1125,1455
Baseline,BRIDGE,2035,BIOENERGY,150,150,150,150,150,150
Baseline,BRIDGE,2035,DIESEL,550,550,550,550,550,550
Baseline,BRIDGE,2035,FUEL OIL,720,720,720,720,720,720
Baseline,BRIDGE,2035,GAS,514.36,475.36,475.36,775.36,475.36,1075.36
Baseline,BRIDGE,2035,GEOTHERMAL,0,0,0,0,0,0
Baseline,BRIDGE,2035,HYDRO,8744,8402,8702,9302,8102,10202
Baseline,BRIDGE,2035,NUCLEAR,0,0,0,0,0,0
Baseline,BRIDGE,2035,PV,3150.2,2950,3150,3400,2750,3600
Baseline,BRIDGE,2035,WIND,1401.7,1330,1455,1455,1125,1455
Baseline,BRIDGE,2036,BIOENERGY,150,150,150,150,150,150
Baseline,BRIDGE,2036,DIESEL,550,550,550,550,550,550
Baseline,BRIDGE,2036,FUEL OIL,720,720,720,720,720,720
Baseline,BRIDGE,2036,GAS,514.36,475.36,475.36,775.36,475.36,1075.36
Baseline,BRIDGE,2036,GEOTHERMAL,0,0,0,0,0,0
Baseline,BRIDGE,2036,HYDRO,8744,8402,8702,9302,8102,10202
Baseline,BRIDGE,2036,NUCLEAR,0,0,0,0,0,0
Baseline,BRIDGE,2036,PV,4748,4530,4730,4900,4450,5100
Baseline,BRIDGE,2036,WIND,1580,1580,1580,1580,1580,1580
Baseline,BRIDGE,2037,BIOENERGY,150,150,150,150,150,150
Baseline,BRIDGE,2037,DIESEL,550,550,550,550,550,550
Baseline,BRIDGE,2037,FUEL OIL,720,720,720,720,720,720
Baseline,BRIDGE,2037,GAS,517.36,475.36,475.36,775.36,475.36,1075.36
Baseline,BRIDGE,2037,GEOTHERMAL,0,0,0,0,0,0
Baseline,BRIDGE,2037,HYDRO,8744,8402,8702,9302,8102,10202
Baseline,BRIDGE,2037,NUCLEAR,0,0,0,0,0,0
Baseline,BRIDGE,2037,PV,4917.52,4700,4900,5218,4530,5418
Baseline,BRIDGE,2037,WIND,1580,1580,1580,1580,1580,1580
Baseline,BRIDGE,2038,BIOENERGY,150,150,150,150,150,150
Baseline,BRIDGE,2038,DIESEL,550,550,550,550,550,550
Baseline,BRIDGE,2038,FUEL OIL,720,720,720,720,720,720
Baseline,BRIDGE,2038,GAS,517.36,475.36,475.36,775.36,475.36,1075.36
Baseline,BRIDGE,2038,GEOTHERMAL,0,0,0,0,0,0
Baseline,BRIDGE,2038,HYDRO,8753,8402,8702,9302,8102,10202
Baseline,BRIDGE,2038,NUCLEAR,0,0,0,0,0,0
Baseline,BRIDGE,2038,PV,5275.22,5006.2,5418,5418,4900,5418
Baseline,BRIDGE,2038,WIND,1580,1580,1580,1580,1580,1580
Baseline,BRIDGE,2039,BIOENERGY,150,150,150,150,150,150
Baseline,BRIDGE,2039,DIESEL,550,550,550,550,550,550
Baseline,BRIDGE,2039,FUEL OIL,720,720,720,720,720,720
Baseline,BRIDGE,2039,GAS,517.36,475.36,475.36,775.36,475.36,1075.36
Baseline,BRIDGE,2039,GEOTHERMAL,0,0,0,0,0,0
Baseline,BRIDGE,2039,HYDRO,8885,8402,9002,9302,8102,10502
Baseline,BRIDGE,2039,NUCLEAR,0,0,0,0,0,0
Baseline,BRIDGE,2039,PV,5361.06,5218,5418,5418,4900,5418
Baseline,BRIDGE,2039,WIND,1580,1580,1580,1580,1580,1580
Baseline,BRIDGE,2040,BIOENERGY,150,150,150,150,150,150
Baseline,BRIDGE,2040,DIESEL,300,300,300,300,300,300
Baseline,BRIDGE,2040,FUEL OIL,720,720,720,720,720,720
Baseline,BRIDGE,2040,GAS,520.36,475.36,475.36,775.36,475.36,1075.36
Baseline,BRIDGE,2040,GEOTHERMAL,8,0,0,0,0,200
Baseline,BRIDGE,2040,HYDRO,9029,8702,9002,9602,8402,10802
Baseline,BRIDGE,2040,NUCLEAR,0,0,0,0,0,0
Baseline,BRIDGE,2040,PV,5369.94,5218,5418,5418,5018,5418
Baseline,BRIDGE,2040,WIND,1580,1580,1580,1580,1580,1580
Baseline,BRIDGE,2041,BIOENERGY,150,150,150,150,150,150
Baseline,BRIDGE,2041,DIESEL,300,300,300,300,300,300
Baseline,BRIDGE,2041,FUEL OIL,720,720,720,720,720,720
Baseline,BRIDGE,2041,GAS,520.36,475.36,475.36,775.36,475.36,1075.36
Baseline,BRIDGE,2041,GEOTHERMAL,256,0,200,400,0,600
Baseline,BRIDGE,2041,HYDRO,9029,8702,9002,9602,8402,10802
Baseline,BRIDGE,2041,NUCLEAR,0,0,0,0,0,0
Baseline,BRIDGE,2041,PV,5404,5418,5418,5418,5018,5418
Baseline,BRIDGE,2041,WIND,1580,1580,1580,1580,1580,1580
Baseline,BRIDGE,2042,BIOENERGY,150,150,150,150,150,150
Baseline,BRIDGE,2042,DIESEL,300,300,300,300,300,300
Baseline,BRIDGE,2042,FUEL OIL,720,720,720,720,720,720
Baseline,BRIDGE,2042,GAS,520.36,475.36,475.36,775.36,475.36,1075.36
Baseline,BRIDGE,2042,GEOTHERMAL,436,200,400,600,0,800
Baseline,BRIDGE,2042,HYDRO,9029,8702,9002,9602,8402,10802
Baseline,BRIDGE,2042,NUCLEAR,0,0,0,0,0,0
Baseline,BRIDGE,2042,PV,5404,5418,5418,5418,5018,5418
Baseline,BRIDGE,2042,WIND,1580,1580,1580,1580,1580,1580
Baseline,BRIDGE,2043,BIOENERGY,150,150,150,150,150,150
Baseline,BRIDGE,2043,DIESEL,300,300,300,300,300,300
Baseline,BRIDGE,2043,FUEL OIL,720,720,720,720,720,720
Baseline,BRIDGE,2043,GAS,520.36,475.36,475.36,775.36,475.36,1075.36
Baseline,BRIDGE,2043,GEOTHERMAL,496,400,400,600,200,800
Baseline,BRIDGE,2043,HYDRO,9029,8702,9002,9602,8402,10802
Baseline,BRIDGE,2043,NUCLEAR,0,0,0,0,0,0
Baseline,BRIDGE,2043,PV,5404,5418,5418,5418,5018,5418
Baseline,BRIDGE,2043,WIND,1580,1580,1580,1580,1580,1580
Baseline,BRIDGE,2044,BIOENERGY,150,150,150,150,150,150
Baseline,BRIDGE,2044,DIESEL,300,300,300,300,300,300
Baseline,BRIDGE,2044,FUEL OIL,720,720,720,720,720,720
Baseline,BRIDGE,2044,GAS,520.36,475.36,475.36,775.36,475.36,1075.36
Baseline,BRIDGE,2044,GEOTHERMAL,502,400,400,600,200,800
Baseline,BRIDGE,2044,HYDRO,9029,8702,9002,9602,8402,10802
Baseline,BRIDGE,2044,NUCLEAR,0,0,0,0,0,0
Baseline,BRIDGE,2044,PV,5404,5418,5418,5418,5018,5418
Baseline,BRIDGE,2044,WIND,1580,1580,1580,1580,1580,1580
Baseline,BRIDGE,2045,BIOENERGY,0,0,0,0,0,0
Baseline,BRIDGE,2045,DIESEL,0,0,0,0,0,0
Baseline,BRIDGE,2045,FUEL OIL,0,0,0,0,0,0
Baseline,BRIDGE,2045,GAS,1631,1300,1600,1900,900,1900
Baseline,BRIDGE,2045,GEOTHERMAL,502,400,400,600,200,800
Baseline,BRIDGE,2045,HYDRO,9029,8702,9002,9602,8402,10802
Baseline,BRIDGE,2045,NUCLEAR,0,0,0,0,0,0
Baseline,BRIDGE,2045,PV,5354,5368,5368,5368,4968,5368
Baseline,BRIDGE,2045,WIND,1505,1505,1505,1505,1505,1505
Baseline,BRIDGE,2046,BIOENERGY,0,0,0,0,0,0
Baseline,BRIDGE,2046,DIESEL,0,0,0,0,0,0
Baseline,BRIDGE,2046,FUEL OIL,0,0,0,0,0,0
Baseline,BRIDGE,2046,GAS,1807,1500,1900,1900,1200,1900
Baseline,BRIDGE,2046,GEOTHERMAL,502,400,400,600,200,800
Baseline,BRIDGE,2046,HYDRO,9029,8702,9002,9602,8402,10802
Baseline,BRIDGE,2046,NUCLEAR,0,0,0,0,0,0
Baseline,BRIDGE,2046,PV,5354,5368,5368,5368,4968,5368
Baseline,BRIDGE,2046,WIND,1505,1505,1505,1505,1505,1505
Baseline,BRIDGE,2047,BIOENERGY,0,0,0,0,0,0
Baseline,BRIDGE,2047,DIESEL,0,0,0,0,0,0
Baseline,BRIDGE,2047,FUEL OIL,0,0,0,0,0,0
Baseline,BRIDGE,2047,GAS,1886,1900,1900,1900,1500,1900
Baseline,BRIDGE,2047,GEOTHERMAL,502,400,400,600,200,800
Baseline,BRIDGE,2047,HYDRO,9029,8702,9002,9602,8402,10802
Baseline,BRIDGE,2047,NUCLEAR,0,0,0,0,0,0
Baseline,BRIDGE,2047,PV,5354,5368,5368,5368,4968,5368
Baseline,BRIDGE,2047,WIND,1505,1505,1505,1505,1505,1505
Baseline,BRIDGE,2048,BIOENERGY,0,0,0,0,0,0
Baseline,BRIDGE,2048,DIESEL,0,0,0,0,0,0
Baseline,BRIDGE,2048,FUEL OIL,0,0,0,0,0,0
Baseline,BRIDGE,2048,GAS,1900,1900,1900,1900,1900,1900
Baseline,BRIDGE,2048,GEOTHERMAL,502,400,400,600,200,800
Baseline,BRIDGE,2048,HYDRO,9029,8702,9002,9602,8402,10802
Baseline,BRIDGE,2048,NUCLEAR,0,0,0,0,0,0
Baseline,BRIDGE,2048,PV,5354,5368,5368,5368,4968,5368
Baseline,BRIDGE,2048,WIND,1505,1505,1505,1505,1505,1505
Baseline,BRIDGE,2049,BIOENERGY,0,0,0,0,0,0
Baseline,BRIDGE,2049,DIESEL,0,0,0,0,0,0
Baseline,BRIDGE,2049,FUEL OIL,0,0,0,0,0,0
Baseline,BRIDGE,2049,GAS,1900,1900,1900,1900,1900,1900
Baseline,BRIDGE,2049,GEOTHERMAL,502,400,400,600,200,800
Baseline,BRIDGE,2049,HYDRO,9029,8702,9002,9602,8402,10802
Baseline,BRIDGE,2049,NUCLEAR,0,0,0,0,0,0
Baseline,BRIDGE,2049,PV,5354,5368,5368,5368,4968,5368
Baseline,BRIDGE,2049,WIND,1505,1505,1505,1505,1505,1505
Baseline,BRIDGE,2050,BIOENERGY,0,0,0,0,0,0
Baseline,BRIDGE,2050,DIESEL,0,0,0,0,0,0
Baseline,BRIDGE,2050,FUEL OIL,0,0,0,0,0,0
Baseline,BRIDGE,2050,GAS,1900,1900,1900,1900,1900,1900
Baseline,BRIDGE,2050,GEOTHERMAL,508,400,600,600,200,800
Baseline,BRIDGE,2050,HYDRO,9047,8702,9002,9602,8402,10802
Baseline,BRIDGE,2050,NUCLEAR,0,0,0,0,0,0
Baseline,BRIDGE,2050,PV,5354,5368,5368,5368,4968,5368
Baseline,BRIDGE,2050,WIND,1505,1505,1505,1505,1505,1505
Baseline,NZT,2025,BIOENERGY,150,150,150,150,150,150
Baseline,NZT,2025,DIESEL,850,850,850,850,850,850
Baseline,NZT,2025,FUEL OIL,1420,1420,1420,1420,1420,1420
Baseline,NZT,2025,GAS,475.36,475.36,475.36,475.36,475.36,475.36
Baseline,NZT,2025,GEOTHERMAL,0,0,0,0,0,0
Baseline,NZT,2025,HYDRO,5258,5258,5258,5258,5258,5258
Baseline,NZT,2025,NUCLEAR,0,0,0,0,0,0
Baseline,NZT,2025,PV,1350,1350,1350,1350,1350,1350
Baseline,NZT,2025,WIND,455,455,455,455,455,455
Baseline,NZT,2026,BIOENERGY,150,150,150,150,150,150
Baseline,NZT,2026,DIESEL,850,850,850,850,850,850
Baseline,NZT,2026,FUEL OIL,1420,1420,1420,1420,1420,1420
Baseline,NZT,2026,GAS,475.36,475.36,475.36,475.36,475.36,475.36
Baseline,NZT,2026,GEOTHERMAL,200,200,200,200,200,200
Baseline,NZT,2026,HYDRO,5757,5757,5757,5757,5757,5757
Baseline,NZT,2026,NUCLEAR,0,0,0,0,0,0
Baseline,NZT,2026,PV,1668,1668,1668,1668,1668,1668
Baseline,NZT,2026,WIND,455,455,455,455,455,455
Baseline,NZT,2027,BIOENERGY,150,150,150,150,150,150
Baseline,NZT,2027,DIESEL,850,850,850,850,850,850
Baseline,NZT,2027,FUEL OIL,1420,1420,1420,1420,1420,1420
Baseline,NZT,2027,GAS,475.36,475.36,475.36,475.36,475.36,475.36
Baseline,NZT,2027,GEOTHERMAL,228,200,200,400,200,400
Baseline,NZT,2027,HYDRO,6157,6157,6157,6157,6157,6157
Baseline,NZT,2027,NUCLEAR,0,0,0,0,0,0
Baseline,NZT,2027,PV,1918,1918,1918,1918,1918,1918
Baseline,NZT,2027,WIND,580,580,580,580,580,580
Baseline,NZT,2028,BIOENERGY,150,150,150,150,150,150
Baseline,NZT,2028,DIESEL,850,850,850,850,850,850
Baseline,NZT,2028,FUEL OIL,1420,1420,1420,1420,1420,1420
Baseline,NZT,2028,GAS,475.36,475.36,475.36,475.36,475.36,475.36
Baseline,NZT,2028,GEOTHERMAL,228,200,200,400,200,400
Baseline,NZT,2028,HYDRO,6307,6307,6307,6307,6307,6307
Baseline,NZT,2028,NUCLEAR,0,0,0,0,0,0
Baseline,NZT,2028,PV,2168,2168,2168,2168,2168,2168
Baseline,NZT,2028,WIND,705,705,705,705,705,705
Baseline,NZT,2029,BIOENERGY,150,150,150,150,150,150
Baseline,NZT,2029,DIESEL,850,850,850,850,850,850
Baseline,NZT,2029,FUEL OIL,820,820,820,820,820,820
Baseline,NZT,2029,GAS,475.36,475.36,475.36,475.36,475.36,475.36
Baseline,NZT,2029,GEOTHERMAL,228,200,200,400,200,400
Baseline,NZT,2029,HYDRO,6307,6307,6307,6307,6307,6307
Baseline,NZT,2029,NUCLEAR,0,0,0,0,0,0
Baseline,NZT,2029,PV,2418,2418,2418,2418,2418,2418
Baseline,NZT,2029,WIND,830,830,830,830,830,830
Baseline,NZT,2030,BIOENERGY,150,150,150,150,150,150
Baseline,NZT,2030,DIESEL,850,850,850,850,850,850
Baseline,NZT,2030,FUEL OIL,720,720,720,720,720,720
Baseline,NZT,2030,GAS,475.36,475.36,475.36,475.36,475.36,475.36
Baseline,NZT,2030,GEOTHERMAL,228,200,200,400,200,400
Baseline,NZT,2030,HYDRO,8060.35,8102,8102,8102,7507,8102
Baseline,NZT,2030,NUCLEAR,0,0,0,0,0,0
Baseline,NZT,2030,PV,2418,2418,2418,2418,2418,2418
Baseline,NZT,2030,WIND,948.75,955,955,955,830,955
Baseline,NZT,2031,BIOENERGY,150,150,150,150,150,150
Baseline,NZT,2031,DIESEL,850,850,850,850,850,850
Baseline,NZT,2031,FUEL OIL,720,720,720,720,720,720
Baseline,NZT,2031,GAS,475.36,475.36,475.36,475.36,475.36,475.36
Baseline,NZT,2031,GEOTHERMAL,228,200,200,400,200,400
Baseline,NZT,2031,HYDRO,8084.15,8102,8102,8102,7507,8102
Baseline,NZT,2031,NUCLEAR,0,0,0,0,0,0
Baseline,NZT,2031,PV,2418,2418,2418,2418,2418,2418
Baseline,NZT,2031,WIND,1080,1080,1080,1080,1080,1080
Baseline,NZT,2032,BIOENERGY,150,150,150,150,150,150
Baseline,NZT,2032,DIESEL,850,850,850,850,850,850
Baseline,NZT,2032,FUEL OIL,720,720,720,720,720,720
Baseline,NZT,2032,GAS,475.36,475.36,475.36,475.36,475.36,475.36
Baseline,NZT,2032,GEOTHERMAL,228,200,200,400,200,400
Baseline,NZT,2032,HYDRO,8150.1,8102,8102,8402,7507,9602
Baseline,NZT,2032,NUCLEAR,0,0,0,0,0,0
Baseline,NZT,2032,PV,3168,3168,3168,3168,3168,3168
Baseline,NZT,2032,WIND,1205,1205,1205,1205,1205,1205
Baseline,NZT,2033,BIOENERGY,150,150,150,150,150,150
Baseline,NZT,2033,DIESEL,850,850,850,850,850,850
Baseline,NZT,2033,FUEL OIL,720,720,720,720,720,720
Baseline,NZT,2033,GAS,475.36,475.36,475.36,475.36,475.36,475.36
Baseline,NZT,2033,GEOTHERMAL,228,200,200,400,200,400
Baseline,NZT,2033,HYDRO,8150.1,8102,8102,8402,7507,9602
Baseline,NZT,2033,NUCLEAR,0,0,0,0,0,0
Baseline,NZT,2033,PV,4160.5,4168,4168,4168,3918,4168
Baseline,NZT,2033,WIND,1327.5,1330,1330,1330,1205,1330
Baseline,NZT,2034,BIOENERGY,150,150,150,150,150,150
Baseline,NZT,2034,DIESEL,850,850,850,850,850,850
Baseline,NZT,2034,FUEL OIL,720,720,720,720,720,720
Baseline,NZT,2034,GAS,475.36,475.36,475.36,475.36,475.36,475.36
Baseline,NZT,2034,GEOTHERMAL,228,200,200,400,200,400
Baseline,NZT,2034,HYDRO,8150.1,8102,8102,8402,7507,9602
Baseline,NZT,2034,NUCLEAR,0,0,0,0,0,0
Baseline,NZT,2034,PV,4880.5,4668,4918,4918,4418,4918
Baseline,NZT,2034,WIND,1450,1455,1455,1455,1330,1455
Baseline,NZT,2035,BIOENERGY,150,150,150,150,150,150
Baseline,NZT,2035,DIESEL,550,550,550,550,550,550
Baseline,NZT,2035,FUEL OIL,720,720,720,720,720,720
Baseline,NZT,2035,GAS,475.36,475.36,475.36,475.36,475.36,475.36
Baseline,NZT,2035,GEOTHERMAL,228,200,200,400,200,400
Baseline,NZT,2035,HYDRO,8156.1,8102,8102,8402,7507,9602
Baseline,NZT,2035,NUCLEAR,0,0,0,0,0,0
Baseline,NZT,2035,PV,5155.5,5168,5168,5168,4918,5168
Baseline,NZT,2035,WIND,1455,1455,1455,1455,1455,1455
Baseline,NZT,2036,BIOENERGY,150,150,150,150,150,150
Baseline,NZT,2036,DIESEL,550,550,550,550,550,550
Baseline,NZT,2036,FUEL OIL,720,720,720,720,720,720
Baseline,NZT,2036,GAS,475.36,475.36,475.36,475.36,475.36,475.36
Baseline,NZT,2036,GEOTHERMAL,228,200,200,400,200,400
Baseline,NZT,2036,HYDRO,8180.1,8102,8102,8402,7507,9602
Baseline,NZT,2036,NUCLEAR,0,0,0,0,0,0
Baseline,NZT,2036,PV,5408,5418,5418,5418,5168,5418
Baseline,NZT,2036,WIND,1578.75,1580,1580,1580,1455,1580
Baseline,NZT,2037,BIOENERGY,150,150,150,150,150,150
Baseline,NZT,2037,DIESEL,550,550,550,550,550,550
Baseline,NZT,2037,FUEL OIL,720,720,720,720,720,720
Baseline,NZT,2037,GAS,475.36,475.36,475.36,475.36,475.36,475.36
Baseline,NZT,2037,GEOTHERMAL,228,200,200,400,200,400
Baseline,NZT,2037,HYDRO,8399.1,8102,8402,8702,7807,10202
Baseline,NZT,2037,NUCLEAR,0,0,0,0,0,0
Baseline,NZT,2037,PV,5415.5,5418,5418,5418,5168,5418
Baseline,NZT,2037,WIND,1580,1580,1580,1580,1580,1580
Baseline,NZT,2038,BIOENERGY,150,150,150,150,150,150
Baseline,NZT,2038,DIESEL,550,550,550,550,550,550
Baseline,NZT,2038,FUEL OIL,720,720,720,720,720,720
Baseline,NZT,2038,GAS,475.36,475.36,475.36,475.36,475.36,475.36
Baseline,NZT,2038,GEOTHERMAL,228,200,200,400,200,400
Baseline,NZT,2038,HYDRO,8723.1,8372.5,8552,9332,7807,10502
Baseline,NZT,2038,NUCLEAR,0,0,0,0,0,0
Baseline,NZT,2038,PV,5418,5418,5418,5418,5418,5418
Baseline,NZT,2038,WIND,1580,1580,1580,1580,1580,1580
Baseline,NZT,2039,BIOENERGY,150,150,150,150,150,150
Baseline,NZT,2039,DIESEL,550,550,550,550,550,550
Baseline,NZT,2039,FUEL OIL,720,720,720,720,720,720
Baseline,NZT,2039,GAS,475.36,475.36,475.36,475.36,475.36,475.36
Baseline,NZT,2039,GEOTHERMAL,228,200,200,400,200,400
Baseline,NZT,2039,HYDRO,9023.1,8402,8702,10202,8102,10802
Baseline,NZT,2039,NUCLEAR,0,0,0,0,0,0
Baseline,NZT,2039,PV,5418,5418,5418,5418,5418,5418
Baseline,NZT,2039,WIND,1580,1580,1580,1580,1580,1580
Baseline,NZT,2040,BIOENERGY,150,150,150,150,150,150
Baseline,NZT,2040,DIESEL,300,300,300,300,300,300
Baseline,NZT,2040,FUEL OIL,720,720,720,720,720,720
Baseline,NZT,2040,GAS,475.36,475.36,475.36,475.36,475.36,475.36
Baseline,NZT,2040,GEOTHERMAL,228,200,200,400,200,400
Baseline,NZT,2040,HYDRO,9338.1,8702,9002,10502,8402,11102
Baseline,NZT,2040,NUCLEAR,0,0,0,0,0,0
Baseline,NZT,2040,PV,5418,5418,5418,5418,5418,5418
Baseline,NZT,2040,WIND,1580,1580,1580,1580,1580,1580
Baseline,NZT,2041,BIOENERGY,150,150,150,150,150,150
Baseline,NZT,2041,DIESEL,300,300,300,300,300,300
Baseline,NZT,2041,FUEL OIL,720,720,720,720,720,720
Baseline,NZT,2041,GAS,475.36,475.36,475.36,475.36,475.36,475.36
Baseline,NZT,2041,GEOTHERMAL,228,200,200,400,200,400
Baseline,NZT,2041,HYDRO,9641.1,8706.5,9302,10802,8407,11702
Baseline,NZT,2041,NUCLEAR,0,0,0,0,0,0
Baseline,NZT,2041,PV,5418,5418,5418,5418,5418,5418
Baseline,NZT,2041,WIND,1580,1580,1580,1580,1580,1580
Baseline,NZT,2042,BIOENERGY,150,150,150,150,150,150
Baseline,NZT,2042,DIESEL,300,300,300,300,300,300
Baseline,NZT,2042,FUEL OIL,720,720,720,720,720,720
Baseline,NZT,2042,GAS,475.36,475.36,475.36,475.36,475.36,475.36
Baseline,NZT,2042,GEOTHERMAL,228,200,200,400,200,400
Baseline,NZT,2042,HYDRO,9902.1,9002,9602,11102,8707,11702
Baseline,NZT,2042,NUCLEAR,0,0,0,0,0,0
Baseline,NZT,2042,PV,5418,5418,5418,5418,5418,5418
Baseline,NZT,2042,WIND,1580,1580,1580,1580,1580,1580
Baseline,NZT,2043,BIOENERGY,150,150,150,150,150,150
Baseline,NZT,2043,DIESEL,300,300,300,300,300,300
Baseline,NZT,2043,FUEL OIL,720,720,720,720,720,720
Baseline,NZT,2043,GAS,475.36,475.36,475.36,475.36,475.36,475.36
Baseline,NZT,2043,GEOTHERMAL,228,200,200,400,200,400
Baseline,NZT,2043,HYDRO,10196.1,9302,9902,11402,9302,12302
Baseline,NZT,2043,NUCLEAR,0,0,0,0,0,0
Baseline,NZT,2043,PV,5418,5418,5418,5418,5418,5418
Baseline,NZT,2043,WIND,1580,1580,1580,1580,1580,1580
Baseline,NZT,2044,BIOENERGY,150,150,150,150,150,150
Baseline,NZT,2044,DIESEL,300,300,300,300,300,300
Baseline,NZT,2044,FUEL OIL,720,720,720,720,720,720
Baseline,NZT,2044,GAS,475.36,475.36,475.36,475.36,475.36,475.36
Baseline,NZT,2044,GEOTHERMAL,228,200,200,400,200,400
Baseline,NZT,2044,HYDRO,10481.1,9602,10202,11702,9302,12302
Baseline,NZT,2044,NUCLEAR,0,0,0,0,0,0
Baseline,NZT,2044,PV,5418,5418,5418,5418,5418,5418
Baseline,NZT,2044,WIND,1580,1580,1580,1580,1580,1580
Baseline,NZT,2045,BIOENERGY,0,0,0,0,0,0
Baseline,NZT,2045,DIESEL,0,0,0,0,0,0
Baseline,NZT,2045,FUEL OIL,0,0,0,0,0,0
Baseline,NZT,2045,GAS,479,300,400,900,0,1200
Baseline,NZT,2045,GEOTHERMAL,336,200,200,600,200,1000
Baseline,NZT,2045,HYDRO,11249.05,10502,11402,12002,10202,12302
Baseline,NZT,2045,NUCLEAR,0,0,0,0,0,0
Baseline,NZT,2045,PV,5368,5368,5368,5368,5368,5368
Baseline,NZT,2045,WIND,1505,1505,1505,1505,1505,1505
Baseline,NZT,2046,BIOENERGY,0,0,0,0,0,0
Baseline,NZT,2046,DIESEL,0,0,0,0,0,0
Baseline,NZT,2046,FUEL OIL,0,0,0,0,0,0
Baseline,NZT,2046,GAS,494,300,400,900,0,1300
Baseline,NZT,2046,GEOTHERMAL,530,200,600,800,200,1000
Baseline,NZT,2046,HYDRO,11297.05,10502,11402,12002,10202,12302
Baseline,NZT,2046,NUCLEAR,0,0,0,0,0,0
Baseline,NZT,2046,PV,5368,5368,5368,5368,5368,5368
Baseline,NZT,2046,WIND,1505,1505,1505,1505,1505,1505
Baseline,NZT,2047,BIOENERGY,0,0,0,0,0,0
Baseline,NZT,2047,DIESEL,0,0,0,0,0,0
Baseline,NZT,2047,FUEL OIL,0,0,0,0,0,0
Baseline,NZT,2047,GAS,494,300,400,900,0,1300
Baseline,NZT,2047,GEOTHERMAL,734,600,800,1000,200,1000
Baseline,NZT,2047,HYDRO,11306.05,10502,11402,12032,10202,12302
Baseline,NZT,2047,NUCLEAR,0,0,0,0,0,0
Baseline,NZT,2047,PV,5368,5368,5368,5368,5368,5368
Baseline,NZT,2047,WIND,1505,1505,1505,1505,1505,1505
Baseline,NZT,2048,BIOENERGY,0,0,0,0,0,0
Baseline,NZT,2048,DIESEL,0,0,0,0,0,0
Baseline,NZT,2048,FUEL OIL,0,0,0,0,0,0
Baseline,NZT,2048,GAS,494,300,400,900,0,1300
Baseline,NZT,2048,GEOTHERMAL,780,600,800,1000,200,1000
Baseline,NZT,2048,HYDRO,11318.05,10502,11402,12032,10202,12302
Baseline,NZT,2048,NUCLEAR,0,0,0,0,0,0
Baseline,NZT,2048,PV,5368,5368,5368,5368,5368,5368
Baseline,NZT,2048,WIND,1505,1505,1505,1505,1505,1505
Baseline,NZT,2049,BIOENERGY,0,0,0,0,0,0
Baseline,NZT,2049,DIESEL,0,0,0,0,0,0
Baseline,NZT,2049,FUEL OIL,0,0,0,0,0,0
Baseline,NZT,2049,GAS,494,300,400,900,0,1300
Baseline,NZT,2049,GEOTHERMAL,782,600,800,1000,400,1000
Baseline,NZT,2049,HYDRO,11357.05,10502,11402,12032,10202,12302
Baseline,NZT,2049,NUCLEAR,0,0,0,0,0,0
Baseline,NZT,2049,PV,5368,5368,5368,5368,5368,5368
Baseline,NZT,2049,WIND,1505,1505,1505,1505,1505,1505
Baseline,NZT,2050,BIOENERGY,0,0,0,0,0,0
Baseline,NZT,2050,DIESEL,0,0,0,0,0,0
Baseline,NZT,2050,FUEL OIL,6,0,0,0,0,300
Baseline,NZT,2050,GAS,497,300,400,900,0,1300
Baseline,NZT,2050,GEOTHERMAL,784,600,800,1000,400,1000
Baseline,NZT,2050,HYDRO,11363.05,10502,11402,12032,10202,12302
Baseline,NZT,2050,NUCLEAR,0,0,0,0,0,0
Baseline,NZT,2050,PV,5368,5368,5368,5368,5368,5368
Baseline,NZT,2050,WIND,1505,1505,1505,1505,1505,1505
Baseline,REF,2025,BIOENERGY,150,150,150,150,150,150
Baseline,REF,2025,DIESEL,850,850,850,850,850,850
Baseline,REF,2025,FUEL OIL,1507,1420,1420,1420,1420,2920
Baseline,REF,2025,GAS,475.36,475.36,475.36,475.36,475.36,475.36
Baseline,REF,2025,GEOTHERMAL,0,0,0,0,0,0
Baseline,REF,2025,HYDRO,5258,5258,5258,5258,5258,5258
Baseline,REF,2025,NUCLEAR,0,0,0,0,0,0
Baseline,REF,2025,PV,50,50,50,50,50,50
Baseline,REF,2025,WIND,328.2,75,375,455,75,455
Baseline,REF,2026,BIOENERGY,162,150,150,150,150,350
Baseline,REF,2026,DIESEL,850,850,850,850,850,850
Baseline,REF,2026,FUEL OIL,1510,1420,1420,1420,1420,2920
Baseline,REF,2026,GAS,475.36,475.36,475.36,475.36,475.36,475.36
Baseline,REF,2026,GEOTHERMAL,80,0,0,200,0,200
Baseline,REF,2026,HYDRO,5757,5757,5757,5757,5757,5757
Baseline,REF,2026,NUCLEAR,0,0,0,0,0,0
Baseline,REF,2026,PV,50,50,50,50,50,50
Baseline,REF,2026,WIND,328.2,75,375,455,75,455
Baseline,REF,2027,BIOENERGY,174,150,150,150,150,550
Baseline,REF,2027,DIESEL,850,850,850,850,850,850
Baseline,REF,2027,FUEL OIL,1510,1420,1420,1420,1420,2920
Baseline,REF,2027,GAS,475.36,475.36,475.36,475.36,475.36,475.36
Baseline,REF,2027,GEOTHERMAL,82,0,0,200,0,200
Baseline,REF,2027,HYDRO,6157,6157,6157,6157,6157,6157
Baseline,REF,2027,NUCLEAR,0,0,0,0,0,0
Baseline,REF,2027,PV,50,50,50,50,50,50
Baseline,REF,2027,WIND,400.7,75,455,580,75,580
Baseline,REF,2028,BIOENERGY,174,150,150,150,150,550
Baseline,REF,2028,DIESEL,850,850,850,850,850,850
Baseline,REF,2028,FUEL OIL,1510,1420,1420,1420,1420,2920
Baseline,REF,2028,GAS,475.36,475.36,475.36,475.36,475.36,475.36
Baseline,REF,2028,GEOTHERMAL,82,0,0,200,0,200
Baseline,REF,2028,HYDRO,6307,6307,6307,6307,6307,6307
Baseline,REF,2028,NUCLEAR,0,0,0,0,0,0
Baseline,REF,2028,PV,65,50,50,50,50,300
Baseline,REF,2028,WIND,414.45,155,455,580,75,580
Baseline,REF,2029,BIOENERGY,174,150,150,150,150,550
Baseline,REF,2029,DIESEL,850,850,850,850,850,850
Baseline,REF,2029,FUEL OIL,916,820,820,820,820,2320
Baseline,REF,2029,GAS,507.36,475.36,475.36,475.36,475.36,875.36
Baseline,REF,2029,GEOTHERMAL,82,0,0,200,0,200
Baseline,REF,2029,HYDRO,6307,6307,6307,6307,6307,6307
Baseline,REF,2029,NUCLEAR,0,0,0,0,0,0
Baseline,REF,2029,PV,65,50,50,50,50,300
Baseline,REF,2029,WIND,421.95,195.5,455,580,75,580
Baseline,REF,2030,BIOENERGY,186,150,150,150,150,750
Baseline,REF,2030,DIESEL,850,850,850,850,850,850
Baseline,REF,2030,FUEL OIL,819,720,720,720,720,2220
Baseline,REF,2030,GAS,536.36,475.36,475.36,785.36,475.36,1175.36
Baseline,REF,2030,GEOTHERMAL,82,0,0,200,0,200
Baseline,REF,2030,HYDRO,8102,8102,8102,8102,8102,8102
Baseline,REF,2030,NUCLEAR,0,0,0,0,0,0
Baseline,REF,2030,PV,122.5,50,50,300,50,300
Baseline,REF,2030,WIND,493.55,272,515,705,75,705
Baseline,REF,2031,BIOENERGY,208,150,150,150,150,1150
Baseline,REF,2031,DIESEL,850,850,850,850,850,850
Baseline,REF,2031,FUEL OIL,831,720,720,1020,720,2220
Baseline,REF,2031,GAS,573.36,475.36,475.36,875.36,475.36,1475.36
Baseline,REF,2031,GEOTHERMAL,82,0,0,200,0,200
Baseline,REF,2031,HYDRO,8102,8102,8102,8102,8102,8102
Baseline,REF,2031,NUCLEAR,0,0,0,0,0,0
Baseline,REF,2031,PV,182.5,50,300,300,50,300
Baseline,REF,2031,WIND,667.35,405,705,955,75,955
Baseline,REF,2032,BIOENERGY,208,150,150,150,150,1150
Baseline,REF,2032,DIESEL,850,850,850,850,850,850
Baseline,REF,2032,FUEL OIL,831,720,720,1020,720,2220
Baseline,REF,2032,GAS,595.36,475.36,475.36,875.36,475.36,1775.36
Baseline,REF,2032,GEOTHERMAL,92,0,0,200,0,400
Baseline,REF,2032,HYDRO,8852,8702,8702,9602,8402,9902
Baseline,REF,2032,NUCLEAR,0,0,0,0,0,0
Baseline,REF,2032,PV,182.5,50,300,300,50,300
Baseline,REF,2032,WIND,706.45,530,705,955,75,1000
Baseline,REF,2033,BIOENERGY,210,150,150,150,150,1150
Baseline,REF,2033,DIESEL,850,850,850,850,850,850
Baseline,REF,2033,FUEL OIL,837,720,720,1020,720,2220
Baseline,REF,2033,GAS,619.36,475.36,475.36,895.36,475.36,2075.36
Baseline,REF,2033,GEOTHERMAL,92,0,0,200,0,400
Baseline,REF,2033,HYDRO,9446,9302,9302,10202,9002,10502
Baseline,REF,2033,NUCLEAR,0,0,0,0,0,0
Baseline,REF,2033,PV,197.5,50,300,300,50,300
Baseline,REF,2033,WIND,789,570.5,830,1080,75,1125
Baseline,REF,2034,BIOENERGY,210,150,150,150,150,1150
Baseline,REF,2034,DIESEL,850,850,850,850,850,850
Baseline,REF,2034,FUEL OIL,840,720,720,1020,720,2220
Baseline,REF,2034,GAS,665.36,475.36,475.36,895.36,475.36,2375.36
Baseline,REF,2034,GEOTHERMAL,104,0,0,200,0,600
Baseline,REF,2034,HYDRO,9989,9602,9902,10502,9602,11102
Baseline,REF,2034,NUCLEAR,0,0,0,0,0,0
Baseline,REF,2034,PV,197.5,50,300,300,50,300
Baseline,REF,2034,WIND,827.75,652,875,1080,75,1125
Baseline,REF,2035,BIOENERGY,210,150,150,150,150,1150
Baseline,REF,2035,DIESEL,550,550,550,550,550,550
Baseline,REF,2035,FUEL OIL,843,720,720,1050,720,2220
Baseline,REF,2035,GAS,688.36,475.36,475.36,1085.36,475.36,2375.36
Baseline,REF,2035,GEOTHERMAL,106,0,0,200,0,600
Baseline,REF,2035,HYDRO,10322,9902,10202,10832,9602,11702
Baseline,REF,2035,NUCLEAR,30,0,0,0,0,500
Baseline,REF,2035,PV,197.5,50,300,300,50,300
Baseline,REF,2035,WIND,846.65,655,875,1080,155,1205
Baseline,REF,2036,BIOENERGY,210,150,150,150,150,1150
Baseline,REF,2036,DIESEL,550,550,550,550,550,550
Baseline,REF,2036,FUEL OIL,849,720,720,1320,720,2220
Baseline,REF,2036,GAS,688.36,475.36,475.36,1085.36,475.36,2375.36
Baseline,REF,2036,GEOTHERMAL,126,0,0,200,0,1000
Baseline,REF,2036,HYDRO,10454,10202,10202,11132,9902,12302
Baseline,REF,2036,NUCLEAR,30,0,0,0,0,500
Baseline,REF,2036,PV,231,50,300,300,50,300
Baseline,REF,2036,WIND,1117.2,905,1205,1330,155,1500
Baseline,REF,2037,BIOENERGY,210,150,150,150,150,1150
Baseline,REF,2037,DIESEL,550,550,550,550,550,550
Baseline,REF,2037,FUEL OIL,849,720,720,1320,720,2220
Baseline,REF,2037,GAS,709.36,475.36,475.36,1175.36,475.36,2375.36
Baseline,REF,2037,GEOTHERMAL,134,0,0,200,0,1000
Baseline,REF,2037,HYDRO,10631,10202,10502,11402,10202,12302
Baseline,REF,2037,NUCLEAR,30,0,0,0,0,500
Baseline,REF,2037,PV,238.5,50,300,300,50,300
Baseline,REF,2037,WIND,1142.2,954.5,1205,1383,155,1580
Baseline,REF,2038,BIOENERGY,210,150,150,150,150,1150
Baseline,REF,2038,DIESEL,550,550,550,550,550,550
Baseline,REF,2038,FUEL OIL,852,720,720,1320,720,2220
Baseline,REF,2038,GAS,718.36,475.36,475.36,1175.36,475.36,2375.36
Baseline,REF,2038,GEOTHERMAL,134,0,0,200,0,1000
Baseline,REF,2038,HYDRO,10826,10502,10802,11432,10502,12302
Baseline,REF,2038,NUCLEAR,30,0,0,0,0,500
Baseline,REF,2038,PV,246,50,300,300,50,300
Baseline,REF,2038,WIND,1168,1000,1205,1455,155,1580
Baseline,REF,2039,BIOENERGY,210,150,150,150,150,1150
Baseline,REF,2039,DIESEL,550,550,550,550,550,550
Baseline,REF,2039,FUEL OIL,852,720,720,1320,720,2220
Baseline,REF,2039,GAS,724.36,475.36,475.36,1175.36,475.36,2375.36
Baseline,REF,2039,GEOTHERMAL,136,0,0,200,0,1000
Baseline,REF,2039,HYDRO,10997,10802,10802,11702,10502,12302
Baseline,REF,2039,NUCLEAR,30,0,0,0,0,500
Baseline,REF,2039,PV,248.5,50,300,300,50,300
Baseline,REF,2039,WIND,1195.05,1027,1330,1455,155,1580
Baseline,REF,2040,BIOENERGY,210,150,150,150,150,1150
Baseline,REF,2040,DIESEL,300,300,300,300,300,300
Baseline,REF,2040,FUEL OIL,855,720,720,1320,720,2220
Baseline,REF,2040,GAS,731.36,475.36,475.36,1175.36,475.36,2375.36
Baseline,REF,2040,GEOTHERMAL,136,0,0,200,0,1000
Baseline,REF,2040,HYDRO,11222,11102,11102,11732,10802,12302
Baseline,REF,2040,NUCLEAR,80,0,0,0,0,1500
Baseline,REF,2040,PV,248.5,50,300,300,50,300
Baseline,REF,2040,WIND,1215.05,1030,1330,1455,155,1580
Baseline,REF,2041,BIOENERGY,210,150,150,150,150,1150
Baseline,REF,2041,DIESEL,300,300,300,300,300,300
Baseline,REF,2041,FUEL OIL,858,720,720,1320,720,2220
Baseline,REF,2041,GAS,760.36,475.36,475.36,1175.36,475.36,2375.36
Baseline,REF,2041,GEOTHERMAL,138,0,0,200,0,1000
Baseline,REF,2041,HYDRO,11228,11102,11102,11732,10802,12302
Baseline,REF,2041,NUCLEAR,80,0,0,0,0,1500
Baseline,REF,2041,PV,576.4,300,550,800,50,1050
Baseline,REF,2041,WIND,1344.55,1030,1455,1580,280,1580
Baseline,REF,2042,BIOENERGY,210,150,150,150,150,1150
Baseline,REF,2042,DIESEL,300,300,300,300,300,300
Baseline,REF,2042,FUEL OIL,858,720,720,1320,720,2220
Baseline,REF,2042,GAS,777.36,475.36,475.36,1175.36,475.36,2375.36
Baseline,REF,2042,GEOTHERMAL,142,0,0,200,0,1000
Baseline,REF,2042,HYDRO,11261,11102,11102,12032,10802,12302
Baseline,REF,2042,NUCLEAR,80,0,0,0,0,1500
Baseline,REF,2042,PV,611.7,550,550,800,50,1050
Baseline,REF,2042,WIND,1354.1,1030,1455,1580,280,1580
Baseline,REF,2043,BIOENERGY,210,150,150,150,150,1150
Baseline,REF,2043,DIESEL,300,300,300,300,300,300
Baseline,REF,2043,FUEL OIL,858,720,720,1320,720,2220
Baseline,REF,2043,GAS,794.36,475.36,475.36,1175.36,475.36,2375.36
Baseline,REF,2043,GEOTHERMAL,144,0,0,200,0,1000
Baseline,REF,2043,HYDRO,11267,11102,11102,12032,10802,12302
Baseline,REF,2043,NUCLEAR,80,0,0,0,0,1500
Baseline,REF,2043,PV,625,550,550,800,50,1050
Baseline,REF,2043,WIND,1361.6,1030,1455,1580,280,1580
Baseline,REF,2044,BIOENERGY,210,150,150,150,150,1150
Baseline,REF,2044,DIESEL,300,300,300,300,300,300
Baseline,REF,2044,FUEL OIL,858,720,720,1320,720,2220
Baseline,REF,2044,GAS,831.36,475.36,625.36,1475.36,475.36,2375.36
Baseline,REF,2044,GEOTHERMAL,144,0,0,200,0,1000
Baseline,REF,2044,HYDRO,11273,11102,11102,12032,10802,12302
Baseline,REF,2044,NUCLEAR,80,0,0,0,0,1500
Baseline,REF,2044,PV,638.2,550,550,800,220,1050
Baseline,REF,2044,WIND,1370.35,1142.5,1455,1580,280,1580
Baseline,REF,2045,BIOENERGY,60,0,0,0,0,1000
Baseline,REF,2045,DIESEL,0,0,0,0,0,0
Baseline,REF,2045,FUEL OIL,177,0,0,600,0,1500
Baseline,REF,2045,GAS,1698,1500,1600,1900,1000,1900
Baseline,REF,2045,GEOTHERMAL,162,0,200,200,0,1000
Baseline,REF,2045,HYDRO,11330,11102,11102,12302,10802,12302
Baseline,REF,2045,NUCLEAR,100,0,0,0,0,1500
Baseline,REF,2045,PV,833.9,745,750,1000,170,1250
Baseline,REF,2045,WIND,1314.1,1080,1425,1505,205,1505
Baseline,REF,2046,BIOENERGY,62,0,0,0,0,1000
Baseline,REF,2046,DIESEL,0,0,0,0,0,0
Baseline,REF,2046,FUEL OIL,177,0,0,600,0,1500
Baseline,REF,2046,GAS,1747,1600,1900,1900,1300,1900
Baseline,REF,2046,GEOTHERMAL,168,0,200,220,0,1000
Baseline,REF,2046,HYDRO,11342,11102,11102,12302,10802,12302
Baseline,REF,2046,NUCLEAR,100,0,0,0,0,1500
Baseline,REF,2046,PV,841.4,745,750,1000,170,1250
Baseline,REF,2046,WIND,1319.1,1205,1425,1505,205,1505
Baseline,REF,2047,BIOENERGY,62,0,0,0,0,1000
Baseline,REF,2047,DIESEL,0,0,0,0,0,0
Baseline,REF,2047,FUEL OIL,192,0,0,600,0,1500
Baseline,REF,2047,GAS,1775,1600,1900,1900,1300,1900
Baseline,REF,2047,GEOTHERMAL,168,0,200,220,0,1000
Baseline,REF,2047,HYDRO,11342,11102,11102,12302,10802,12302
Baseline,REF,2047,NUCLEAR,100,0,0,0,0,1500
Baseline,REF,2047,PV,847.2,745,750,1000,450,1250
Baseline,REF,2047,WIND,1320.35,1205,1425,1505,205,1505
Baseline,REF,2048,BIOENERGY,62,0,0,0,0,1000
Baseline,REF,2048,DIESEL,0,0,0,0,0,0
Baseline,REF,2048,FUEL OIL,195,0,0,600,0,1500
Baseline,REF,2048,GAS,1785,1600,1900,1900,1300,1900
Baseline,REF,2048,GEOTHERMAL,170,0,200,220,0,1000
Baseline,REF,2048,HYDRO,11345,11102,11102,12302,10802,12302
Baseline,REF,2048,NUCLEAR,100,0,0,0,0,1500
Baseline,REF,2048,PV,849.2,745,750,1000,450,1250
Baseline,REF,2048,WIND,1320.35,1205,1425,1505,205,1505
Baseline,REF,2049,BIOENERGY,62,0,0,0,0,1000
Baseline,REF,2049,DIESEL,0,0,0,0,0,0
Baseline,REF,2049,FUEL OIL,198,0,0,600,0,1500
Baseline,REF,2049,GAS,1788,1600,1900,1900,1300,1900
Baseline,REF,2049,GEOTHERMAL,170,0,200,220,0,1000
Baseline,REF,2049,HYDRO,11369,11102,11102,12302,10802,12302
Baseline,REF,2049,NUCLEAR,100,0,0,0,0,1500
Baseline,REF,2049,PV,850.9,745,750,1000,450,1250
Baseline,REF,2049,WIND,1322.85,1205,1465,1505,205,1505
Baseline,REF,2050,BIOENERGY,62,0,0,0,0,1000
Baseline,REF,2050,DIESEL,0,0,0,0,0,0
Baseline,REF,2050,FUEL OIL,210,0,0,600,0,1500
Baseline,REF,2050,GAS,1798,1600,1900,1900,1300,1900
Baseline,REF,2050,GEOTHERMAL,172,0,200,220,0,1000
Baseline,REF,2050,HYDRO,11372,11102,11102,12302,10802,12302
Baseline,REF,2050,NUCLEAR,100,0,0,0,0,1500
Baseline,REF,2050,PV,854.6,745,750,1000,450,1250
Baseline,REF,2050,WIND,1324.1,1205,1505,1505,205,1505
Adverse,BRIDGE,2025,BIOENERGY,150,150,150,150,150,150
Adverse,BRIDGE,2025,DIESEL,850,850,850,850,850,850
Adverse,BRIDGE,2025,FUEL OIL,2320,2140,2320,2500,2020,2620
Adverse,BRIDGE,2025,GAS,475.36,475.36,475.36,475.36,475.36,475.36
Adverse,BRIDGE,2025,GEOTHERMAL,0,0,0,0,0,0
Adverse,BRIDGE,2025,HYDRO,5258,5258,5258,5258,5258,5258
Adverse,BRIDGE,2025,NUCLEAR,0,0,0,0,0,0
Adverse,BRIDGE,2025,PV,1190,1150,1150,1270,1150,1350
Adverse,BRIDGE,2025,WIND,407,375,375,455,375,455
Adverse,BRIDGE,2026,BIOENERGY,150,150,150,150,150,150
Adverse,BRIDGE,2026,DIESEL,850,850,850,850,850,850
Adverse,BRIDGE,2026,FUEL OIL,2320,2140,2320,2500,2020,2620
Adverse,BRIDGE,2026,GAS,475.36,475.36,475.36,475.36,475.36,475.36
Adverse,BRIDGE,2026,GEOTHERMAL,200,200,200,200,200,200
Adverse,BRIDGE,2026,HYDRO,5757,5757,5757,5757,5757,5757
Adverse,BRIDGE,2026,NUCLEAR,0,0,0,0,0,0
Adverse,BRIDGE,2026,PV,1190,1150,1150,1270,1150,1350
Adverse,BRIDGE,2026,WIND,407,375,375,455,375,455
Adverse,BRIDGE,2027,BIOENERGY,150,150,150,150,150,150
Adverse,BRIDGE,2027,DIESEL,850,850,850,850,850,850
Adverse,BRIDGE,2027,FUEL OIL,2320,2140,2320,2500,2020,2620
Adverse,BRIDGE,2027,GAS,475.36,475.36,475.36,475.36,475.36,475.36
Adverse,BRIDGE,2027,GEOTHERMAL,400,400,400,400,400,400
Adverse,BRIDGE,2027,HYDRO,6157,6157,6157,6157,6157,6157
Adverse,BRIDGE,2027,NUCLEAR,0,0,0,0,0,0
Adverse,BRIDGE,2027,PV,1190,1150,1150,1270,1150,1350
Adverse,BRIDGE,2027,WIND,532,500,500,580,500,580
Adverse,BRIDGE,2028,BIOENERGY,150,150,150,150,150,150
Adverse,BRIDGE,2028,DIESEL,850,850,850,850,850,850
Adverse,BRIDGE,2028,FUEL OIL,2320,2140,2320,2500,2020,2620
Adverse,BRIDGE,2028,GAS,555.36,475.36,475.36,715.36,475.36,875.36
Adverse,BRIDGE,2028,GEOTHERMAL,600,600,600,600,600,600
Adverse,BRIDGE,2028,HYDRO,6307,6307,6307,6307,6307,6307
Adverse,BRIDGE,2028,NUCLEAR,0,0,0,0,0,0
Adverse,BRIDGE,2028,PV,1190,1150,1150,1270,1150,1350
Adverse,BRIDGE,2028,WIND,607,532,625,673,500,705
Adverse,BRIDGE,2029,BIOENERGY,150,150,150,150,150,150
Adverse,BRIDGE,2029,DIESEL,850,850,850,850,850,850
Adverse,BRIDGE,2029,FUEL OIL,1720,1540,1720,1900,1420,2020
Adverse,BRIDGE,2029,GAS,875.36,875.36,875.36,875.36,875.36,875.36
Adverse,BRIDGE,2029,GEOTHERMAL,600,600,600,600,600,600
Adverse,BRIDGE,2029,HYDRO,6307,6307,6307,6307,6307,6307
Adverse,BRIDGE,2029,NUCLEAR,0,0,0,0,0,0
Adverse,BRIDGE,2029,PV,1190,1150,1150,1270,1150,1350
Adverse,BRIDGE,2029,WIND,607,532,625,673,500,705
Adverse,BRIDGE,2030,BIOENERGY,150,150,150,150,150,150
Adverse,BRIDGE,2030,DIESEL,850,850,850,850,850,850
Adverse,BRIDGE,2030,FUEL OIL,1620,1440,1620,1800,1320,1920
Adverse,BRIDGE,2030,GAS,1175.36,1175.36,1175.36,1175.36,1175.36,1175.36
Adverse,BRIDGE,2030,GEOTHERMAL,800,680,800,920,600,1000
Adverse,BRIDGE,2030,HYDRO,8102,8102,8102,8102,8102,8102
Adverse,BRIDGE,2030,NUCLEAR,0,0,0,0,0,0
Adverse,BRIDGE,2030,PV,1190,1150,1150,1270,1150,1350
Adverse,BRIDGE,2030,WIND,755,705,705,855,705,955
Adverse,BRIDGE,2031,BIOENERGY,150,150,150,150,150,150
Adverse,BRIDGE,2031,DIESEL,850,850,850,850,850,850
Adverse,BRIDGE,2031,FUEL OIL,1620,1440,1620,1800,1320,1920
Adverse,BRIDGE,2031,GAS,1175.36,1175.36,1175.36,1175.36,1175.36,1175.36
Adverse,BRIDGE,2031,GEOTHERMAL,1000,1000,1000,1000,1000,1000
Adverse,BRIDGE,2031,HYDRO,8102,8102,8102,8102,8102,8102
Adverse,BRIDGE,2031,NUCLEAR,0,0,0,0,0,0
Adverse,BRIDGE,2031,PV,1940,1900,1900,2020,1900,2100
Adverse,BRIDGE,2031,WIND,1080,1080,1080,1080,1080,1080
Adverse,BRIDGE,2032,BIOENERGY,150,150,150,150,150,150
Adverse,BRIDGE,2032,DIESEL,850,850,850,850,850,850
Adverse,BRIDGE,2032,FUEL OIL,1620,1440,1620,1800,1320,1920
Adverse,BRIDGE,2032,GAS,1175.36,1175.36,1175.36,1175.36,1175.36,1175.36
Adverse,BRIDGE,2032,GEOTHERMAL,1000,1000,1000,1000,1000,1000
Adverse,BRIDGE,2032,HYDRO,8402,8102,8102,8942,8102,9302
Adverse,BRIDGE,2032,NUCLEAR,0,0,0,0,0,0
Adverse,BRIDGE,2032,PV,2590,2400,2650,2770,2400,2850
Adverse,BRIDGE,2032,WIND,1205,1205,1205,1205,1205,1205
Adverse,BRIDGE,2033,BIOENERGY,150,150,150,150,150,150
Adverse,BRIDGE,2033,DIESEL,850,850,850,850,850,850
Adverse,BRIDGE,2033,FUEL OIL,1620,1440,1620,1800,1320,1920
Adverse,BRIDGE,2033,GAS,1295.36,1175.36,1175.36,1475.36,1175.36,1475.36
Adverse,BRIDGE,2033,GEOTHERMAL,1000,1000,1000,1000,1000,1000
Adverse,BRIDGE,2033,HYDRO,9122,8522,9302,9602,8402,9602
Adverse,BRIDGE,2033,NUCLEAR,0,0,0,0,0,0
Adverse,BRIDGE,2033,PV,2590,2400,2650,2770,2400,2850
Adverse,BRIDGE,2033,WIND,1330,1330,1330,1330,1330,1330
Adverse,BRIDGE,2034,BIOENERGY,150,150,150,150,150,150
Adverse,BRIDGE,2034,DIESEL,850,850,850,850,850,850
Adverse,BRIDGE,2034,FUEL OIL,1620,1440,1620,1800,1320,1920
Adverse,BRIDGE,2034,GAS,1415.36,1295.36,1475.36,1475.36,1175.36,1475.36
Adverse,BRIDGE,2034,GEOTHERMAL,1000,1000,1000,1000,1000,1000
Adverse,BRIDGE,2034,HYDRO,9242,8522,9302,9902,8402,9902
Adverse,BRIDGE,2034,NUCLEAR,0,0,0,0,0,0
Adverse,BRIDGE,2034,PV,2590,2400,2650,2770,2400,2850
Adverse,BRIDGE,2034,WIND,1455,1455,1455,1455,1455,1455
Adverse,BRIDGE,2035,BIOENERGY,150,150,150,150,150,150
Adverse,BRIDGE,2035,DIESEL,550,550,550,550,550,550
Adverse,BRIDGE,2035,FUEL OIL,1620,1440,1620,1800,1320,1920
Adverse,BRIDGE,2035,GAS,1595.36,1475.36,1475.36,1775.36,1475.36,1775.36
Adverse,BRIDGE,2035,GEOTHERMAL,1000,1000,1000,1000,1000,1000
Adverse,BRIDGE,2035,HYDRO,9422,8822,9602,9902,8702,9902
Adverse,BRIDGE,2035,NUCLEAR,0,0,0,0,0,0
Adverse,BRIDGE,2035,PV,2590,2400,2650,2770,2400,2850
Adverse,BRIDGE,2035,WIND,1455,1455,1455,1455,1455,1455
Adverse,BRIDGE,2036,BIOENERGY,150,150,150,150,150,150
Adverse,BRIDGE,2036,DIESEL,550,550,550,550,550,550
Adverse,BRIDGE,2036,FUEL OIL,1620,1440,1620,1800,1320,1920
Adverse,BRIDGE,2036,GAS,1595.36,1475.36,1475.36,1775.36,1475.36,1775.36
Adverse,BRIDGE,2036,GEOTHERMAL,1000,1000,1000,1000,1000,1000
Adverse,BRIDGE,2036,HYDRO,9422,8822,9602,9902,8702,9902
Adverse,BRIDGE,2036,NUCLEAR,0,0,0,0,0,0
Adverse,BRIDGE,2036,PV,4940,4900,4900,5020,4900,5100
Adverse,BRIDGE,2036,WIND,1580,1580,1580,1580,1580,1580
Adverse,BRIDGE,2037,BIOENERGY,150,150,150,150,150,150
Adverse,BRIDGE,2037,DIESEL,550,550,550,550,550,550
Adverse,BRIDGE,2037,FUEL OIL,1620,1440,1620,1800,1320,1920
Adverse,BRIDGE,2037,GAS,1595.36,1475.36,1475.36,1775.36,1475.36,1775.36
Adverse,BRIDGE,2037,GEOTHERMAL,1000,1000,1000,1000,1000,1000
Adverse,BRIDGE,2037,HYDRO,9422,8822,9602,9902,8702,9902
Adverse,BRIDGE,2037,NUCLEAR,0,0,0,0,0,0
Adverse,BRIDGE,2037,PV,4940,4900,4900,5020,4900,5100
Adverse,BRIDGE,2037,WIND,1580,1580,1580,1580,1580,1580
Adverse,BRIDGE,2038,BIOENERGY,150,150,150,150,150,150
Adverse,BRIDGE,2038,DIESEL,550,550,550,550,550,550
Adverse,BRIDGE,2038,FUEL OIL,1620,1440,1620,1800,1320,1920
Adverse,BRIDGE,2038,GAS,1595.36,1475.36,1475.36,1775.36,1475.36,1775.36
Adverse,BRIDGE,2038,GEOTHERMAL,1000,1000,1000,1000,1000,1000
Adverse,BRIDGE,2038,HYDRO,9422,8822,9602,9902,8702,9902
Adverse,BRIDGE,2038,NUCLEAR,0,0,0,0,0,0
Adverse,BRIDGE,2038,PV,4940,4900,4900,5020,4900,5100
Adverse,BRIDGE,2038,WIND,1580,1580,1580,1580,1580,1580
Adverse,BRIDGE,2039,BIOENERGY,150,150,150,150,150,150
Adverse,BRIDGE,2039,DIESEL,550,550,550,550,550,550
Adverse,BRIDGE,2039,FUEL OIL,1620,1440,1620,1800,1320,1920
Adverse,BRIDGE,2039,GAS,1595.36,1475.36,1475.36,1775.36,1475.36,1775.36
Adverse,BRIDGE,2039,GEOTHERMAL,1000,1000,1000,1000,1000,1000
Adverse,BRIDGE,2039,HYDRO,9482,8822,9902,9902,8702,9902
Adverse,BRIDGE,2039,NUCLEAR,0,0,0,0,0,0
Adverse,BRIDGE,2039,PV,4940,4900,4900,5020,4900,5100
Adverse,BRIDGE,2039,WIND,1580,1580,1580,1580,1580,1580
Adverse,BRIDGE,2040,BIOENERGY,150,150,150,150,150,150
Adverse,BRIDGE,2040,DIESEL,300,300,300,300,300,300
Adverse,BRIDGE,2040,FUEL OIL,1620,1440,1620,1800,1320,1920
Adverse,BRIDGE,2040,GAS,1655.36,1475.36,1775.36,1775.36,1475.36,1775.36
Adverse,BRIDGE,2040,GEOTHERMAL,1000,1000,1000,1000,1000,1000
Adverse,BRIDGE,2040,HYDRO,9842,9122,9902,10502,9002,10502
Adverse,BRIDGE,2040,NUCLEAR,0,0,0,0,0,0
Adverse,BRIDGE,2040,PV,4940,4900,4900,5020,4900,5100
Adverse,BRIDGE,2040,WIND,1580,1580,1580,1580,1580,1580
Adverse,BRIDGE,2041,BIOENERGY,150,150,150,150,150,150
Adverse,BRIDGE,2041,DIESEL,300,300,300,300,300,300
Adverse,BRIDGE,2041,FUEL OIL,1620,1440,1620,1800,1320,1920
Adverse,BRIDGE,2041,GAS,1655.36,1475.36,1775.36,1775.36,1475.36,1775.36
Adverse,BRIDGE,2041,GEOTHERMAL,1000,1000,1000,1000,1000,1000
Adverse,BRIDGE,2041,HYDRO,9842,9122,9902,10502,9002,10502
Adverse,BRIDGE,2041,NUCLEAR,0,0,0,0,0,0
Adverse,BRIDGE,2041,PV,5418,5418,5418,5418,5418,5418
Adverse,BRIDGE,2041,WIND,1580,1580,1580,1580,1580,1580
Adverse,BRIDGE,2042,BIOENERGY,310,150,350,470,150,550
Adverse,BRIDGE,2042,DIESEL,300,300,300,300,300,300
Adverse,BRIDGE,2042,FUEL OIL,1620,1440,1620,1800,1320,1920
Adverse,BRIDGE,2042,GAS,1655.36,1475.36,1775.36,1775.36,1475.36,1775.36
Adverse,BRIDGE,2042,GEOTHERMAL,1000,1000,1000,1000,1000,1000
Adverse,BRIDGE,2042,HYDRO,9842,9122,9902,10502,9002,10502
Adverse,BRIDGE,2042,NUCLEAR,0,0,0,0,0,0
Adverse,BRIDGE,2042,PV,5418,5418,5418,5418,5418,5418
Adverse,BRIDGE,2042,WIND,1580,1580,1580,1580,1580,1580
Adverse,BRIDGE,2043,BIOENERGY,470,350,550,550,350,550
Adverse,BRIDGE,2043,DIESEL,300,300,300,300,300,300
Adverse,BRIDGE,2043,FUEL OIL,1620,1440,1620,1800,1320,1920
Adverse,BRIDGE,2043,GAS,1655.36,1475.36,1775.36,1775.36,1475.36,1775.36
Adverse,BRIDGE,2043,GEOTHERMAL,1000,1000,1000,1000,1000,1000
Adverse,BRIDGE,2043,HYDRO,9842,9122,9902,10502,9002,10502
Adverse,BRIDGE,2043,NUCLEAR,0,0,0,0,0,0
Adverse,BRIDGE,2043,PV,5418,5418,5418,5418,5418,5418
Adverse,BRIDGE,2043,WIND,1580,1580,1580,1580,1580,1580
Adverse,BRIDGE,2044,BIOENERGY,630,550,550,750,550,750
Adverse,BRIDGE,2044,DIESEL,300,300,300,300,300,300
Adverse,BRIDGE,2044,FUEL OIL,1620,1440,1620,1800,1320,1920
Adverse,BRIDGE,2044,GAS,1655.36,1475.36,1775.36,1775.36,1475.36,1775.36
Adverse,BRIDGE,2044,GEOTHERMAL,1000,1000,1000,1000,1000,1000
Adverse,BRIDGE,2044,HYDRO,9842,9122,9902,10502,9002,10502
Adverse,BRIDGE,2044,NUCLEAR,0,0,0,0,0,0
Adverse,BRIDGE,2044,PV,5418,5418,5418,5418,5418,5418
Adverse,BRIDGE,2044,WIND,1580,1580,1580,1580,1580,1580
Adverse,BRIDGE,2045,BIOENERGY,480,400,400,600,400,600
Adverse,BRIDGE,2045,DIESEL,0,0,0,0,0,0
Adverse,BRIDGE,2045,FUEL OIL,1440,1320,1500,1500,1200,1500
Adverse,BRIDGE,2045,GAS,1900,1900,1900,1900,1900,1900
Adverse,BRIDGE,2045,GEOTHERMAL,1000,1000,1000,1000,1000,1000
Adverse,BRIDGE,2045,HYDRO,9842,9122,9902,10502,9002,10502
Adverse,BRIDGE,2045,NUCLEAR,0,0,0,0,0,0
Adverse,BRIDGE,2045,PV,5368,5368,5368,5368,5368,5368
Adverse,BRIDGE,2045,WIND,1505,1505,1505,1505,1505,1505
Adverse,BRIDGE,2046,BIOENERGY,480,400,400,600,400,600
Adverse,BRIDGE,2046,DIESEL,0,0,0,0,0,0
Adverse,BRIDGE,2046,FUEL OIL,1500,1500,1500,1500,1500,1500
Adverse,BRIDGE,2046,GAS,1900,1900,1900,1900,1900,1900
Adverse,BRIDGE,2046,GEOTHERMAL,1000,1000,1000,1000,1000,1000
Adverse,BRIDGE,2046,HYDRO,9842,9122,9902,10502,9002,10502
Adverse,BRIDGE,2046,NUCLEAR,0,0,0,0,0,0
Adverse,BRIDGE,2046,PV,5368,5368,5368,5368,5368,5368
Adverse,BRIDGE,2046,WIND,1505,1505,1505,1505,1505,1505
Adverse,BRIDGE,2047,BIOENERGY,480,400,400,600,400,600
Adverse,BRIDGE,2047,DIESEL,0,0,0,0,0,0
Adverse,BRIDGE,2047,FUEL OIL,1500,1500,1500,1500,1500,1500
Adverse,BRIDGE,2047,GAS,1900,1900,1900,1900,1900,1900
Adverse,BRIDGE,2047,GEOTHERMAL,1000,1000,1000,1000,1000,1000
Adverse,BRIDGE,2047,HYDRO,9842,9122,9902,10502,9002,10502
Adverse,BRIDGE,2047,NUCLEAR,0,0,0,0,0,0
Adverse,BRIDGE,2047,PV,5368,5368,5368,5368,5368,5368
Adverse,BRIDGE,2047,WIND,1505,1505,1505,1505,1505,1505
Adverse,BRIDGE,2048,BIOENERGY,480,400,400,600,400,600
Adverse,BRIDGE,2048,DIESEL,0,0,0,0,0,0
Adverse,BRIDGE,2048,FUEL OIL,1500,1500,1500,1500,1500,1500
Adverse,BRIDGE,2048,GAS,1900,1900,1900,1900,1900,1900
Adverse,BRIDGE,2048,GEOTHERMAL,1000,1000,1000,1000,1000,1000
Adverse,BRIDGE,2048,HYDRO,9842,9122,9902,10502,9002,10502
Adverse,BRIDGE,2048,NUCLEAR,0,0,0,0,0,0
Adverse,BRIDGE,2048,PV,5368,5368,5368,5368,5368,5368
Adverse,BRIDGE,2048,WIND,1505,1505,1505,1505,1505,1505
Adverse,BRIDGE,2049,BIOENERGY,480,400,400,600,400,600
Adverse,BRIDGE,2049,DIESEL,0,0,0,0,0,0
Adverse,BRIDGE,2049,FUEL OIL,1500,1500,1500,1500,1500,1500
Adverse,BRIDGE,2049,GAS,1900,1900,1900,1900,1900,1900
Adverse,BRIDGE,2049,GEOTHERMAL,1000,1000,1000,1000,1000,1000
Adverse,BRIDGE,2049,HYDRO,9842,9122,9902,10502,9002,10502
Adverse,BRIDGE,2049,NUCLEAR,0,0,0,0,0,0
Adverse,BRIDGE,2049,PV,5368,5368,5368,5368,5368,5368
Adverse,BRIDGE,2049,WIND,1505,1505,1505,1505,1505,1505
Adverse,BRIDGE,2050,BIOENERGY,480,400,400,600,400,600
Adverse,BRIDGE,2050,DIESEL,0,0,0,0,0,0
Adverse,BRIDGE,2050,FUEL OIL,1500,1500,1500,1500,1500,1500
Adverse,BRIDGE,2050,GAS,1900,1900,1900,1900,1900,1900
Adverse,BRIDGE,2050,GEOTHERMAL,1000,1000,1000,1000,1000,1000
Adverse,BRIDGE,2050,HYDRO,9842,9122,9902,10502,9002,10502
Adverse,BRIDGE,2050,NUCLEAR,0,0,0,0,0,0
Adverse,BRIDGE,2050,PV,5368,5368,5368,5368,5368,5368
Adverse,BRIDGE,2050,WIND,1505,1505,1505,1505,1505,1505
Adverse,NZT,2025,BIOENERGY,150,150,150,150,150,150
Adverse,NZT,2025,DIESEL,850,850,850,850,850,850
Adverse,NZT,2025,FUEL OIL,1420,1420,1420,1420,1420,1420
Adverse,NZT,2025,GAS,475.36,475.36,475.36,475.36,475.36,475.36
Adverse,NZT,2025,GEOTHERMAL,0,0,0,0,0,0
Adverse,NZT,2025,HYDRO,5258,5258,5258,5258,5258,5258
Adverse,NZT,2025,NUCLEAR,0,0,0,0,0,0
Adverse,NZT,2025,PV,1350,1350,1350,1350,1350,1350
Adverse,NZT,2025,WIND,455,455,455,455,455,455
Adverse,NZT,2026,BIOENERGY,350,350,350,350,350,350
Adverse,NZT,2026,DIESEL,850,850,850,850,850,850
Adverse,NZT,2026,FUEL OIL,1420,1420,1420,1420,1420,1420
Adverse,NZT,2026,GAS,475.36,475.36,475.36,475.36,475.36,475.36
Adverse,NZT,2026,GEOTHERMAL,200,200,200,200,200,200
Adverse,NZT,2026,HYDRO,5757,5757,5757,5757,5757,5757
Adverse,NZT,2026,NUCLEAR,0,0,0,0,0,0
Adverse,NZT,2026,PV,1668,1668,1668,1668,1668,1668
Adverse,NZT,2026,WIND,455,455,455,455,455,455
Adverse,NZT,2027,BIOENERGY,550,550,550,550,550,550
Adverse,NZT,2027,DIESEL,850,850,850,850,850,850
Adverse,NZT,2027,FUEL OIL,1420,1420,1420,1420,1420,1420
Adverse,NZT,2027,GAS,475.36,475.36,475.36,475.36,475.36,475.36
Adverse,NZT,2027,GEOTHERMAL,400,400,400,400,400,400
Adverse,NZT,2027,HYDRO,6157,6157,6157,6157,6157,6157
Adverse,NZT,2027,NUCLEAR,0,0,0,0,0,0
Adverse,NZT,2027,PV,1918,1918,1918,1918,1918,1918
Adverse,NZT,2027,WIND,580,580,580,580,580,580
Adverse,NZT,2028,BIOENERGY,590,550,550,670,550,750
Adverse,NZT,2028,DIESEL,850,850,850,850,850,850
Adverse,NZT,2028,FUEL OIL,1420,1420,1420,1420,1420,1420
Adverse,NZT,2028,GAS,795.36,635.36,875.36,875.36,475.36,875.36
Adverse,NZT,2028,GEOTHERMAL,600,600,600,600,600,600
Adverse,NZT,2028,HYDRO,6187,6157,6157,6247,6157,6307
Adverse,NZT,2028,NUCLEAR,0,0,0,0,0,0
Adverse,NZT,2028,PV,2168,2168,2168,2168,2168,2168
Adverse,NZT,2028,WIND,705,705,705,705,705,705
Adverse,NZT,2029,BIOENERGY,630,550,550,790,550,950
Adverse,NZT,2029,DIESEL,850,850,850,850,850,850
Adverse,NZT,2029,FUEL OIL,820,820,820,820,820,820
Adverse,NZT,2029,GAS,795.36,635.36,875.36,875.36,475.36,875.36
Adverse,NZT,2029,GEOTHERMAL,1000,1000,1000,1000,1000,1000
Adverse,NZT,2029,HYDRO,6217,6157,6157,6307,6157,6307
Adverse,NZT,2029,NUCLEAR,0,0,0,0,0,0
Adverse,NZT,2029,PV,2418,2418,2418,2418,2418,2418
Adverse,NZT,2029,WIND,830,830,830,830,830,830
Adverse,NZT,2030,BIOENERGY,670,550,550,870,550,950
Adverse,NZT,2030,DIESEL,850,850,850,850,850,850
Adverse,NZT,2030,FUEL OIL,720,720,720,720,720,720
Adverse,NZT,2030,GAS,1095.36,935.36,1175.36,1175.36,775.36,1175.36
Adverse,NZT,2030,GEOTHERMAL,1000,1000,1000,1000,1000,1000
Adverse,NZT,2030,HYDRO,6217,6157,6157,6307,6157,6307
Adverse,NZT,2030,NUCLEAR,0,0,0,0,0,0
Adverse,NZT,2030,PV,2418,2418,2418,2418,2418,2418
Adverse,NZT,2030,WIND,955,955,955,955,955,955
Adverse,NZT,2031,BIOENERGY,750,630,750,870,550,950
Adverse,NZT,2031,DIESEL,850,850,850,850,850,850
Adverse,NZT,2031,FUEL OIL,720,720,720,720,720,720
Adverse,NZT,2031,GAS,1095.36,935.36,1175.36,1175.36,775.36,1175.36
Adverse,NZT,2031,GEOTHERMAL,1000,1000,1000,1000,1000,1000
Adverse,NZT,2031,HYDRO,6487,6217,6307,6937,6157,7357
Adverse,NZT,2031,NUCLEAR,0,0,0,0,0,0
Adverse,NZT,2031,PV,2418,2418,2418,2418,2418,2418
Adverse,NZT,2031,WIND,1080,1080,1080,1080,1080,1080
Adverse,NZT,2032,BIOENERGY,750,630,750,870,550,950
Adverse,NZT,2032,DIESEL,850,850,850,850,850,850
Adverse,NZT,2032,FUEL OIL,720,720,720,720,720,720
Adverse,NZT,2032,GAS,1095.36,935.36,1175.36,1175.36,775.36,1175.36
Adverse,NZT,2032,GEOTHERMAL,1000,1000,1000,1000,1000,1000
Adverse,NZT,2032,HYDRO,6487,6217,6307,6937,6157,7357
Adverse,NZT,2032,NUCLEAR,0,0,0,0,0,0
Adverse,NZT,2032,PV,3168,3168,3168,3168,3168,3168
Adverse,NZT,2032,WIND,1205,1205,1205,1205,1205,1205
Adverse,NZT,2033,BIOENERGY,750,630,750,870,550,950
Adverse,NZT,2033,DIESEL,850,850,850,850,850,850
Adverse,NZT,2033,FUEL OIL,720,720,720,720,720,720
Adverse,NZT,2033,GAS,1095.36,935.36,1175.36,1175.36,775.36,1175.36
Adverse,NZT,2033,GEOTHERMAL,1000,1000,1000,1000,1000,1000
Adverse,NZT,2033,HYDRO,6487,6217,6307,6937,6157,7357
Adverse,NZT,2033,NUCLEAR,0,0,0,0,0,0
Adverse,NZT,2033,PV,4168,4168,4168,4168,4168,4168
Adverse,NZT,2033,WIND,1330,1330,1330,1330,1330,1330
Adverse,NZT,2034,BIOENERGY,750,630,750,870,550,950
Adverse,NZT,2034,DIESEL,850,850,850,850,850,850
Adverse,NZT,2034,FUEL OIL,720,720,720,720,720,720
Adverse,NZT,2034,GAS,1095.36,935.36,1175.36,1175.36,775.36,1175.36
Adverse,NZT,2034,GEOTHERMAL,1000,1000,1000,1000,1000,1000
Adverse,NZT,2034,HYDRO,6487,6217,6307,6937,6157,7357
Adverse,NZT,2034,NUCLEAR,0,0,0,0,0,0
Adverse,NZT,2034,PV,4918,4918,4918,4918,4918,4918
Adverse,NZT,2034,WIND,1455,1455,1455,1455,1455,1455
Adverse,NZT,2035,BIOENERGY,750,630,750,870,550,950
Adverse,NZT,2035,DIESEL,550,550,550,550,550,550
Adverse,NZT,2035,FUEL OIL,720,720,720,720,720,720
Adverse,NZT,2035,GAS,1095.36,935.36,1175.36,1175.36,775.36,1175.36
Adverse,NZT,2035,GEOTHERMAL,1000,1000,1000,1000,1000,1000
Adverse,NZT,2035,HYDRO,6487,6217,6307,6937,6157,7357
Adverse,NZT,2035,NUCLEAR,0,0,0,0,0,0
Adverse,NZT,2035,PV,5168,5168,5168,5168,5168,5168
Adverse,NZT,2035,WIND,1455,1455,1455,1455,1455,1455
Adverse,NZT,2036,BIOENERGY,750,630,750,870,550,950
Adverse,NZT,2036,DIESEL,550,550,550,550,550,550
Adverse,NZT,2036,FUEL OIL,720,720,720,720,720,720
Adverse,NZT,2036,GAS,1175.36,1175.36,1175.36,1175.36,1175.36,1175.36
Adverse,NZT,2036,GEOTHERMAL,1000,1000,1000,1000,1000,1000
Adverse,NZT,2036,HYDRO,6607,6217,6607,7057,6157,7357
Adverse,NZT,2036,NUCLEAR,0,0,0,0,0,0
Adverse,NZT,2036,PV,5418,5418,5418,5418,5418,5418
Adverse,NZT,2036,WIND,1580,1580,1580,1580,1580,1580
Adverse,NZT,2037,BIOENERGY,830,630,950,950,550,950
Adverse,NZT,2037,DIESEL,550,550,550,550,550,550
Adverse,NZT,2037,FUEL OIL,720,720,720,720,720,720
Adverse,NZT,2037,GAS,1175.36,1175.36,1175.36,1175.36,1175.36,1175.36
Adverse,NZT,2037,GEOTHERMAL,1000,1000,1000,1000,1000,1000
Adverse,NZT,2037,HYDRO,6877,6607,6907,7177,6607,7357
Adverse,NZT,2037,NUCLEAR,0,0,0,0,0,0
Adverse,NZT,2037,PV,5418,5418,5418,5418,5418,5418
Adverse,NZT,2037,WIND,1580,1580,1580,1580,1580,1580
Adverse,NZT,2038,BIOENERGY,910,830,950,950,750,950
Adverse,NZT,2038,DIESEL,550,550,550,550,550,550
Adverse,NZT,2038,FUEL OIL,720,720,720,720,720,720
Adverse,NZT,2038,GAS,1175.36,1175.36,1175.36,1175.36,1175.36,1175.36
Adverse,NZT,2038,GEOTHERMAL,1000,1000,1000,1000,1000,1000
Adverse,NZT,2038,HYDRO,7237,7027,7207,7477,6907,7657
Adverse,NZT,2038,NUCLEAR,0,0,0,0,0,0
Adverse,NZT,2038,PV,5418,5418,5418,5418,5418,5418
Adverse,NZT,2038,WIND,1580,1580,1580,1580,1580,1580
Adverse,NZT,2039,BIOENERGY,1070,950,1150,1150,950,1150
Adverse,NZT,2039,DIESEL,550,550,550,550,550,550
Adverse,NZT,2039,FUEL OIL,720,720,720,720,720,720
Adverse,NZT,2039,GAS,1175.36,1175.36,1175.36,1175.36,1175.36,1175.36
Adverse,NZT,2039,GEOTHERMAL,1000,1000,1000,1000,1000,1000
Adverse,NZT,2039,HYDRO,7837,7507,7807,8227,7507,8407
Adverse,NZT,2039,NUCLEAR,0,0,0,0,0,0
Adverse,NZT,2039,PV,5418,5418,5418,5418,5418,5418
Adverse,NZT,2039,WIND,1580,1580,1580,1580,1580,1580
Adverse,NZT,2040,BIOENERGY,1110,1030,1150,1150,950,1150
Adverse,NZT,2040,DIESEL,300,300,300,300,300,300
Adverse,NZT,2040,FUEL OIL,720,720,720,720,720,720
Adverse,NZT,2040,GAS,1175.36,1175.36,1175.36,1175.36,1175.36,1175.36
Adverse,NZT,2040,GEOTHERMAL,1000,1000,1000,1000,1000,1000
Adverse,NZT,2040,HYDRO,8257,8107,8107,8497,8107,8557
Adverse,NZT,2040,NUCLEAR,0,0,0,0,0,0
Adverse,NZT,2040,PV,5418,5418,5418,5418,5418,5418
Adverse,NZT,2040,WIND,1580,1580,1580,1580,1580,1580
Adverse,NZT,2041,BIOENERGY,1150,1150,1150,1150,1150,1150
Adverse,NZT,2041,DIESEL,300,300,300,300,300,300
Adverse,NZT,2041,FUEL OIL,720,720,720,720,720,720
Adverse,NZT,2041,GAS,1175.36,1175.36,1175.36,1175.36,1175.36,1175.36
Adverse,NZT,2041,GEOTHERMAL,1000,1000,1000,1000,1000,1000
Adverse,NZT,2041,HYDRO,9035,8825,9002,9247,8707,9307
Adverse,NZT,2041,NUCLEAR,0,0,0,0,0,0
Adverse,NZT,2041,PV,5418,5418,5418,5418,5418,5418
Adverse,NZT,2041,WIND,1580,1580,1580,1580,1580,1580
Adverse,NZT,2042,BIOENERGY,1150,1150,1150,1150,1150,1150
Adverse,NZT,2042,DIESEL,300,300,300,300,300,300
Adverse,NZT,2042,FUEL OIL,720,720,720,720,720,720
Adverse,NZT,2042,GAS,1175.36,1175.36,1175.36,1175.36,1175.36,1175.36
Adverse,NZT,2042,GEOTHERMAL,1000,1000,1000,1000,1000,1000
Adverse,NZT,2042,HYDRO,9484,9302,9602,9607,9302,9607
Adverse,NZT,2042,NUCLEAR,0,0,0,0,0,0
Adverse,NZT,2042,PV,5418,5418,5418,5418,5418,5418
Adverse,NZT,2042,WIND,1580,1580,1580,1580,1580,1580
Adverse,NZT,2043,BIOENERGY,1150,1150,1150,1150,1150,1150
Adverse,NZT,2043,DIESEL,300,300,300,300,300,300
Adverse,NZT,2043,FUEL OIL,720,720,720,720,720,720
Adverse,NZT,2043,GAS,1175.36,1175.36,1175.36,1175.36,1175.36,1175.36
Adverse,NZT,2043,GEOTHERMAL,1000,1000,1000,1000,1000,1000
Adverse,NZT,2043,HYDRO,10083,9662,10202,10384,9302,10502
Adverse,NZT,2043,NUCLEAR,100,0,0,300,0,500
Adverse,NZT,2043,PV,5418,5418,5418,5418,5418,5418
Adverse,NZT,2043,WIND,1580,1580,1580,1580,1580,1580
Adverse,NZT,2044,BIOENERGY,1150,1150,1150,1150,1150,1150
Adverse,NZT,2044,DIESEL,300,300,300,300,300,300
Adverse,NZT,2044,FUEL OIL,720,720,720,720,720,720
Adverse,NZT,2044,GAS,1175.36,1175.36,1175.36,1175.36,1175.36,1175.36
Adverse,NZT,2044,GEOTHERMAL,1000,1000,1000,1000,1000,1000
Adverse,NZT,2044,HYDRO,10802,10322,10802,11282,10202,11402
Adverse,NZT,2044,NUCLEAR,200,0,0,500,0,500
Adverse,NZT,2044,PV,5418,5418,5418,5418,5418,5418
Adverse,NZT,2044,WIND,1580,1580,1580,1580,1580,1580
Adverse,NZT,2045,BIOENERGY,1000,1000,1000,1000,1000,1000
Adverse,NZT,2045,DIESEL,0,0,0,0,0,0
Adverse,NZT,2045,FUEL OIL,0,0,0,0,0,0
Adverse,NZT,2045,GAS,820,700,700,1060,700,1300
Adverse,NZT,2045,GEOTHERMAL,1000,1000,1000,1000,1000,1000
Adverse,NZT,2045,HYDRO,11642,10922,12002,12182,10802,12302
Adverse,NZT,2045,NUCLEAR,300,0,500,500,0,500
Adverse,NZT,2045,PV,5368,5368,5368,5368,5368,5368
Adverse,NZT,2045,WIND,1505,1505,1505,1505,1505,1505
Adverse,NZT,2046,BIOENERGY,1000,1000,1000,1000,1000,1000
Adverse,NZT,2046,DIESEL,0,0,0,0,0,0
Adverse,NZT,2046,FUEL OIL,0,0,0,0,0,0
Adverse,NZT,2046,GAS,820,700,700,1060,700,1300
Adverse,NZT,2046,GEOTHERMAL,1000,1000,1000,1000,1000,1000
Adverse,NZT,2046,HYDRO,12122,12002,12002,12302,12002,12302
Adverse,NZT,2046,NUCLEAR,400,200,500,500,0,500
Adverse,NZT,2046,PV,5368,5368,5368,5368,5368,5368
Adverse,NZT,2046,WIND,1505,1505,1505,1505,1505,1505
Adverse,NZT,2047,BIOENERGY,1000,1000,1000,1000,1000,1000
Adverse,NZT,2047,DIESEL,0,0,0,0,0,0
Adverse,NZT,2047,FUEL OIL,0,0,0,0,0,0
Adverse,NZT,2047,GAS,880,700,700,1240,700,1600
Adverse,NZT,2047,GEOTHERMAL,1000,1000,1000,1000,1000,1000
Adverse,NZT,2047,HYDRO,12242,12122,12302,12302,12002,12302
Adverse,NZT,2047,NUCLEAR,400,200,500,500,0,500
Adverse,NZT,2047,PV,5368,5368,5368,5368,5368,5368
Adverse,NZT,2047,WIND,1505,1505,1505,1505,1505,1505
Adverse,NZT,2048,BIOENERGY,1000,1000,1000,1000,1000,1000
Adverse,NZT,2048,DIESEL,0,0,0,0,0,0
Adverse,NZT,2048,FUEL OIL,0,0,0,0,0,0
Adverse,NZT,2048,GAS,880,700,700,1240,700,1600
Adverse,NZT,2048,GEOTHERMAL,1000,1000,1000,1000,1000,1000
Adverse,NZT,2048,HYDRO,12242,12122,12302,12302,12002,12302
Adverse,NZT,2048,NUCLEAR,400,200,500,500,0,500
Adverse,NZT,2048,PV,5368,5368,5368,5368,5368,5368
Adverse,NZT,2048,WIND,1505,1505,1505,1505,1505,1505
Adverse,NZT,2049,BIOENERGY,1000,1000,1000,1000,1000,1000
Adverse,NZT,2049,DIESEL,0,0,0,0,0,0
Adverse,NZT,2049,FUEL OIL,0,0,0,0,0,0
Adverse,NZT,2049,GAS,1060,820,1000,1360,700,1600
Adverse,NZT,2049,GEOTHERMAL,1000,1000,1000,1000,1000,1000
Adverse,NZT,2049,HYDRO,12242,12122,12302,12302,12002,12302
Adverse,NZT,2049,NUCLEAR,400,200,500,500,0,500
Adverse,NZT,2049,PV,5368,5368,5368,5368,5368,5368
Adverse,NZT,2049,WIND,1505,1505,1505,1505,1505,1505
Adverse,NZT,2050,BIOENERGY,1000,1000,1000,1000,1000,1000
Adverse,NZT,2050,DIESEL,0,0,0,0,0,0
Adverse,NZT,2050,FUEL OIL,0,0,0,0,0,0
Adverse,NZT,2050,GAS,1060,820,1000,1360,700,1600
Adverse,NZT,2050,GEOTHERMAL,1000,1000,1000,1000,1000,1000
Adverse,NZT,2050,HYDRO,12242,12122,12302,12302,12002,12302
Adverse,NZT,2050,NUCLEAR,400,200,500,500,0,500
Adverse,NZT,2050,PV,5368,5368,5368,5368,5368,5368
Adverse,NZT,2050,WIND,1505,1505,1505,1505,1505,1505
Adverse,REF,2025,BIOENERGY,150,150,150,150,150,150
Adverse,REF,2025,DIESEL,850,850,850,850,850,850
Adverse,REF,2025,FUEL OIL,2680,2620,2620,2800,2620,2920
Adverse,REF,2025,GAS,475.36,475.36,475.36,475.36,475.36,475.36
Adverse,REF,2025,GEOTHERMAL,0,0,0,0,0,0
Adverse,REF,2025,HYDRO,5258,5258,5258,5258,5258,5258
Adverse,REF,2025,NUCLEAR,0,0,0,0,0,0
Adverse,REF,2025,PV,50,50,50,50,50,50
Adverse,REF,2025,WIND,259,155,155,423,155,455
Adverse,REF,2026,BIOENERGY,150,150,150,150,150,150
Adverse,REF,2026,DIESEL,850,850,850,850,850,850
Adverse,REF,2026,FUEL OIL,2680,2620,2620,2800,2620,2920
Adverse,REF,2026,GAS,475.36,475.36,475.36,475.36,475.36,475.36
Adverse,REF,2026,GEOTHERMAL,200,200,200,200,200,200
Adverse,REF,2026,HYDRO,5757,5757,5757,5757,5757,5757
Adverse,REF,2026,NUCLEAR,0,0,0,0,0,0
Adverse,REF,2026,PV,50,50,50,50,50,50
Adverse,REF,2026,WIND,259,155,155,423,155,455
Adverse,REF,2027,BIOENERGY,150,150,150,150,150,150
Adverse,REF,2027,DIESEL,850,850,850,850,850,850
Adverse,REF,2027,FUEL OIL,2680,2620,2620,2800,2620,2920
Adverse,REF,2027,GAS,475.36,475.36,475.36,475.36,475.36,475.36
Adverse,REF,2027,GEOTHERMAL,320,200,400,400,200,400
Adverse,REF,2027,HYDRO,6157,6157,6157,6157,6157,6157
Adverse,REF,2027,NUCLEAR,0,0,0,0,0,0
Adverse,REF,2027,PV,50,50,50,50,50,50
Adverse,REF,2027,WIND,259,155,155,423,155,455
Adverse,REF,2028,BIOENERGY,150,150,150,150,150,150
Adverse,REF,2028,DIESEL,850,850,850,850,850,850
Adverse,REF,2028,FUEL OIL,2860,2740,2920,2920,2620,2920
Adverse,REF,2028,GAS,475.36,475.36,475.36,475.36,475.36,475.36
Adverse,REF,2028,GEOTHERMAL,440,200,600,600,200,600
Adverse,REF,2028,HYDRO,6307,6307,6307,6307,6307,6307
Adverse,REF,2028,NUCLEAR,0,0,0,0,0,0
Adverse,REF,2028,PV,50,50,50,50,50,50
Adverse,REF,2028,WIND,259,155,155,423,155,455
Adverse,REF,2029,BIOENERGY,150,150,150,150,150,150
Adverse,REF,2029,DIESEL,850,850,850,850,850,850
Adverse,REF,2029,FUEL OIL,2320,2320,2320,2320,2320,2320
Adverse,REF,2029,GAS,795.36,635.36,875.36,875.36,475.36,875.36
Adverse,REF,2029,GEOTHERMAL,440,200,600,600,200,600
Adverse,REF,2029,HYDRO,6307,6307,6307,6307,6307,6307
Adverse,REF,2029,NUCLEAR,0,0,0,0,0,0
Adverse,REF,2029,PV,50,50,50,50,50,50
Adverse,REF,2029,WIND,259,155,155,423,155,455
Adverse,REF,2030,BIOENERGY,150,150,150,150,150,150
Adverse,REF,2030,DIESEL,850,850,850,850,850,850
Adverse,REF,2030,FUEL OIL,2220,2220,2220,2220,2220,2220
Adverse,REF,2030,GAS,795.36,635.36,875.36,875.36,475.36,875.36
Adverse,REF,2030,GEOTHERMAL,520,400,600,600,400,600
Adverse,REF,2030,HYDRO,8102,8102,8102,8102,8102,8102
Adverse,REF,2030,NUCLEAR,0,0,0,0,0,0
Adverse,REF,2030,PV,50,50,50,50,50,50
Adverse,REF,2030,WIND,334,280,280,423,280,455
Adverse,REF,2031,BIOENERGY,150,150,150,150,150,150
Adverse,REF,2031,DIESEL,850,850,850,850,850,850
Adverse,REF,2031,FUEL OIL,2220,2220,2220,2220,2220,2220
Adverse,REF,2031,GAS,795.36,635.36,875.36,875.36,475.36,875.36
Adverse,REF,2031,GEOTHERMAL,640,480,600,800,400,800
Adverse,REF,2031,HYDRO,8102,8102,8102,8102,8102,8102
Adverse,REF,2031,NUCLEAR,0,0,0,0,0,0
Adverse,REF,2031,PV,50,50,50,50,50,50
Adverse,REF,2031,WIND,484,318,530,635,280,705
Adverse,REF,2032,BIOENERGY,150,150,150,150,150,150
Adverse,REF,2032,DIESEL,850,850,850,850,850,850
Adverse,REF,2032,FUEL OIL,2220,2220,2220,2220,2220,2220
Adverse,REF,2032,GAS,915.36,635.36,875.36,1235.36,475.36,1475.36
Adverse,REF,2032,GEOTHERMAL,640,480,600,800,400,800
Adverse,REF,2032,HYDRO,9362,8942,9602,9602,8702,9602
Adverse,REF,2032,NUCLEAR,0,0,0,0,0,0
Adverse,REF,2032,PV,50,50,50,50,50,50
Adverse,REF,2032,WIND,609,455,625,760,405,830
Adverse,REF,2033,BIOENERGY,150,150,150,150,150,150
Adverse,REF,2033,DIESEL,850,850,850,850,850,850
Adverse,REF,2033,FUEL OIL,2220,2220,2220,2220,2220,2220
Adverse,REF,2033,GAS,1035.36,635.36,875.36,1595.36,475.36,2075.36
Adverse,REF,2033,GEOTHERMAL,640,480,600,800,400,800
Adverse,REF,2033,HYDRO,9722,9242,9902,10082,9002,10202
Adverse,REF,2033,NUCLEAR,0,0,0,0,0,0
Adverse,REF,2033,PV,50,50,50,50,50,50
Adverse,REF,2033,WIND,684,530,655,873,530,955
Adverse,REF,2034,BIOENERGY,150,150,150,150,150,150
Adverse,REF,2034,DIESEL,850,850,850,850,850,850
Adverse,REF,2034,FUEL OIL,2220,2220,2220,2220,2220,2220
Adverse,REF,2034,GAS,1095.36,635.36,875.36,1775.36,475.36,2375.36
Adverse,REF,2034,GEOTHERMAL,680,480,800,800,400,800
Adverse,REF,2034,HYDRO,10142,9662,10202,10562,9302,10802
Adverse,REF,2034,NUCLEAR,0,0,0,0,0,0
Adverse,REF,2034,PV,50,50,50,50,50,50
Adverse,REF,2034,WIND,734,530,780,923,530,955
Adverse,REF,2035,BIOENERGY,150,150,150,150,150,150
Adverse,REF,2035,DIESEL,550,550,550,550,550,550
Adverse,REF,2035,FUEL OIL,2220,2220,2220,2220,2220,2220
Adverse,REF,2035,GAS,1095.36,635.36,875.36,1775.36,475.36,2375.36
Adverse,REF,2035,GEOTHERMAL,680,480,800,800,400,800
Adverse,REF,2035,HYDRO,10382,9842,10202,11042,9602,11402
Adverse,REF,2035,NUCLEAR,0,0,0,0,0,0
Adverse,REF,2035,PV,50,50,50,50,50,50
Adverse,REF,2035,WIND,734,530,780,923,530,955
Adverse,REF,2036,BIOENERGY,150,150,150,150,150,150
Adverse,REF,2036,DIESEL,550,550,550,550,550,550
Adverse,REF,2036,FUEL OIL,2220,2220,2220,2220,2220,2220
Adverse,REF,2036,GAS,1095.36,635.36,875.36,1775.36,475.36,2375.36
Adverse,REF,2036,GEOTHERMAL,720,480,800,920,400,1000
Adverse,REF,2036,HYDRO,10742,10142,10502,11582,9902,12302
Adverse,REF,2036,NUCLEAR,0,0,0,0,0,0
Adverse,REF,2036,PV,50,50,50,50,50,50
Adverse,REF,2036,WIND,1034,705,1155,1298,655,1330
Adverse,REF,2037,BIOENERGY,150,150,150,150,150,150
Adverse,REF,2037,DIESEL,550,550,550,550,550,550
Adverse,REF,2037,FUEL OIL,2220,2220,2220,2220,2220,2220
Adverse,REF,2037,GAS,1155.36,635.36,875.36,1895.36,475.36,2375.36
Adverse,REF,2037,GEOTHERMAL,720,480,800,920,400,1000
Adverse,REF,2037,HYDRO,10982,10142,10802,11942,9902,12302
Adverse,REF,2037,NUCLEAR,0,0,0,0,0,0
Adverse,REF,2037,PV,50,50,50,50,50,50
Adverse,REF,2037,WIND,1084,705,1250,1385,655,1455
Adverse,REF,2038,BIOENERGY,150,150,150,150,150,150
Adverse,REF,2038,DIESEL,550,550,550,550,550,550
Adverse,REF,2038,FUEL OIL,2220,2220,2220,2220,2220,2220
Adverse,REF,2038,GAS,1155.36,635.36,875.36,1895.36,475.36,2375.36
Adverse,REF,2038,GEOTHERMAL,720,480,800,920,400,1000
Adverse,REF,2038,HYDRO,11102,10262,11102,11942,9902,12302
Adverse,REF,2038,NUCLEAR,0,0,0,0,0,0
Adverse,REF,2038,PV,50,50,50,50,50,50
Adverse,REF,2038,WIND,1084,705,1250,1385,655,1455
Adverse,REF,2039,BIOENERGY,150,150,150,150,150,150
Adverse,REF,2039,DIESEL,550,550,550,550,550,550
Adverse,REF,2039,FUEL OIL,2220,2220,2220,2220,2220,2220
Adverse,REF,2039,GAS,1155.36,635.36,875.36,1895.36,475.36,2375.36
Adverse,REF,2039,GEOTHERMAL,720,480,800,920,400,1000
Adverse,REF,2039,HYDRO,11102,10262,11102,11942,9902,12302
Adverse,REF,2039,NUCLEAR,100,0,0,300,0,500
Adverse,REF,2039,PV,100,50,50,200,50,300
Adverse,REF,2039,WIND,1084,705,1250,1385,655,1455
Adverse,REF,2040,BIOENERGY,150,150,150,150,150,150
Adverse,REF,2040,DIESEL,300,300,300,300,300,300
Adverse,REF,2040,FUEL OIL,2220,2220,2220,2220,2220,2220
Adverse,REF,2040,GAS,1215.36,635.36,1175.36,1895.36,475.36,2375.36
Adverse,REF,2040,GEOTHERMAL,720,480,800,920,400,1000
Adverse,REF,2040,HYDRO,11222,10262,11402,12062,9902,12302
Adverse,REF,2040,NUCLEAR,300,0,0,800,0,1000
Adverse,REF,2040,PV,100,50,50,200,50,300
Adverse,REF,2040,WIND,1084,705,1250,1385,655,1455
Adverse,REF,2041,BIOENERGY,150,150,150,150,150,150
Adverse,REF,2041,DIESEL,300,300,300,300,300,300
Adverse,REF,2041,FUEL OIL,2220,2220,2220,2220,2220,2220
Adverse,REF,2041,GAS,1215.36,635.36,1175.36,1895.36,475.36,2375.36
Adverse,REF,2041,GEOTHERMAL,960,880,1000,1000,800,1000
Adverse,REF,2041,HYDRO,11222,10262,11402,12062,9902,12302
Adverse,REF,2041,NUCLEAR,300,0,0,800,0,1000
Adverse,REF,2041,PV,150,50,50,300,50,300
Adverse,REF,2041,WIND,1375,1280,1280,1530,1280,1580
Adverse,REF,2042,BIOENERGY,150,150,150,150,150,150
Adverse,REF,2042,DIESEL,300,300,300,300,300,300
Adverse,REF,2042,FUEL OIL,2220,2220,2220,2220,2220,2220
Adverse,REF,2042,GAS,1215.36,635.36,1175.36,1895.36,475.36,2375.36
Adverse,REF,2042,GEOTHERMAL,960,880,1000,1000,800,1000
Adverse,REF,2042,HYDRO,11222,10262,11402,12062,9902,12302
Adverse,REF,2042,NUCLEAR,300,0,0,800,0,1000
Adverse,REF,2042,PV,150,50,50,300,50,300
Adverse,REF,2042,WIND,1375,1280,1280,1530,1280,1580
Adverse,REF,2043,BIOENERGY,150,150,150,150,150,150
Adverse,REF,2043,DIESEL,300,300,300,300,300,300
Adverse,REF,2043,FUEL OIL,2220,2220,2220,2220,2220,2220
Adverse,REF,2043,GAS,1395.36,635.36,1475.36,2135.36,475.36,2375.36
Adverse,REF,2043,GEOTHERMAL,960,880,1000,1000,800,1000
Adverse,REF,2043,HYDRO,11222,10262,11402,12062,9902,12302
Adverse,REF,2043,NUCLEAR,700,0,1000,1300,0,1500
Adverse,REF,2043,PV,200,50,300,300,50,300
Adverse,REF,2043,WIND,1435,1280,1455,1580,1280,1580
Adverse,REF,2044,BIOENERGY,150,150,150,150,150,150
Adverse,REF,2044,DIESEL,300,300,300,300,300,300
Adverse,REF,2044,FUEL OIL,2220,2220,2220,2220,2220,2220
Adverse,REF,2044,GAS,1515.36,955.36,1475.36,2135.36,875.36,2375.36
Adverse,REF,2044,GEOTHERMAL,960,880,1000,1000,800,1000
Adverse,REF,2044,HYDRO,11222,10262,11402,12062,9902,12302
Adverse,REF,2044,NUCLEAR,700,0,1000,1300,0,1500
Adverse,REF,2044,PV,250,50,300,450,50,550
Adverse,REF,2044,WIND,1460,1280,1580,1580,1280,1580
Adverse,REF,2045,BIOENERGY,40,0,0,120,0,200
Adverse,REF,2045,DIESEL,0,0,0,0,0,0
Adverse,REF,2045,FUEL OIL,1500,1500,1500,1500,1500,1500
Adverse,REF,2045,GAS,1840,1720,1900,1900,1600,1900
Adverse,REF,2045,GEOTHERMAL,1000,1000,1000,1000,1000,1000
Adverse,REF,2045,HYDRO,11402,10742,11402,12062,10502,12302
Adverse,REF,2045,NUCLEAR,800,200,1000,1300,0,1500
Adverse,REF,2045,PV,350,100,500,500,0,500
Adverse,REF,2045,WIND,1385,1205,1505,1505,1205,1505
Adverse,REF,2046,BIOENERGY,40,0,0,120,0,200
Adverse,REF,2046,DIESEL,0,0,0,0,0,0
Adverse,REF,2046,FUEL OIL,1500,1500,1500,1500,1500,1500
Adverse,REF,2046,GAS,1840,1720,1900,1900,1600,1900
Adverse,REF,2046,GEOTHERMAL,1000,1000,1000,1000,1000,1000
Adverse,REF,2046,HYDRO,11402,10742,11402,12062,10502,12302
Adverse,REF,2046,NUCLEAR,800,200,1000,1300,0,1500
Adverse,REF,2046,PV,350,100,500,500,0,500
Adverse,REF,2046,WIND,1385,1205,1505,1505,1205,1505
Adverse,REF,2047,BIOENERGY,40,0,0,120,0,200
Adverse,REF,2047,DIESEL,0,0,0,0,0,0
Adverse,REF,2047,FUEL OIL,1500,1500,1500,1500,1500,1500
Adverse,REF,2047,GAS,1900,1900,1900,1900,1900,1900
Adverse,REF,2047,GEOTHERMAL,1000,1000,1000,1000,1000,1000
Adverse,REF,2047,HYDRO,11402,10742,11402,12062,10502,12302
Adverse,REF,2047,NUCLEAR,800,200,1000,1300,0,1500
Adverse,REF,2047,PV,350,100,500,500,0,500
Adverse,REF,2047,WIND,1385,1205,1505,1505,1205,1505
Adverse,REF,2048,BIOENERGY,40,0,0,120,0,200
Adverse,REF,2048,DIESEL,0,0,0,0,0,0
Adverse,REF,2048,FUEL OIL,1500,1500,1500,1500,1500,1500
Adverse,REF,2048,GAS,1900,1900,1900,1900,1900,1900
Adverse,REF,2048,GEOTHERMAL,1000,1000,1000,1000,1000,1000
Adverse,REF,2048,HYDRO,11402,10742,11402,12062,10502,12302
Adverse,REF,2048,NUCLEAR,800,200,1000,1300,0,1500
Adverse,REF,2048,PV,350,100,500,500,0,500
Adverse,REF,2048,WIND,1385,1205,1505,1505,1205,1505
Adverse,REF,2049,BIOENERGY,40,0,0,120,0,200
Adverse,REF,2049,DIESEL,0,0,0,0,0,0
Adverse,REF,2049,FUEL OIL,1500,1500,1500,1500,1500,1500
Adverse,REF,2049,GAS,1900,1900,1900,1900,1900,1900
Adverse,REF,2049,GEOTHERMAL,1000,1000,1000,1000,1000,1000
Adverse,REF,2049,HYDRO,11402,10742,11402,12062,10502,12302
Adverse,REF,2049,NUCLEAR,800,200,1000,1300,0,1500
Adverse,REF,2049,PV,350,100,500,500,0,500
Adverse,REF,2049,WIND,1385,1205,1505,1505,1205,1505
Adverse,REF,2050,BIOENERGY,40,0,0,120,0,200
Adverse,REF,2050,DIESEL,0,0,0,0,0,0
Adverse,REF,2050,FUEL OIL,1500,1500,1500,1500,1500,1500
Adverse,REF,2050,GAS,1900,1900,1900,1900,1900,1900
Adverse,REF,2050,GEOTHERMAL,1000,1000,1000,1000,1000,1000
Adverse,REF,2050,HYDRO,11462,10742,11402,12182,10502,12302
Adverse,REF,2050,NUCLEAR,800,200,1000,1300,0,1500
Adverse,REF,2050,PV,350,100,500,500,0,500
Adverse,REF,2050,WIND,1385,1205,1505,1505,1205,1505
