Hydrology,Scenario,Year,Tech,mean_MW,p10_MW,p50_MW,p90_MW,min_MW,max_MW,add_mean_MW,add_p10_MW,add_p50_MW,add_p90_MW
Baseline,BRIDGE,2025,BIOENERGY,150,150,150,150,150,150,0,0,0,0
Baseline,BRIDGE,2026,BIOENERGY,150,150,150,150,150,150,0,0,0,0
Baseline,BRIDGE,2027,BIOENERGY,150,150,150,150,150,150,0,0,0,0
Baseline,BRIDGE,2028,BIOENERGY,150,150,150,150,150,150,0,0,0,0
Baseline,BRIDGE,2029,BIOENERGY,150,150,150,150,150,150,0,0,0,0
Baseline,BRIDGE,2030,BIOENERGY,150,150,150,150,150,150,0,0,0,0
Baseline,BRIDGE,2031,BIOENERGY,150,150,150,150,150,150,0,0,0,0
Baseline,BRIDGE,2032,BIOENERGY,150,150,150,150,150,150,0,0,0,0
Baseline,BRIDGE,2033,BIOENERGY,150,150,150,150,150,150,0,0,0,0
Baseline,BRIDGE,2034,BIOENERGY,150,150,150,150,150,150,0,0,0,0
Baseline,BRIDGE,2035,BIOENERGY,150,150,150,150,150,150,0,0,0,0
Baseline,BRIDGE,2036,BIOENERGY,150,150,150,150,150,150,0,0,0,0
Baseline,BRIDGE,2037,BIOENERGY,150,150,150,150,150,150,0,0,0,0
Baseline,BRIDGE,2038,BIOENERGY,150,150,150,150,150,150,0,0,0,0
Baseline,BRIDGE,2039,BIOENERGY,150,150,150,150,150,150,0,0,0,0
Baseline,BRIDGE,2040,BIOENERGY,150,150,150,150,150,150,0,0,0,0
Baseline,BRIDGE,2041,BIOENERGY,150,150,150,150,150,150,0,0,0,0
Baseline,BRIDGE,2042,BIOENERGY,150,150,150,150,150,150,0,0,0,0
Baseline,BRIDGE,2043,BIOENERGY,150,150,150,150,150,150,0,0,0,0
Baseline,BRIDGE,2044,BIOENERGY,150,150,150,150,150,150,0,0,0,0
Baseline,BRIDGE,2045,BIOENERGY,0,0,0,0,0,0,0,0,0,0
Baseline,BRIDGE,2046,BIOENERGY,0,0,0,0,0,0,0,0,0,0
Baseline,BRIDGE,2047,BIOENERGY,0,0,0,0,0,0,0,0,0,0
Baseline,BRIDGE,2048,BIOENERGY,0,0,0,0,0,0,0,0,0,0
Baseline,BRIDGE,2049,BIOENERGY,0,0,0,0,0,0,0,0,0,0
Baseline,BRIDGE,2050,BIOENERGY,0,0,0,0,0,0,0,0,0,0
Baseline,BRIDGE,2025,DIESEL,850,850,850,850,850,850,0,0,0,0
Baseline,BRIDGE,2026,DIESEL,850,850,850,850,850,850,0,0,0,0
Baseline,BRIDGE,2027,DIESEL,850,850,850,850,850,850,0,0,0,0
Baseline,BRIDGE,2028,DIESEL,850,850,850,850,850,850,0,0,0,0
Baseline,BRIDGE,2029,DIESEL,850,850,850,850,850,850,0,0,0,0
Baseline,BRIDGE,2030,DIESEL,850,850,850,850,850,850,0,0,0,0
Baseline,BRIDGE,2031,DIESEL,850,850,850,850,850,850,0,0,0,0
Baseline,BRIDGE,2032,DIESEL,850,850,850,850,850,850,0,0,0,0
Baseline,BRIDGE,2033,DIESEL,850,850,850,850,850,850,0,0,0,0
Baseline,BRIDGE,2034,DIESEL,850,850,850,850,850,850,0,0,0,0
Baseline,BRIDGE,2035,DIESEL,550,550,550,550,550,550,0,0,0,0
Baseline,BRIDGE,2036,DIESEL,550,550,550,550,550,550,0,0,0,0
Baseline,BRIDGE,2037,DIESEL,550,550,550,550,550,550,0,0,0,0
Baseline,BRIDGE,2038,DIESEL,550,550,550,550,550,550,0,0,0,0
Baseline,BRIDGE,2039,DIESEL,550,550,550,550,550,550,0,0,0,0
Baseline,BRIDGE,2040,DIESEL,300,300,300,300,300,300,0,0,0,0
Baseline,BRIDGE,2041,DIESEL,300,300,300,300,300,300,0,0,0,0
Baseline,BRIDGE,2042,DIESEL,300,300,300,300,300,300,0,0,0,0
Baseline,BRIDGE,2043,DIESEL,300,300,300,300,300,300,0,0,0,0
Baseline,BRIDGE,2044,DIESEL,300,300,300,300,300,300,0,0,0,0
Baseline,BRIDGE,2045,DIESEL,0,0,0,0,0,0,0,0,0,0
Baseline,BRIDGE,2046,DIESEL,0,0,0,0,0,0,0,0,0,0
Baseline,BRIDGE,2047,DIESEL,0,0,0,0,0,0,0,0,0,0
Baseline,BRIDGE,2048,DIESEL,0,0,0,0,0,0,0,0,0,0
Baseline,BRIDGE,2049,DIESEL,0,0,0,0,0,0,0,0,0,0
Baseline,BRIDGE,2050,DIESEL,0,0,0,0,0,0,0,0,0,0
Baseline,BRIDGE,2025,FUEL OIL,1420,1420,1420,1420,1420,1420,0,0,0,0
Baseline,BRIDGE,2026,FUEL OIL,1420,1420,1420,1420,1420,1420,0,0,0,0
Baseline,BRIDGE,2027,FUEL OIL,1420,1420,1420,1420,1420,1420,0,0,0,0
Baseline,BRIDGE,2028,FUEL OIL,1420,1420,1420,1420,1420,1420,0,0,0,0
Baseline,BRIDGE,2029,FUEL OIL,820,820,820,820,820,820,0,0,0,0
Baseline,BRIDGE,2030,FUEL OIL,720,720,720,720,720,720,0,0,0,0
Baseline,BRIDGE,2031,FUEL OIL,720,720,720,720,720,720,0,0,0,0
Baseline,BRIDGE,2032,FUEL OIL,720,720,720,720,720,720,0,0,0,0
Baseline,BRIDGE,2033,FUEL OIL,720,720,720,720,720,720,0,0,0,0
Baseline,BRIDGE,2034,FUEL OIL,720,720,720,720,720,720,0,0,0,0
Baseline,BRIDGE,2035,FUEL OIL,720,720,720,720,720,720,0,0,0,0
Baseline,BRIDGE,2036,FUEL OIL,720,720,720,720,720,720,0,0,0,0
Baseline,BRIDGE,2037,FUEL OIL,720,720,720,720,720,720,0,0,0,0
Baseline,BRIDGE,2038,FUEL OIL,720,720,720,720,720,720,0,0,0,0
Baseline,BRIDGE,2039,FUEL OIL,720,720,720,720,720,720,0,0,0,0
Baseline,BRIDGE,2040,FUEL OIL,720,720,720,720,720,720,0,0,0,0
Baseline,BRIDGE,2041,FUEL OIL,720,720,720,720,720,720,0,0,0,0
Baseline,BRIDGE,2042,FUEL OIL,720,720,720,720,720,720,0,0,0,0
Baseline,BRIDGE,2043,FUEL OIL,720,720,720,720,720,720,0,0,0,0
Baseline,BRIDGE,2044,FUEL OIL,720,720,720,720,720,720,0,0,0,0
Baseline,BRIDGE,2045,FUEL OIL,0,0,0,0,0,0,0,0,0,0
Baseline,BRIDGE,2046,FUEL OIL,0,0,0,0,0,0,0,0,0,0
Baseline,BRIDGE,2047,FUEL OIL,0,0,0,0,0,0,0,0,0,0
Baseline,BRIDGE,2048,FUEL OIL,0,0,0,0,0,0,0,0,0,0
Baseline,BRIDGE,2049,FUEL OIL,0,0,0,0,0,0,0,0,0,0
Baseline,BRIDGE,2050,FUEL OIL,0,0,0,0,0,0,0,0,0,0
Baseline,BRIDGE,2025,GAS,475.36,475.36,475.36,475.36,475.36,475.36,0,0,0,0
Baseline,BRIDGE,2026,GAS,475.36,475.36,475.36,475.36,475.36,475.36,0,0,0,0
Baseline,BRIDGE,2027,GAS,475.36,475.36,475.36,475.36,475.36,475.36,0,0,0,0
Baseline,BRIDGE,2028,GAS,475.36,475.36,475.36,475.36,475.36,475.36,0,0,0,0
Baseline,BRIDGE,2029,GAS,475.36,475.36,475.36,475.36,475.36,475.36,0,0,0,0
Baseline,BRIDGE,2030,GAS,475.36,475.36,475.36,475.36,475.36,475.36,0,0,0,0
Baseline,BRIDGE,2031,GAS,475.36,475.36,475.36,475.36,475.36,475.36,0,0,0,0
Baseline,BRIDGE,2032,GAS,475.36,475.36,475.36,475.36,475.36,475.36,0,0,0,0
Baseline,BRIDGE,2033,GAS,475.36,475.36,475.36,475.36,475.36,475.36,0,0,0,0
Baseline,BRIDGE,2034,GAS,478.36,475.36,475.36,475.36,475.36,775.36,3,0,0,0
Baseline,BRIDGE,2035,GAS,514.36,475.36,475.36,775.36,475.36,1075.36,36,0,0,300
Baseline,BRIDGE,2036,GAS,514.36,475.36,475.36,775.36,475.36,1075.36,0,0,0,0
Baseline,BRIDGE,2037,GAS,517.36,475.36,475.36,775.36,475.36,1075.36,3,0,0,0
Baseline,BRIDGE,2038,GAS,517.36,475.36,475.36,775.36,475.36,1075.36,0,0,0,0
Baseline,BRIDGE,2039,GAS,517.36,475.36,475.36,775.36,475.36,1075.36,0,0,0,0
Baseline,BRIDGE,2040,GAS,520.36,475.36,475.36,775.36,475.36,1075.36,3,0,0,0
Baseline,BRIDGE,2041,GAS,520.36,475.36,475.36,775.36,475.36,1075.36,0,0,0,0
Baseline,BRIDGE,2042,GAS,520.36,475.36,475.36,775.36,475.36,1075.36,0,0,0,0
Baseline,BRIDGE,2043,GAS,520.36,475.36,475.36,775.36,475.36,1075.36,0,0,0,0
Baseline,BRIDGE,2044,GAS,520.36,475.36,475.36,775.36,475.36,1075.36,0,0,0,0
Baseline,BRIDGE,2045,GAS,1631,1300,1600,1900,900,1900,1110.64,824.64,1124.64,1124.64
Baseline,BRIDGE,2046,GAS,1807,1500,1900,1900,1200,1900,176,200,300,0
Baseline,BRIDGE,2047,GAS,1886,1900,1900,1900,1500,1900,79,400,0,0
Baseline,BRIDGE,2048,GAS,1900,1900,1900,1900,1900,1900,14,0,0,0
Baseline,BRIDGE,2049,GAS,1900,1900,1900,1900,1900,1900,0,0,0,0
Baseline,BRIDGE,2050,GAS,1900,1900,1900,1900,1900,1900,0,0,0,0
Baseline,BRIDGE,2025,GEOTHERMAL,0,0,0,0,0,0,0,0,0,0
Baseline,BRIDGE,2026,GEOTHERMAL,0,0,0,0,0,0,0,0,0,0
Baseline,BRIDGE,2027,GEOTHERMAL,0,0,0,0,0,0,0,0,0,0
Baseline,BRIDGE,2028,GEOTHERMAL,0,0,0,0,0,0,0,0,0,0
Baseline,BRIDGE,2029,GEOTHERMAL,0,0,0,0,0,0,0,0,0,0
Baseline,BRIDGE,2030,GEOTHERMAL,0,0,0,0,0,0,0,0,0,0
Baseline,BRIDGE,2031,GEOTHERMAL,0,0,0,0,0,0,0,0,0,0
Baseline,BRIDGE,2032,GEOTHERMAL,0,0,0,0,0,0,0,0,0,0
Baseline,BRIDGE,2033,GEOTHERMAL,0,0,0,0,0,0,0,0,0,0
Baseline,BRIDGE,2034,GEOTHERMAL,0,0,0,0,0,0,0,0,0,0
Baseline,BRIDGE,2035,GEOTHERMAL,0,0,0,0,0,0,0,0,0,0
Baseline,BRIDGE,2036,GEOTHERMAL,0,0,0,0,0,0,0,0,0,0
Baseline,BRIDGE,2037,GEOTHERMAL,0,0,0,0,0,0,0,0,0,0
Baseline,BRIDGE,2038,GEOTHERMAL,0,0,0,0,0,0,0,0,0,0
Baseline,BRIDGE,2039,GEOTHERMAL,0,0,0,0,0,0,0,0,0,0
Baseline,BRIDGE,2040,GEOTHERMAL,8,0,0,0,0,200,8,0,0,0
Baseline,BRIDGE,2041,GEOTHERMAL,256,0,200,400,0,600,248,0,200,400
Baseline,BRIDGE,2042,GEOTHERMAL,436,200,400,600,0,800,180,200,200,200
Baseline,BRIDGE,2043,GEOTHERMAL,496,400,400,600,200,800,60,200,0,0
Baseline,BRIDGE,2044,GEOTHERMAL,502,400,400,600,200,800,6,0,0,0
Baseline,BRIDGE,2045,GEOTHERMAL,502,400,400,600,200,800,0,0,0,0
Baseline,BRIDGE,2046,GEOTHERMAL,502,400,400,600,200,800,0,0,0,0
Baseline,BRIDGE,2047,GEOTHERMAL,502,400,400,600,200,800,0,0,0,0
Baseline,BRIDGE,2048,GEOTHERMAL,502,400,400,600,200,800,0,0,0,0
Baseline,BRIDGE,2049,GEOTHERMAL,502,400,400,600,200,800,0,0,0,0
Baseline,BRIDGE,2050,GEOTHERMAL,508,400,600,600,200,800,6,0,200,0
Baseline,BRIDGE,2025,HYDRO,5258,5258,5258,5258,5258,5258,0,0,0,0
Baseline,BRIDGE,2026,HYDRO,5757,5757,5757,5757,5757,5757,499,499,499,499
Baseline,BRIDGE,2027,HYDRO,6157,6157,6157,6157,6157,6157,400,400,400,400
Baseline,BRIDGE,2028,HYDRO,6307,6307,6307,6307,6307,6307,150,150,150,150
Baseline,BRIDGE,2029,HYDRO,6307,6307,6307,6307,6307,6307,0,0,0,0
Baseline,BRIDGE,2030,HYDRO,8102,8102,8102,8102,8102,8102,1795,1795,1795,1795
Baseline,BRIDGE,2031,HYDRO,8102,8102,8102,8102,8102,8102,0,0,0,0
Baseline,BRIDGE,2032,HYDRO,8495,8102,8402,8702,8102,9902,393,0,300,600
Baseline,BRIDGE,2033,HYDRO,8561,8102,8402,8732,8102,9902,66,0,0,30
Baseline,BRIDGE,2034,HYDRO,8669,8402,8702,9002,8102,10202,108,300,300,270
Baseline,BRIDGE,2035,HYDRO,8744,8402,8702,9302,8102,10202,75,0,0,300
Baseline,BRIDGE,2036,HYDRO,8744,8402,8702,9302,8102,10202,0,0,0,0
Baseline,BRIDGE,2037,HYDRO,8744,8402,8702,9302,8102,10202,0,0,0,0
Baseline,BRIDGE,2038,HYDRO,8753,8402,8702,9302,8102,10202,9,0,0,0
Baseline,BRIDGE,2039,HYDRO,8885,8402,9002,9302,8102,10502,132,0,300,0
Baseline,BRIDGE,2040,HYDRO,9029,8702,9002,9602,8402,10802,144,300,0,300
Baseline,BRIDGE,2041,HYDRO,9029,8702,9002,9602,8402,10802,0,0,0,0
Baseline,BRIDGE,2042,HYDRO,9029,8702,9002,9602,8402,10802,0,0,0,0
Baseline,BRIDGE,2043,HYDRO,9029,8702,9002,9602,8402,10802,0,0,0,0
Baseline,BRIDGE,2044,HYDRO,9029,8702,9002,9602,8402,10802,0,0,0,0
Baseline,BRIDGE,2045,HYDRO,9029,8702,9002,9602,8402,10802,0,0,0,0
Baseline,BRIDGE,2046,HYDRO,9029,8702,9002,9602,8402,10802,0,0,0,0
Baseline,BRIDGE,2047,HYDRO,9029,8702,9002,9602,8402,10802,0,0,0,0
Baseline,BRIDGE,2048,HYDRO,9029,8702,9002,9602,8402,10802,0,0,0,0
Baseline,BRIDGE,2049,HYDRO,9029,8702,9002,9602,8402,10802,0,0,0,0
Baseline,BRIDGE,2050,HYDRO,9047,8702,9002,9602,8402,10802,18,0,0,0
Baseline,BRIDGE,2025,NUCLEAR,0,0,0,0,0,0,0,0,0,0
Baseline,BRIDGE,2026,NUCLEAR,0,0,0,0,0,0,0,0,0,0
Baseline,BRIDGE,2027,NUCLEAR,0,0,0,0,0,0,0,0,0,0
Baseline,BRIDGE,2028,NUCLEAR,0,0,0,0,0,0,0,0,0,0
Baseline,BRIDGE,2029,NUCLEAR,0,0,0,0,0,0,0,0,0,0
Baseline,BRIDGE,2030,NUCLEAR,0,0,0,0,0,0,0,0,0,0
Baseline,BRIDGE,2031,NUCLEAR,0,0,0,0,0,0,0,0,0,0
Baseline,BRIDGE,2032,NUCLEAR,0,0,0,0,0,0,0,0,0,0
Baseline,BRIDGE,2033,NUCLEAR,0,0,0,0,0,0,0,0,0,0
Baseline,BRIDGE,2034,NUCLEAR,0,0,0,0,0,0,0,0,0,0
Baseline,BRIDGE,2035,NUCLEAR,0,0,0,0,0,0,0,0,0,0
Baseline,BRIDGE,2036,NUCLEAR,0,0,0,0,0,0,0,0,0,0
Baseline,BRIDGE,2037,NUCLEAR,0,0,0,0,0,0,0,0,0,0
Baseline,BRIDGE,2038,NUCLEAR,0,0,0,0,0,0,0,0,0,0
Baseline,BRIDGE,2039,NUCLEAR,0,0,0,0,0,0,0,0,0,0
Baseline,BRIDGE,2040,NUCLEAR,0,0,0,0,0,0,0,0,0,0
Baseline,BRIDGE,2041,NUCLEAR,0,0,0,0,0,0,0,0,0,0
Baseline,BRIDGE,2042,NUCLEAR,0,0,0,0,0,0,0,0,0,0
Baseline,BRIDGE,2043,NUCLEAR,0,0,0,0,0,0,0,0,0,0
Baseline,BRIDGE,2044,NUCLEAR,0,0,0,0,0,0,0,0,0,0
Baseline,BRIDGE,2045,NUCLEAR,0,0,0,0,0,0,0,0,0,0
Baseline,BRIDGE,2046,NUCLEAR,0,0,0,0,0,0,0,0,0,0
Baseline,BRIDGE,2047,NUCLEAR,0,0,0,0,0,0,0,0,0,0
Baseline,BRIDGE,2048,NUCLEAR,0,0,0,0,0,0,0,0,0,0
Baseline,BRIDGE,2049,NUCLEAR,0,0,0,0,0,0,0,0,0,0
Baseline,BRIDGE,2050,NUCLEAR,0,0,0,0,0,0,0,0,0,0
Baseline,BRIDGE,2025,PV,978.5,780,950,1150,750,1350,0,0,0,0
Baseline,BRIDGE,2026,PV,978.5,780,950,1150,750,1350,0,0,0,0
Baseline,BRIDGE,2027,PV,1221,1030,1200,1400,950,1600,242.5,250,250,250
Baseline,BRIDGE,2028,PV,1403.5,1250,1400,1650,1200,1650,182.5,220,200,250
Baseline,BRIDGE,2029,PV,1403.5,1250,1400,1650,1200,1650,0,0,0,0
Baseline,BRIDGE,2030,PV,1646,1498,1650,1900,1400,1900,242.5,248,250,250
Baseline,BRIDGE,2031,PV,1740.2,1530,1730,1900,1500,2100,94.2,32,80,0
Baseline,BRIDGE,2032,PV,2490.2,2280,2480,2650,2250,2850,750,750,750,750
Baseline,BRIDGE,2033,PV,3145.2,2950,3150,3400,2750,3600,655,670,670,750
Baseline,BRIDGE,2034,PV,3147.7,2950,3150,3400,2750,3600,2.5,0,0,0
Baseline,BRIDGE,2035,PV,3150.2,2950,3150,3400,2750,3600,2.5,0,0,0
Baseline,BRIDGE,2036,PV,4748,4530,4730,4900,4450,5100,1597.8,1580,1580,1500
Baseline,BRIDGE,2037,PV,4917.52,4700,4900,5218,4530,5418,169.52,170,170,318
Baseline,BRIDGE,2038,PV,5275.22,5006.2,5418,5418,4900,5418,357.7,306.2,518,200
Baseline,BRIDGE,2039,PV,5361.06,5218,5418,5418,4900,5418,85.84,211.8,0,0
Baseline,BRIDGE,2040,PV,5369.94,5218,5418,5418,5018,5418,8.88,0,0,0
Baseline,BRIDGE,2041,PV,5404,5418,5418,5418,5018,5418,34.06,200,0,0
Baseline,BRIDGE,2042,PV,5404,5418,5418,5418,5018,5418,0,0,0,0
Baseline,BRIDGE,2043,PV,5404,5418,5418,5418,5018,5418,0,0,0,0
Baseline,BRIDGE,2044,PV,5404,5418,5418,5418,5018,5418,0,0,0,0
Baseline,BRIDGE,2045,PV,5354,5368,5368,5368,4968,5368,0,0,0,0
Baseline,BRIDGE,2046,PV,5354,5368,5368,5368,4968,5368,0,0,0,0
Baseline,BRIDGE,2047,PV,5354,5368,5368,5368,4968,5368,0,0,0,0
Baseline,BRIDGE,2048,PV,5354,5368,5368,5368,4968,5368,0,0,0,0
Baseline,BRIDGE,2049,PV,5354,5368,5368,5368,4968,5368,0,0,0,0
Baseline,BRIDGE,2050,PV,5354,5368,5368,5368,4968,5368,0,0,0,0
Baseline,BRIDGE,2025,WIND,437.4,375,455,455,375,455,0,0,0,0
Baseline,BRIDGE,2026,WIND,437.4,375,455,455,375,455,0,0,0,0
Baseline,BRIDGE,2027,WIND,539.9,375,580,580,375,580,102.5,0,125,125
Baseline,BRIDGE,2028,WIND,624.9,447,705,705,375,705,85,72,125,125
Baseline,BRIDGE,2029,WIND,651.15,447,705,830,375,830,26.25,0,0,125
Baseline,BRIDGE,2030,WIND,837.55,625,830,955,580,955,186.4,178,125,125
Baseline,BRIDGE,2031,WIND,1075.45,1080,1080,1080,830,1080,237.9,455,250,125
Baseline,BRIDGE,2032,WIND,1197.95,1205,1205,1205,955,1205,122.5,125,125,125
Baseline,BRIDGE,2033,WIND,1311.7,1205,1330,1330,1080,1330,113.75,0,125,125
Baseline,BRIDGE,2034,WIND,1399.2,1330,1455,1455,1125,1455,87.5,125,125,125
Baseline,BRIDGE,2035,WIND,1401.7,1330,1455,1455,1125,1455,2.5,0,0,0
Baseline,BRIDGE,2036,WIND,1580,1580,1580,1580,1580,1580,178.3,250,125,125
Baseline,BRIDGE,2037,WIND,1580,1580,1580,1580,1580,1580,0,0,0,0
Baseline,BRIDGE,2038,WIND,1580,1580,1580,1580,1580,1580,0,0,0,0
Baseline,BRIDGE,2039,WIND,1580,1580,1580,1580,1580,1580,0,0,0,0
Baseline,BRIDGE,2040,WIND,1580,1580,1580,1580,1580,1580,0,0,0,0
Baseline,BRIDGE,2041,WIND,1580,1580,1580,1580,1580,1580,0,0,0,0
Baseline,BRIDGE,2042,WIND,1580,1580,1580,1580,1580,1580,0,0,0,0
Baseline,BRIDGE,2043,WIND,1580,1580,1580,1580,1580,1580,0,0,0,0
Baseline,BRIDGE,2044,WIND,1580,1580,1580,1580,1580,1580,0,0,0,0
Baseline,BRIDGE,2045,WIND,1505,1505,1505,1505,1505,1505,0,0,0,0
Baseline,BRIDGE,2046,WIND,1505,1505,1505,1505,1505,1505,0,0,0,0
Baseline,BRIDGE,2047,WIND,1505,1505,1505,1505,1505,1505,0,0,0,0
Baseline,BRIDGE,2048,WIND,1505,1505,1505,1505,1505,1505,0,0,0,0
Baseline,BRIDGE,2049,WIND,1505,1505,1505,1505,1505,1505,0,0,0,0
Baseline,BRIDGE,2050,WIND,1505,1505,1505,1505,1505,1505,0,0,0,0
Baseline,NZT,2025,BIOENERGY,150,150,150,150,150,150,0,0,0,0
Baseline,NZT,2026,BIOENERGY,150,150,150,150,150,150,0,0,0,0
Baseline,NZT,2027,BIOENERGY,150,150,150,150,150,150,0,0,0,0
Baseline,NZT,2028,BIOENERGY,150,150,150,150,150,150,0,0,0,0
Baseline,NZT,2029,BIOENERGY,150,150,150,150,150,150,0,0,0,0
Baseline,NZT,2030,BIOENERGY,150,150,150,150,150,150,0,0,0,0
Baseline,NZT,2031,BIOENERGY,150,150,150,150,150,150,0,0,0,0
Baseline,NZT,2032,BIOENERGY,150,150,150,150,150,150,0,0,0,0
Baseline,NZT,2033,BIOENERGY,150,150,150,150,150,150,0,0,0,0
Baseline,NZT,2034,BIOENERGY,150,150,150,150,150,150,0,0,0,0
Baseline,NZT,2035,BIOENERGY,150,150,150,150,150,150,0,0,0,0
Baseline,NZT,2036,BIOENERGY,150,150,150,150,150,150,0,0,0,0
Baseline,NZT,2037,BIOENERGY,150,150,150,150,150,150,0,0,0,0
Baseline,NZT,2038,BIOENERGY,150,150,150,150,150,150,0,0,0,0
Baseline,NZT,2039,BIOENERGY,150,150,150,150,150,150,0,0,0,0
Baseline,NZT,2040,BIOENERGY,150,150,150,150,150,150,0,0,0,0
Baseline,NZT,2041,BIOENERGY,150,150,150,150,150,150,0,0,0,0
Baseline,NZT,2042,BIOENERGY,150,150,150,150,150,150,0,0,0,0
Baseline,NZT,2043,BIOENERGY,150,150,150,150,150,150,0,0,0,0
Baseline,NZT,2044,BIOENERGY,150,150,150,150,150,150,0,0,0,0
Baseline,NZT,2045,BIOENERGY,0,0,0,0,0,0,0,0,0,0
Baseline,NZT,2046,BIOENERGY,0,0,0,0,0,0,0,0,0,0
Baseline,NZT,2047,BIOENERGY,0,0,0,0,0,0,0,0,0,0
Baseline,NZT,2048,BIOENERGY,0,0,0,0,0,0,0,0,0,0
Baseline,NZT,2049,BIOENERGY,0,0,0,0,0,0,0,0,0,0
Baseline,NZT,2050,BIOENERGY,0,0,0,0,0,0,0,0,0,0
Baseline,NZT,2025,DIESEL,850,850,850,850,850,850,0,0,0,0
Baseline,NZT,2026,DIESEL,850,850,850,850,850,850,0,0,0,0
Baseline,NZT,2027,DIESEL,850,850,850,850,850,850,0,0,0,0
Baseline,NZT,2028,DIESEL,850,850,850,850,850,850,0,0,0,0
Baseline,NZT,2029,DIESEL,850,850,850,850,850,850,0,0,0,0
Baseline,NZT,2030,DIESEL,850,850,850,850,850,850,0,0,0,0
Baseline,NZT,2031,DIESEL,850,850,850,850,850,850,0,0,0,0
Baseline,NZT,2032,DIESEL,850,850,850,850,850,850,0,0,0,0
Baseline,NZT,2033,DIESEL,850,850,850,850,850,850,0,0,0,0
Baseline,NZT,2034,DIESEL,850,850,850,850,850,850,0,0,0,0
Baseline,NZT,2035,DIESEL,550,550,550,550,550,550,0,0,0,0
Baseline,NZT,2036,DIESEL,550,550,550,550,550,550,0,0,0,0
Baseline,NZT,2037,DIESEL,550,550,550,550,550,550,0,0,0,0
Baseline,NZT,2038,DIESEL,550,550,550,550,550,550,0,0,0,0
Baseline,NZT,2039,DIESEL,550,550,550,550,550,550,0,0,0,0
Baseline,NZT,2040,DIESEL,300,300,300,300,300,300,0,0,0,0
Baseline,NZT,2041,DIESEL,300,300,300,300,300,300,0,0,0,0
Baseline,NZT,2042,DIESEL,300,300,300,300,300,300,0,0,0,0
Baseline,NZT,2043,DIESEL,300,300,300,300,300,300,0,0,0,0
Baseline,NZT,2044,DIESEL,300,300,300,300,300,300,0,0,0,0
Baseline,NZT,2045,DIESEL,0,0,0,0,0,0,0,0,0,0
Baseline,NZT,2046,DIESEL,0,0,0,0,0,0,0,0,0,0
Baseline,NZT,2047,DIESEL,0,0,0,0,0,0,0,0,0,0
Baseline,NZT,2048,DIESEL,0,0,0,0,0,0,0,0,0,0
Baseline,NZT,2049,DIESEL,0,0,0,0,0,0,0,0,0,0
Baseline,NZT,2050,DIESEL,0,0,0,0,0,0,0,0,0,0
Baseline,NZT,2025,FUEL OIL,1420,1420,1420,1420,1420,1420,0,0,0,0
Baseline,NZT,2026,FUEL OIL,1420,1420,1420,1420,1420,1420,0,0,0,0
Baseline,NZT,2027,FUEL OIL,1420,1420,1420,1420,1420,1420,0,0,0,0
Baseline,NZT,2028,FUEL OIL,1420,1420,1420,1420,1420,1420,0,0,0,0
Baseline,NZT,2029,FUEL OIL,820,820,820,820,820,820,0,0,0,0
Baseline,NZT,2030,FUEL OIL,720,720,720,720,720,720,0,0,0,0
Baseline,NZT,2031,FUEL OIL,720,720,720,720,720,720,0,0,0,0
Baseline,NZT,2032,FUEL OIL,720,720,720,720,720,720,0,0,0,0
Baseline,NZT,2033,FUEL OIL,720,720,720,720,720,720,0,0,0,0
Baseline,NZT,2034,FUEL OIL,720,720,720,720,720,720,0,0,0,0
Baseline,NZT,2035,FUEL OIL,720,720,720,720,720,720,0,0,0,0
Baseline,NZT,2036,FUEL OIL,720,720,720,720,720,720,0,0,0,0
Baseline,NZT,2037,FUEL OIL,720,720,720,720,720,720,0,0,0,0
Baseline,NZT,2038,FUEL OIL,720,720,720,720,720,720,0,0,0,0
Baseline,NZT,2039,FUEL OIL,720,720,720,720,720,720,0,0,0,0
Baseline,NZT,2040,FUEL OIL,720,720,720,720,720,720,0,0,0,0
Baseline,NZT,2041,FUEL OIL,720,720,720,720,720,720,0,0,0,0
Baseline,NZT,2042,FUEL OIL,720,720,720,720,720,720,0,0,0,0
Baseline,NZT,2043,FUEL OIL,720,720,720,720,720,720,0,0,0,0
Baseline,NZT,2044,FUEL OIL,720,720,720,720,720,720,0,0,0,0
Baseline,NZT,2045,FUEL OIL,0,0,0,0,0,0,0,0,0,0
Baseline,NZT,2046,FUEL OIL,0,0,0,0,0,0,0,0,0,0
Baseline,NZT,2047,FUEL OIL,0,0,0,0,0,0,0,0,0,0
Baseline,NZT,2048,FUEL OIL,0,0,0,0,0,0,0,0,0,0
Baseline,NZT,2049,FUEL OIL,0,0,0,0,0,0,0,0,0,0
Baseline,NZT,2050,FUEL OIL,6,0,0,0,0,300,6,0,0,0
Baseline,NZT,2025,GAS,475.36,475.36,475.36,475.36,475.36,475.36,0,0,0,0
Baseline,NZT,2026,GAS,475.36,475.36,475.36,475.36,475.36,475.36,0,0,0,0
Baseline,NZT,2027,GAS,475.36,475.36,475.36,475.36,475.36,475.36,0,0,0,0
Baseline,NZT,2028,GAS,475.36,475.36,475.36,475.36,475.36,475.36,0,0,0,0
Baseline,NZT,2029,GAS,475.36,475.36,475.36,475.36,475.36,475.36,0,0,0,0
Baseline,NZT,2030,GAS,475.36,475.36,475.36,475.36,475.36,475.36,0,0,0,0
Baseline,NZT,2031,GAS,475.36,475.36,475.36,475.36,475.36,475.36,0,0,0,0
Baseline,NZT,2032,GAS,475.36,475.36,475.36,475.36,475.36,475.36,0,0,0,0
Baseline,NZT,2033,GAS,475.36,475.36,475.36,475.36,475.36,475.36,0,0,0,0
Baseline,NZT,2034,GAS,475.36,475.36,475.36,475.36,475.36,475.36,0,0,0,0
Baseline,NZT,2035,GAS,475.36,475.36,475.36,475.36,475.36,475.36,0,0,0,0
Baseline,NZT,2036,GAS,475.36,475.36,475.36,475.36,475.36,475.36,0,0,0,0
Baseline,NZT,2037,GAS,475.36,475.36,475.36,475.36,475.36,475.36,0,0,0,0
Baseline,NZT,2038,GAS,475.36,475.36,475.36,475.36,475.36,475.36,0,0,0,0
Baseline,NZT,2039,GAS,475.36,475.36,475.36,475.36,475.36,475.36,0,0,0,0
Baseline,NZT,2040,GAS,475.36,475.36,475.36,475.36,475.36,475.36,0,0,0,0
Baseline,NZT,2041,GAS,475.36,475.36,475.36,475.36,475.36,475.36,0,0,0,0
Baseline,NZT,2042,GAS,475.36,475.36,475.36,475.36,475.36,475.36,0,0,0,0
Baseline,NZT,2043,GAS,475.36,475.36,475.36,475.36,475.36,475.36,0,0,0,0
Baseline,NZT,2044,GAS,475.36,475.36,475.36,475.36,475.36,475.36,0,0,0,0
Baseline,NZT,2045,GAS,479,300,400,900,0,1200,3.64,0,0,424.64
Baseline,NZT,2046,GAS,494,300,400,900,0,1300,15,0,0,0
Baseline,NZT,2047,GAS,494,300,400,900,0,1300,0,0,0,0
Baseline,NZT,2048,GAS,494,300,400,900,0,1300,0,0,0,0
Baseline,NZT,2049,GAS,494,300,400,900,0,1300,0,0,0,0
Baseline,NZT,2050,GAS,497,300,400,900,0,1300,3,0,0,0
Baseline,NZT,2025,GEOTHERMAL,0,0,0,0,0,0,0,0,0,0
Baseline,NZT,2026,GEOTHERMAL,200,200,200,200,200,200,200,200,200,200
Baseline,NZT,2027,GEOTHERMAL,228,200,200,400,200,400,28,0,0,200
Baseline,NZT,2028,GEOTHERMAL,228,200,200,400,200,400,0,0,0,0
Baseline,NZT,2029,GEOTHERMAL,228,200,200,400,200,400,0,0,0,0
Baseline,NZT,2030,GEOTHERMAL,228,200,200,400,200,400,0,0,0,0
Baseline,NZT,2031,GEOTHERMAL,228,200,200,400,200,400,0,0,0,0
Baseline,NZT,2032,GEOTHERMAL,228,200,200,400,200,400,0,0,0,0
Baseline,NZT,2033,GEOTHERMAL,228,200,200,400,200,400,0,0,0,0
Baseline,NZT,2034,GEOTHERMAL,228,200,200,400,200,400,0,0,0,0
Baseline,NZT,2035,GEOTHERMAL,228,200,200,400,200,400,0,0,0,0
Baseline,NZT,2036,GEOTHERMAL,228,200,200,400,200,400,0,0,0,0
Baseline,NZT,2037,GEOTHERMAL,228,200,200,400,200,400,0,0,0,0
Baseline,NZT,2038,GEOTHERMAL,228,200,200,400,200,400,0,0,0,0
Baseline,NZT,2039,GEOTHERMAL,228,200,200,400,200,400,0,0,0,0
Baseline,NZT,2040,GEOTHERMAL,228,200,200,400,200,400,0,0,0,0
Baseline,NZT,2041,GEOTHERMAL,228,200,200,400,200,400,0,0,0,0
Baseline,NZT,2042,GEOTHERMAL,228,200,200,400,200,400,0,0,0,0
Baseline,NZT,2043,GEOTHERMAL,228,200,200,400,200,400,0,0,0,0
Baseline,NZT,2044,GEOTHERMAL,228,200,200,400,200,400,0,0,0,0
Baseline,NZT,2045,GEOTHERMAL,336,200,200,600,200,1000,108,0,0,200
Baseline,NZT,2046,GEOTHERMAL,530,200,600,800,200,1000,194,0,400,200
Baseline,NZT,2047,GEOTHERMAL,734,600,800,1000,200,1000,204,400,200,200
Baseline,NZT,2048,GEOTHERMAL,780,600,800,1000,200,1000,46,0,0,0
Baseline,NZT,2049,GEOTHERMAL,782,600,800,1000,400,1000,2,0,0,0
Baseline,NZT,2050,GEOTHERMAL,784,600,800,1000,400,1000,2,0,0,0
Baseline,NZT,2025,HYDRO,5258,5258,5258,5258,5258,5258,0,0,0,0
Baseline,NZT,2026,HYDRO,5757,5757,5757,5757,5757,5757,499,499,499,499
Baseline,NZT,2027,HYDRO,6157,6157,6157,6157,6157,6157,400,400,400,400
Baseline,NZT,2028,HYDRO,6307,6307,6307,6307,6307,6307,150,150,150,150
Baseline,NZT,2029,HYDRO,6307,6307,6307,6307,6307,6307,0,0,0,0
Baseline,NZT,2030,HYDRO,8060.35,8102,8102,8102,7507,8102,1753.35,1795,1795,1795
Baseline,NZT,2031,HYDRO,8084.15,8102,8102,8102,7507,8102,23.8,0,0,0
Baseline,NZT,2032,HYDRO,8150.1,8102,8102,8402,7507,9602,65.95,0,0,300
Baseline,NZT,2033,HYDRO,8150.1,8102,8102,8402,7507,9602,0,0,0,0
Baseline,NZT,2034,HYDRO,8150.1,8102,8102,8402,7507,9602,0,0,0,0
Baseline,NZT,2035,HYDRO,8156.1,8102,8102,8402,7507,9602,6,0,0,0
Baseline,NZT,2036,HYDRO,8180.1,8102,8102,8402,7507,9602,24,0,0,0
Baseline,NZT,2037,HYDRO,8399.1,8102,8402,8702,7807,10202,219,0,300,300
Baseline,NZT,2038,HYDRO,8723.1,8372.5,8552,9332,7807,10502,324,270.5,150,630
Baseline,NZT,2039,HYDRO,9023.1,8402,8702,10202,8102,10802,300,29.5,150,870
Baseline,NZT,2040,HYDRO,9338.1,8702,9002,10502,8402,11102,315,300,300,300
Baseline,NZT,2041,HYDRO,9641.1,8706.5,9302,10802,8407,11702,303,4.5,300,300
Baseline,NZT,2042,HYDRO,9902.1,9002,9602,11102,8707,11702,261,295.5,300,300
Baseline,NZT,2043,HYDRO,10196.1,9302,9902,11402,9302,12302,294,300,300,300
Baseline,NZT,2044,HYDRO,10481.1,9602,10202,11702,9302,12302,285,300,300,300
Baseline,NZT,2045,HYDRO,11249.05,10502,11402,12002,10202,12302,767.95,900,1200,300
Baseline,NZT,2046,HYDRO,11297.05,10502,11402,12002,10202,12302,48,0,0,0
Baseline,NZT,2047,HYDRO,11306.05,10502,11402,12032,10202,12302,9,0,0,30
Baseline,NZT,2048,HYDRO,11318.05,10502,11402,12032,10202,12302,12,0,0,0
Baseline,NZT,2049,HYDRO,11357.05,10502,11402,12032,10202,12302,39,0,0,0
Baseline,NZT,2050,HYDRO,11363.05,10502,11402,12032,10202,12302,6,0,0,0
Baseline,NZT,2025,NUCLEAR,0,0,0,0,0,0,0,0,0,0
Baseline,NZT,2026,NUCLEAR,0,0,0,0,0,0,0,0,0,0
Baseline,NZT,2027,NUCLEAR,0,0,0,0,0,0,0,0,0,0
Baseline,NZT,2028,NUCLEAR,0,0,0,0,0,0,0,0,0,0
Baseline,NZT,2029,NUCLEAR,0,0,0,0,0,0,0,0,0,0
Baseline,NZT,2030,NUCLEAR,0,0,0,0,0,0,0,0,0,0
Baseline,NZT,2031,NUCLEAR,0,0,0,0,0,0,0,0,0,0
Baseline,NZT,2032,NUCLEAR,0,0,0,0,0,0,0,0,0,0
Baseline,NZT,2033,NUCLEAR,0,0,0,0,0,0,0,0,0,0
Baseline,NZT,2034,NUCLEAR,0,0,0,0,0,0,0,0,0,0
Baseline,NZT,2035,NUCLEAR,0,0,0,0,0,0,0,0,0,0
Baseline,NZT,2036,NUCLEAR,0,0,0,0,0,0,0,0,0,0
Baseline,NZT,2037,NUCLEAR,0,0,0,0,0,0,0,0,0,0
Baseline,NZT,2038,NUCLEAR,0,0,0,0,0,0,0,0,0,0
Baseline,NZT,2039,NUCLEAR,0,0,0,0,0,0,0,0,0,0
Baseline,NZT,2040,NUCLEAR,0,0,0,0,0,0,0,0,0,0
Baseline,NZT,2041,NUCLEAR,0,0,0,0,0,0,0,0,0,0
Baseline,NZT,2042,NUCLEAR,0,0,0,0,0,0,0,0,0,0
Baseline,NZT,2043,NUCLEAR,0,0,0,0,0,0,0,0,0,0
Baseline,NZT,2044,NUCLEAR,0,0,0,0,0,0,0,0,0,0
Baseline,NZT,2045,NUCLEAR,0,0,0,0,0,0,0,0,0,0
Baseline,NZT,2046,NUCLEAR,0,0,0,0,0,0,0,0,0,0
Baseline,NZT,2047,NUCLEAR,0,0,0,0,0,0,0,0,0,0
Baseline,NZT,2048,NUCLEAR,0,0,0,0,0,0,0,0,0,0
Baseline,NZT,2049,NUCLEAR,0,0,0,0,0,0,0,0,0,0
Baseline,NZT,2050,NUCLEAR,0,0,0,0,0,0,0,0,0,0
Baseline,NZT,2025,PV,1350,1350,1350,1350,1350,1350,0,0,0,0
Baseline,NZT,2026,PV,1668,1668,1668,1668,1668,1668,318,318,318,318
Baseline,NZT,2027,PV,1918,1918,1918,1918,1918,1918,250,250,250,250
Baseline,NZT,2028,PV,2168,2168,2168,2168,2168,2168,250,250,250,250
Baseline,NZT,2029,PV,2418,2418,2418,2418,2418,2418,250,250,250,250
Baseline,NZT,2030,PV,2418,2418,2418,2418,2418,2418,0,0,0,0
Baseline,NZT,2031,PV,2418,2418,2418,2418,2418,2418,0,0,0,0
Baseline,NZT,2032,PV,3168,3168,3168,3168,3168,3168,750,750,750,750
Baseline,NZT,2033,PV,4160.5,4168,4168,4168,3918,4168,992.5,1000,1000,1000
Baseline,NZT,2034,PV,4880.5,4668,4918,4918,4418,4918,720,500,750,750
Baseline,NZT,2035,PV,5155.5,5168,5168,5168,4918,5168,275,500,250,250
Baseline,NZT,2036,PV,5408,5418,5418,5418,5168,5418,252.5,250,250,250
Baseline,NZT,2037,PV,5415.5,5418,5418,5418,5168,5418,7.5,0,0,0
Baseline,NZT,2038,PV,5418,5418,5418,5418,5418,5418,2.5,0,0,0
Baseline,NZT,2039,PV,5418,5418,5418,5418,5418,5418,0,0,0,0
Baseline,NZT,2040,PV,5418,5418,5418,5418,5418,5418,0,0,0,0
Baseline,NZT,2041,PV,5418,5418,5418,5418,5418,5418,0,0,0,0
Baseline,NZT,2042,PV,5418,5418,5418,5418,5418,5418,0,0,0,0
Baseline,NZT,2043,PV,5418,5418,5418,5418,5418,5418,0,0,0,0
Baseline,NZT,2044,PV,5418,5418,5418,5418,5418,5418,0,0,0,0
Baseline,NZT,2045,PV,5368,5368,5368,5368,5368,5368,0,0,0,0
Baseline,NZT,2046,PV,5368,5368,5368,5368,5368,5368,0,0,0,0
Baseline,NZT,2047,PV,5368,5368,5368,5368,5368,5368,0,0,0,0
Baseline,NZT,2048,PV,5368,5368,5368,5368,5368,5368,0,0,0,0
Baseline,NZT,2049,PV,5368,5368,5368,5368,5368,5368,0,0,0,0
Baseline,NZT,2050,PV,5368,5368,5368,5368,5368,5368,0,0,0,0
Baseline,NZT,2025,WIND,455,455,455,455,455,455,0,0,0,0
Baseline,NZT,2026,WIND,455,455,455,455,455,455,0,0,0,0
Baseline,NZT,2027,WIND,580,580,580,580,580,580,125,125,125,125
Baseline,NZT,2028,WIND,705,705,705,705,705,705,125,125,125,125
Baseline,NZT,2029,WIND,830,830,830,830,830,830,125,125,125,125
Baseline,NZT,2030,WIND,948.75,955,955,955,830,955,118.75,125,125,125
Baseline,NZT,2031,WIND,1080,1080,1080,1080,1080,1080,131.25,125,125,125
Baseline,NZT,2032,WIND,1205,1205,1205,1205,1205,1205,125,125,125,125
Baseline,NZT,2033,WIND,1327.5,1330,1330,1330,1205,1330,122.5,125,125,125
Baseline,NZT,2034,WIND,1450,1455,1455,1455,1330,1455,122.5,125,125,125
Baseline,NZT,2035,WIND,1455,1455,1455,1455,1455,1455,5,0,0,0
Baseline,NZT,2036,WIND,1578.75,1580,1580,1580,1455,1580,123.75,125,125,125
Baseline,NZT,2037,WIND,1580,1580,1580,1580,1580,1580,1.25,0,0,0
Baseline,NZT,2038,WIND,1580,1580,1580,1580,1580,1580,0,0,0,0
Baseline,NZT,2039,WIND,1580,1580,1580,1580,1580,1580,0,0,0,0
Baseline,NZT,2040,WIND,1580,1580,1580,1580,1580,1580,0,0,0,0
Baseline,NZT,2041,WIND,1580,1580,1580,1580,1580,1580,0,0,0,0
Baseline,NZT,2042,WIND,1580,1580,1580,1580,1580,1580,0,0,0,0
Baseline,NZT,2043,WIND,1580,1580,1580,1580,1580,1580,0,0,0,0
Baseline,NZT,2044,WIND,1580,1580,1580,1580,1580,1580,0,0,0,0
Baseline,NZT,2045,WIND,1505,1505,1505,1505,1505,1505,0,0,0,0
Baseline,NZT,2046,WIND,1505,1505,1505,1505,1505,1505,0,0,0,0
Baseline,NZT,2047,WIND,1505,1505,1505,1505,1505,1505,0,0,0,0
Baseline,NZT,2048,WIND,1505,1505,1505,1505,1505,1505,0,0,0,0
Baseline,NZT,2049,WIND,1505,1505,1505,1505,1505,1505,0,0,0,0
Baseline,NZT,2050,WIND,1505,1505,1505,1505,1505,1505,0,0,0,0
Baseline,REF,2025,BIOENERGY,150,150,150,150,150,150,0,0,0,0
Baseline,REF,2026,BIOENERGY,162,150,150,150,150,350,12,0,0,0
Baseline,REF,2027,BIOENERGY,174,150,150,150,150,550,12,0,0,0
Baseline,REF,2028,BIOENERGY,174,150,150,150,150,550,0,0,0,0
Baseline,REF,2029,BIOENERGY,174,150,150,150,150,550,0,0,0,0
Baseline,REF,2030,BIOENERGY,186,150,150,150,150,750,12,0,0,0
Baseline,REF,2031,BIOENERGY,208,150,150,150,150,1150,22,0,0,0
Baseline,REF,2032,BIOENERGY,208,150,150,150,150,1150,0,0,0,0
Baseline,REF,2033,BIOENERGY,210,150,150,150,150,1150,2,0,0,0
Baseline,REF,2034,BIOENERGY,210,150,150,150,150,1150,0,0,0,0
Baseline,REF,2035,BIOENERGY,210,150,150,150,150,1150,0,0,0,0
Baseline,REF,2036,BIOENERGY,210,150,150,150,150,1150,0,0,0,0
Baseline,REF,2037,BIOENERGY,210,150,150,150,150,1150,0,0,0,0
Baseline,REF,2038,BIOENERGY,210,150,150,150,150,1150,0,0,0,0
Baseline,REF,2039,BIOENERGY,210,150,150,150,150,1150,0,0,0,0
Baseline,REF,2040,BIOENERGY,210,150,150,150,150,1150,0,0,0,0
Baseline,REF,2041,BIOENERGY,210,150,150,150,150,1150,0,0,0,0
Baseline,REF,2042,BIOENERGY,210,150,150,150,150,1150,0,0,0,0
Baseline,REF,2043,BIOENERGY,210,150,150,150,150,1150,0,0,0,0
Baseline,REF,2044,BIOENERGY,210,150,150,150,150,1150,0,0,0,0
Baseline,REF,2045,BIOENERGY,60,0,0,0,0,1000,0,0,0,0
Baseline,REF,2046,BIOENERGY,62,0,0,0,0,1000,2,0,0,0
Baseline,REF,2047,BIOENERGY,62,0,0,0,0,1000,0,0,0,0
Baseline,REF,2048,BIOENERGY,62,0,0,0,0,1000,0,0,0,0
Baseline,REF,2049,BIOENERGY,62,0,0,0,0,1000,0,0,0,0
Baseline,REF,2050,BIOENERGY,62,0,0,0,0,1000,0,0,0,0
Baseline,REF,2025,DIESEL,850,850,850,850,850,850,0,0,0,0
Baseline,REF,2026,DIESEL,850,850,850,850,850,850,0,0,0,0
Baseline,REF,2027,DIESEL,850,850,850,850,850,850,0,0,0,0
Baseline,REF,2028,DIESEL,850,850,850,850,850,850,0,0,0,0
Baseline,REF,2029,DIESEL,850,850,850,850,850,850,0,0,0,0
Baseline,REF,2030,DIESEL,850,850,850,850,850,850,0,0,0,0
Baseline,REF,2031,DIESEL,850,850,850,850,850,850,0,0,0,0
Baseline,REF,2032,DIESEL,850,850,850,850,850,850,0,0,0,0
Baseline,REF,2033,DIESEL,850,850,850,850,850,850,0,0,0,0
Baseline,REF,2034,DIESEL,850,850,850,850,850,850,0,0,0,0
Baseline,REF,2035,DIESEL,550,550,550,550,550,550,0,0,0,0
Baseline,REF,2036,DIESEL,550,550,550,550,550,550,0,0,0,0
Baseline,REF,2037,DIESEL,550,550,550,550,550,550,0,0,0,0
Baseline,REF,2038,DIESEL,550,550,550,550,550,550,0,0,0,0
Baseline,REF,2039,DIESEL,550,550,550,550,550,550,0,0,0,0
Baseline,REF,2040,DIESEL,300,300,300,300,300,300,0,0,0,0
Baseline,REF,2041,DIESEL,300,300,300,300,300,300,0,0,0,0
Baseline,REF,2042,DIESEL,300,300,300,300,300,300,0,0,0,0
Baseline,REF,2043,DIESEL,300,300,300,300,300,300,0,0,0,0
Baseline,REF,2044,DIESEL,300,300,300,300,300,300,0,0,0,0
Baseline,REF,2045,DIESEL,0,0,0,0,0,0,0,0,0,0
Baseline,REF,2046,DIESEL,0,0,0,0,0,0,0,0,0,0
Baseline,REF,2047,DIESEL,0,0,0,0,0,0,0,0,0,0
Baseline,REF,2048,DIESEL,0,0,0,0,0,0,0,0,0,0
Baseline,REF,2049,DIESEL,0,0,0,0,0,0,0,0,0,0
Baseline,REF,2050,DIESEL,0,0,0,0,0,0,0,0,0,0
Baseline,REF,2025,FUEL OIL,1507,1420,1420,1420,1420,2920,0,0,0,0
Baseline,REF,2026,FUEL OIL,1510,1420,1420,1420,1420,2920,3,0,0,0
Baseline,REF,2027,FUEL OIL,1510,1420,1420,1420,1420,2920,0,0,0,0
Baseline,REF,2028,FUEL OIL,1510,1420,1420,1420,1420,2920,0,0,0,0
Baseline,REF,2029,FUEL OIL,916,820,820,820,820,2320,0,0,0,0
Baseline,REF,2030,FUEL OIL,819,720,720,720,720,2220,0,0,0,0
Baseline,REF,2031,FUEL OIL,831,720,720,1020,720,2220,12,0,0,300
Baseline,REF,2032,FUEL OIL,831,720,720,1020,720,2220,0,0,0,0
Baseline,REF,2033,FUEL OIL,837,720,720,1020,720,2220,6,0,0,0
Baseline,REF,2034,FUEL OIL,840,720,720,1020,720,2220,3,0,0,0
Baseline,REF,2035,FUEL OIL,843,720,720,1050,720,2220,3,0,0,30
Baseline,REF,2036,FUEL OIL,849,720,720,1320,720,2220,6,0,0,270
Baseline,REF,2037,FUEL OIL,849,720,720,1320,720,2220,0,0,0,0
Baseline,REF,2038,FUEL OIL,852,720,720,1320,720,2220,3,0,0,0
Baseline,REF,2039,FUEL OIL,852,720,720,1320,720,2220,0,0,0,0
Baseline,REF,2040,FUEL OIL,855,720,720,1320,720,2220,3,0,0,0
Baseline,REF,2041,FUEL OIL,858,720,720,1320,720,2220,3,0,0,0
Baseline,REF,2042,FUEL OIL,858,720,720,1320,720,2220,0,0,0,0
Baseline,REF,2043,FUEL OIL,858,720,720,1320,720,2220,0,0,0,0
Baseline,REF,2044,FUEL OIL,858,720,720,1320,720,2220,0,0,0,0
Baseline,REF,2045,FUEL OIL,177,0,0,600,0,1500,0,0,0,0
Baseline,REF,2046,FUEL OIL,177,0,0,600,0,1500,0,0,0,0
Baseline,REF,2047,FUEL OIL,192,0,0,600,0,1500,15,0,0,0
Baseline,REF,2048,FUEL OIL,195,0,0,600,0,1500,3,0,0,0
Baseline,REF,2049,FUEL OIL,198,0,0,600,0,1500,3,0,0,0
Baseline,REF,2050,FUEL OIL,210,0,0,600,0,1500,12,0,0,0
Baseline,REF,2025,GAS,475.36,475.36,475.36,475.36,475.36,475.36,0,0,0,0
Baseline,REF,2026,GAS,475.36,475.36,475.36,475.36,475.36,475.36,0,0,0,0
Baseline,REF,2027,GAS,475.36,475.36,475.36,475.36,475.36,475.36,0,0,0,0
Baseline,REF,2028,GAS,475.36,475.36,475.36,475.36,475.36,475.36,0,0,0,0
Baseline,REF,2029,GAS,507.36,475.36,475.36,475.36,475.36,875.36,32,0,0,0
Baseline,REF,2030,GAS,536.36,475.36,475.36,785.36,475.36,1175.36,29,0,0,310
Baseline,REF,2031,GAS,573.36,475.36,475.36,875.36,475.36,1475.36,37,0,0,90
Baseline,REF,2032,GAS,595.36,475.36,475.36,875.36,475.36,1775.36,22,0,0,0
Baseline,REF,2033,GAS,619.36,475.36,475.36,895.36,475.36,2075.36,24,0,0,20
Baseline,REF,2034,GAS,665.36,475.36,475.36,895.36,475.36,2375.36,46,0,0,0
Baseline,REF,2035,GAS,688.36,475.36,475.36,1085.36,475.36,2375.36,23,0,0,190
Baseline,REF,2036,GAS,688.36,475.36,475.36,1085.36,475.36,2375.36,0,0,0,0
Baseline,REF,2037,GAS,709.36,475.36,475.36,1175.36,475.36,2375.36,21,0,0,90
Baseline,REF,2038,GAS,718.36,475.36,475.36,1175.36,475.36,2375.36,9,0,0,0
Baseline,REF,2039,GAS,724.36,475.36,475.36,1175.36,475.36,2375.36,6,0,0,0
Baseline,REF,2040,GAS,731.36,475.36,475.36,1175.36,475.36,2375.36,7,0,0,0
Baseline,REF,2041,GAS,760.36,475.36,475.36,1175.36,475.36,2375.36,29,0,0,0
Baseline,REF,2042,GAS,777.36,475.36,475.36,1175.36,475.36,2375.36,17,0,0,0
Baseline,REF,2043,GAS,794.36,475.36,475.36,1175.36,475.36,2375.36,17,0,0,0
Baseline,REF,2044,GAS,831.36,475.36,625.36,1475.36,475.36,2375.36,37,0,150,300
Baseline,REF,2045,GAS,1698,1500,1600,1900,1000,1900,866.64,1024.64,974.64,424.64
Baseline,REF,2046,GAS,1747,1600,1900,1900,1300,1900,49,100,300,0
Baseline,REF,2047,GAS,1775,1600,1900,1900,1300,1900,28,0,0,0
Baseline,REF,2048,GAS,1785,1600,1900,1900,1300,1900,10,0,0,0
Baseline,REF,2049,GAS,1788,1600,1900,1900,1300,1900,3,0,0,0
Baseline,REF,2050,GAS,1798,1600,1900,1900,1300,1900,10,0,0,0
Baseline,REF,2025,GEOTHERMAL,0,0,0,0,0,0,0,0,0,0
Baseline,REF,2026,GEOTHERMAL,80,0,0,200,0,200,80,0,0,200
Baseline,REF,2027,GEOTHERMAL,82,0,0,200,0,200,2,0,0,0
Baseline,REF,2028,GEOTHERMAL,82,0,0,200,0,200,0,0,0,0
Baseline,REF,2029,GEOTHERMAL,82,0,0,200,0,200,0,0,0,0
Baseline,REF,2030,GEOTHERMAL,82,0,0,200,0,200,0,0,0,0
Baseline,REF,2031,GEOTHERMAL,82,0,0,200,0,200,0,0,0,0
Baseline,REF,2032,GEOTHERMAL,92,0,0,200,0,400,10,0,0,0
Baseline,REF,2033,GEOTHERMAL,92,0,0,200,0,400,0,0,0,0
Baseline,REF,2034,GEOTHERMAL,104,0,0,200,0,600,12,0,0,0
Baseline,REF,2035,GEOTHERMAL,106,0,0,200,0,600,2,0,0,0
Baseline,REF,2036,GEOTHERMAL,126,0,0,200,0,1000,20,0,0,0
Baseline,REF,2037,GEOTHERMAL,134,0,0,200,0,1000,8,0,0,0
Baseline,REF,2038,GEOTHERMAL,134,0,0,200,0,1000,0,0,0,0
Baseline,REF,2039,GEOTHERMAL,136,0,0,200,0,1000,2,0,0,0
Baseline,REF,2040,GEOTHERMAL,136,0,0,200,0,1000,0,0,0,0
Baseline,REF,2041,GEOTHERMAL,138,0,0,200,0,1000,2,0,0,0
Baseline,REF,2042,GEOTHERMAL,142,0,0,200,0,1000,4,0,0,0
Baseline,REF,2043,GEOTHERMAL,144,0,0,200,0,1000,2,0,0,0
Baseline,REF,2044,GEOTHERMAL,144,0,0,200,0,1000,0,0,0,0
Baseline,REF,2045,GEOTHERMAL,162,0,200,200,0,1000,18,0,200,0
Baseline,REF,2046,GEOTHERMAL,168,0,200,220,0,1000,6,0,0,20
Baseline,REF,2047,GEOTHERMAL,168,0,200,220,0,1000,0,0,0,0
Baseline,REF,2048,GEOTHERMAL,170,0,200,220,0,1000,2,0,0,0
Baseline,REF,2049,GEOTHERMAL,170,0,200,220,0,1000,0,0,0,0
Baseline,REF,2050,GEOTHERMAL,172,0,200,220,0,1000,2,0,0,0
Baseline,REF,2025,HYDRO,5258,5258,5258,5258,5258,5258,0,0,0,0
Baseline,REF,2026,HYDRO,5757,5757,5757,5757,5757,5757,499,499,499,499
Baseline,REF,2027,HYDRO,6157,6157,6157,6157,6157,6157,400,400,400,400
Baseline,REF,2028,HYDRO,6307,6307,6307,6307,6307,6307,150,150,150,150
Baseline,REF,2029,HYDRO,6307,6307,6307,6307,6307,6307,0,0,0,0
Baseline,REF,2030,HYDRO,8102,8102,8102,8102,8102,8102,1795,1795,1795,1795
Baseline,REF,2031,HYDRO,8102,8102,8102,8102,8102,8102,0,0,0,0
Baseline,REF,2032,HYDRO,8852,8702,8702,9602,8402,9902,750,600,600,1500
Baseline,REF,2033,HYDRO,9446,9302,9302,10202,9002,10502,594,600,600,600
Baseline,REF,2034,HYDRO,9989,9602,9902,10502,9602,11102,543,300,600,300
Baseline,REF,2035,HYDRO,10322,9902,10202,10832,9602,11702,333,300,300,330
Baseline,REF,2036,HYDRO,10454,10202,10202,11132,9902,12302,132,300,0,300
Baseline,REF,2037,HYDRO,10631,10202,10502,11402,10202,12302,177,0,300,270
Baseline,REF,2038,HYDRO,10826,10502,10802,11432,10502,12302,195,300,300,30
Baseline,REF,2039,HYDRO,10997,10802,10802,11702,10502,12302,171,300,0,270
Baseline,REF,2040,HYDRO,11222,11102,11102,11732,10802,12302,225,300,300,30
Baseline,REF,2041,HYDRO,11228,11102,11102,11732,10802,12302,6,0,0,0
Baseline,REF,2042,HYDRO,11261,11102,11102,12032,10802,12302,33,0,0,300
Baseline,REF,2043,HYDRO,11267,11102,11102,12032,10802,12302,6,0,0,0
Baseline,REF,2044,HYDRO,11273,11102,11102,12032,10802,12302,6,0,0,0
Baseline,REF,2045,HYDRO,11330,11102,11102,12302,10802,12302,57,0,0,270
Baseline,REF,2046,HYDRO,11342,11102,11102,12302,10802,12302,12,0,0,0
Baseline,REF,2047,HYDRO,11342,11102,11102,12302,10802,12302,0,0,0,0
Baseline,REF,2048,HYDRO,11345,11102,11102,12302,10802,12302,3,0,0,0
Baseline,REF,2049,HYDRO,11369,11102,11102,12302,10802,12302,24,0,0,0
Baseline,REF,2050,HYDRO,11372,11102,11102,12302,10802,12302,3,0,0,0
Baseline,REF,2025,NUCLEAR,0,0,0,0,0,0,0,0,0,0
Baseline,REF,2026,NUCLEAR,0,0,0,0,0,0,0,0,0,0
Baseline,REF,2027,NUCLEAR,0,0,0,0,0,0,0,0,0,0
Baseline,REF,2028,NUCLEAR,0,0,0,0,0,0,0,0,0,0
Baseline,REF,2029,NUCLEAR,0,0,0,0,0,0,0,0,0,0
Baseline,REF,2030,NUCLEAR,0,0,0,0,0,0,0,0,0,0
Baseline,REF,2031,NUCLEAR,0,0,0,0,0,0,0,0,0,0
Baseline,REF,2032,NUCLEAR,0,0,0,0,0,0,0,0,0,0
Baseline,REF,2033,NUCLEAR,0,0,0,0,0,0,0,0,0,0
Baseline,REF,2034,NUCLEAR,0,0,0,0,0,0,0,0,0,0
Baseline,REF,2035,NUCLEAR,30,0,0,0,0,500,30,0,0,0
Baseline,REF,2036,NUCLEAR,30,0,0,0,0,500,0,0,0,0
Baseline,REF,2037,NUCLEAR,30,0,0,0,0,500,0,0,0,0
Baseline,REF,2038,NUCLEAR,30,0,0,0,0,500,0,0,0,0
Baseline,REF,2039,NUCLEAR,30,0,0,0,0,500,0,0,0,0
Baseline,REF,2040,NUCLEAR,80,0,0,0,0,1500,50,0,0,0
Baseline,REF,2041,NUCLEAR,80,0,0,0,0,1500,0,0,0,0
Baseline,REF,2042,NUCLEAR,80,0,0,0,0,1500,0,0,0,0
Baseline,REF,2043,NUCLEAR,80,0,0,0,0,1500,0,0,0,0
Baseline,REF,2044,NUCLEAR,80,0,0,0,0,1500,0,0,0,0
Baseline,REF,2045,NUCLEAR,100,0,0,0,0,1500,20,0,0,0
Baseline,REF,2046,NUCLEAR,100,0,0,0,0,1500,0,0,0,0
Baseline,REF,2047,NUCLEAR,100,0,0,0,0,1500,0,0,0,0
Baseline,REF,2048,NUCLEAR,100,0,0,0,0,1500,0,0,0,0
Baseline,REF,2049,NUCLEAR,100,0,0,0,0,1500,0,0,0,0
Baseline,REF,2050,NUCLEAR,100,0,0,0,0,1500,0,0,0,0
Baseline,REF,2025,PV,50,50,50,50,50,50,0,0,0,0
Baseline,REF,2026,PV,50,50,50,50,50,50,0,0,0,0
Baseline,REF,2027,PV,50,50,50,50,50,50,0,0,0,0
Baseline,REF,2028,PV,65,50,50,50,50,300,15,0,0,0
Baseline,REF,2029,PV,65,50,50,50,50,300,0,0,0,0
Baseline,REF,2030,PV,122.5,50,50,300,50,300,57.5,0,0,250
Baseline,REF,2031,PV,182.5,50,300,300,50,300,60,0,250,0
Baseline,REF,2032,PV,182.5,50,300,300,50,300,0,0,0,0
Baseline,REF,2033,PV,197.5,50,300,300,50,300,15,0,0,0
Baseline,REF,2034,PV,197.5,50,300,300,50,300,0,0,0,0
Baseline,REF,2035,PV,197.5,50,300,300,50,300,0,0,0,0
Baseline,REF,2036,PV,231,50,300,300,50,300,33.5,0,0,0
Baseline,REF,2037,PV,238.5,50,300,300,50,300,7.5,0,0,0
Baseline,REF,2038,PV,246,50,300,300,50,300,7.5,0,0,0
Baseline,REF,2039,PV,248.5,50,300,300,50,300,2.5,0,0,0
Baseline,REF,2040,PV,248.5,50,300,300,50,300,0,0,0,0
Baseline,REF,2041,PV,576.4,300,550,800,50,1050,327.9,250,250,500
Baseline,REF,2042,PV,611.7,550,550,800,50,1050,35.3,250,0,0
Baseline,REF,2043,PV,625,550,550,800,50,1050,13.3,0,0,0
Baseline,REF,2044,PV,638.2,550,550,800,220,1050,13.2,0,0,0
Baseline,REF,2045,PV,833.9,745,750,1000,170,1250,195.7,195,200,200
Baseline,REF,2046,PV,841.4,745,750,1000,170,1250,7.5,0,0,0
Baseline,REF,2047,PV,847.2,745,750,1000,450,1250,5.8,0,0,0
Baseline,REF,2048,PV,849.2,745,750,1000,450,1250,2,0,0,0
Baseline,REF,2049,PV,850.9,745,750,1000,450,1250,1.7,0,0,0
Baseline,REF,2050,PV,854.6,745,750,1000,450,1250,3.7,0,0,0
Baseline,REF,2025,WIND,328.2,75,375,455,75,455,0,0,0,0
Baseline,REF,2026,WIND,328.2,75,375,455,75,455,0,0,0,0
Baseline,REF,2027,WIND,400.7,75,455,580,75,580,72.5,0,80,125
Baseline,REF,2028,WIND,414.45,155,455,580,75,580,13.75,80,0,0
Baseline,REF,2029,WIND,421.95,195.5,455,580,75,580,7.5,40.5,0,0
Baseline,REF,2030,WIND,493.55,272,515,705,75,705,71.6,76.5,60,125
Baseline,REF,2031,WIND,667.35,405,705,955,75,955,173.8,133,190,250
Baseline,REF,2032,WIND,706.45,530,705,955,75,1000,39.1,125,0,0
Baseline,REF,2033,WIND,789,570.5,830,1080,75,1125,82.55,40.5,125,125
Baseline,REF,2034,WIND,827.75,652,875,1080,75,1125,38.75,81.5,45,0
Baseline,REF,2035,WIND,846.65,655,875,1080,155,1205,18.9,3,0,0
Baseline,REF,2036,WIND,1117.2,905,1205,1330,155,1500,270.55,250,330,250
Baseline,REF,2037,WIND,1142.2,954.5,1205,1383,155,1580,25,49.5,0,53
Baseline,REF,2038,WIND,1168,1000,1205,1455,155,1580,25.8,45.5,0,72
Baseline,REF,2039,WIND,1195.05,1027,1330,1455,155,1580,27.05,27,125,0
Baseline,REF,2040,WIND,1215.05,1030,1330,1455,155,1580,20,3,0,0
Baseline,REF,2041,WIND,1344.55,1030,1455,1580,280,1580,129.5,0,125,125
Baseline,REF,2042,WIND,1354.1,1030,1455,1580,280,1580,9.55,0,0,0
Baseline,REF,2043,WIND,1361.6,1030,1455,1580,280,1580,7.5,0,0,0
Baseline,REF,2044,WIND,1370.35,1142.5,1455,1580,280,1580,8.75,112.5,0,0
Baseline,REF,2045,WIND,1314.1,1080,1425,1505,205,1505,0,0,0,0
Baseline,REF,2046,WIND,1319.1,1205,1425,1505,205,1505,5,125,0,0
Baseline,REF,2047,WIND,1320.35,1205,1425,1505,205,1505,1.25,0,0,0
Baseline,REF,2048,WIND,1320.35,1205,1425,1505,205,1505,0,0,0,0
Baseline,REF,2049,WIND,1322.85,1205,1465,1505,205,1505,2.5,0,40,0
Baseline,REF,2050,WIND,1324.1,1205,1505,1505,205,1505,1.25,0,40,0
Adverse,BRIDGE,2025,BIOENERGY,150,150,150,150,150,150,0,0,0,0
Adverse,BRIDGE,2026,BIOENERGY,150,150,150,150,150,150,0,0,0,0
Adverse,BRIDGE,2027,BIOENERGY,150,150,150,150,150,150,0,0,0,0
Adverse,BRIDGE,2028,BIOENERGY,150,150,150,150,150,150,0,0,0,0
Adverse,BRIDGE,2029,BIOENERGY,150,150,150,150,150,150,0,0,0,0
Adverse,BRIDGE,2030,BIOENERGY,150,150,150,150,150,150,0,0,0,0
Adverse,BRIDGE,2031,BIOENERGY,150,150,150,150,150,150,0,0,0,0
Adverse,BRIDGE,2032,BIOENERGY,150,150,150,150,150,150,0,0,0,0
Adverse,BRIDGE,2033,BIOENERGY,150,150,150,150,150,150,0,0,0,0
Adverse,BRIDGE,2034,BIOENERGY,150,150,150,150,150,150,0,0,0,0
Adverse,BRIDGE,2035,BIOENERGY,150,150,150,150,150,150,0,0,0,0
Adverse,BRIDGE,2036,BIOENERGY,150,150,150,150,150,150,0,0,0,0
Adverse,BRIDGE,2037,BIOENERGY,150,150,150,150,150,150,0,0,0,0
Adverse,BRIDGE,2038,BIOENERGY,150,150,150,150,150,150,0,0,0,0
Adverse,BRIDGE,2039,BIOENERGY,150,150,150,150,150,150,0,0,0,0
Adverse,BRIDGE,2040,BIOENERGY,150,150,150,150,150,150,0,0,0,0
Adverse,BRIDGE,2041,BIOENERGY,150,150,150,150,150,150,0,0,0,0
Adverse,BRIDGE,2042,BIOENERGY,310,150,350,470,150,550,160,0,200,320
Adverse,BRIDGE,2043,BIOENERGY,470,350,550,550,350,550,160,200,200,80
Adverse,BRIDGE,2044,BIOENERGY,630,550,550,750,550,750,160,200,0,200
Adverse,BRIDGE,2045,BIOENERGY,480,400,400,600,400,600,0,0,0,0
Adverse,BRIDGE,2046,BIOENERGY,480,400,400,600,400,600,0,0,0,0
Adverse,BRIDGE,2047,BIOENERGY,480,400,400,600,400,600,0,0,0,0
Adverse,BRIDGE,2048,BIOENERGY,480,400,400,600,400,600,0,0,0,0
Adverse,BRIDGE,2049,BIOENERGY,480,400,400,600,400,600,0,0,0,0
Adverse,BRIDGE,2050,BIOENERGY,480,400,400,600,400,600,0,0,0,0
Adverse,BRIDGE,2025,DIESEL,850,850,850,850,850,850,0,0,0,0
Adverse,BRIDGE,2026,DIESEL,850,850,850,850,850,850,0,0,0,0
Adverse,BRIDGE,2027,DIESEL,850,850,850,850,850,850,0,0,0,0
Adverse,BRIDGE,2028,DIESEL,850,850,850,850,850,850,0,0,0,0
Adverse,BRIDGE,2029,DIESEL,850,850,850,850,850,850,0,0,0,0
Adverse,BRIDGE,2030,DIESEL,850,850,850,850,850,850,0,0,0,0
Adverse,BRIDGE,2031,DIESEL,850,850,850,850,850,850,0,0,0,0
Adverse,BRIDGE,2032,DIESEL,850,850,850,850,850,850,0,0,0,0
Adverse,BRIDGE,2033,DIESEL,850,850,850,850,850,850,0,0,0,0
Adverse,BRIDGE,2034,DIESEL,850,850,850,850,850,850,0,0,0,0
Adverse,BRIDGE,2035,DIESEL,550,550,550,550,550,550,0,0,0,0
Adverse,BRIDGE,2036,DIESEL,550,550,550,550,550,550,0,0,0,0
Adverse,BRIDGE,2037,DIESEL,550,550,550,550,550,550,0,0,0,0
Adverse,BRIDGE,2038,DIESEL,550,550,550,550,550,550,0,0,0,0
Adverse,BRIDGE,2039,DIESEL,550,550,550,550,550,550,0,0,0,0
Adverse,BRIDGE,2040,DIESEL,300,300,300,300,300,300,0,0,0,0
Adverse,BRIDGE,2041,DIESEL,300,300,300,300,300,300,0,0,0,0
Adverse,BRIDGE,2042,DIESEL,300,300,300,300,300,300,0,0,0,0
Adverse,BRIDGE,2043,DIESEL,300,300,300,300,300,300,0,0,0,0
Adverse,BRIDGE,2044,DIESEL,300,300,300,300,300,300,0,0,0,0
Adverse,BRIDGE,2045,DIESEL,0,0,0,0,0,0,0,0,0,0
Adverse,BRIDGE,2046,DIESEL,0,0,0,0,0,0,0,0,0,0
Adverse,BRIDGE,2047,DIESEL,0,0,0,0,0,0,0,0,0,0
Adverse,BRIDGE,2048,DIESEL,0,0,0,0,0,0,0,0,0,0
Adverse,BRIDGE,2049,DIESEL,0,0,0,0,0,0,0,0,0,0
Adverse,BRIDGE,2050,DIESEL,0,0,0,0,0,0,0,0,0,0
Adverse,BRIDGE,2025,FUEL OIL,2320,2140,2320,2500,2020,2620,0,0,0,0
Adverse,BRIDGE,2026,FUEL OIL,2320,2140,2320,2500,2020,2620,0,0,0,0
Adverse,BRIDGE,2027,FUEL OIL,2320,2140,2320,2500,2020,2620,0,0,0,0
Adverse,BRIDGE,2028,FUEL OIL,2320,2140,2320,2500,2020,2620,0,0,0,0
Adverse,BRIDGE,2029,FUEL OIL,1720,1540,1720,1900,1420,2020,0,0,0,0
Adverse,BRIDGE,2030,FUEL OIL,1620,1440,1620,1800,1320,1920,0,0,0,0
Adverse,BRIDGE,2031,FUEL OIL,1620,1440,1620,1800,1320,1920,0,0,0,0
Adverse,BRIDGE,2032,FUEL OIL,1620,1440,1620,1800,1320,1920,0,0,0,0
Adverse,BRIDGE,2033,FUEL OIL,1620,1440,1620,1800,1320,1920,0,0,0,0
Adverse,BRIDGE,2034,FUEL OIL,1620,1440,1620,1800,1320,1920,0,0,0,0
Adverse,BRIDGE,2035,FUEL OIL,1620,1440,1620,1800,1320,1920,0,0,0,0
Adverse,BRIDGE,2036,FUEL OIL,1620,1440,1620,1800,1320,1920,0,0,0,0
Adverse,BRIDGE,2037,FUEL OIL,1620,1440,1620,1800,1320,1920,0,0,0,0
Adverse,BRIDGE,2038,FUEL OIL,1620,1440,1620,1800,1320,1920,0,0,0,0
Adverse,BRIDGE,2039,FUEL OIL,1620,1440,1620,1800,1320,1920,0,0,0,0
Adverse,BRIDGE,2040,FUEL OIL,1620,1440,1620,1800,1320,1920,0,0,0,0
Adverse,BRIDGE,2041,FUEL OIL,1620,1440,1620,1800,1320,1920,0,0,0,0
Adverse,BRIDGE,2042,FUEL OIL,1620,1440,1620,1800,1320,1920,0,0,0,0
Adverse,BRIDGE,2043,FUEL OIL,1620,1440,1620,1800,1320,1920,0,0,0,0
Adverse,BRIDGE,2044,FUEL OIL,1620,1440,1620,1800,1320,1920,0,0,0,0
Adverse,BRIDGE,2045,FUEL OIL,1440,1320,1500,1500,1200,1500,0,0,0,0
Adverse,BRIDGE,2046,FUEL OIL,1500,1500,1500,1500,1500,1500,60,180,0,0
Adverse,BRIDGE,2047,FUEL OIL,1500,1500,1500,1500,1500,1500,0,0,0,0
Adverse,BRIDGE,2048,FUEL OIL,1500,1500,1500,1500,1500,1500,0,0,0,0
Adverse,BRIDGE,2049,FUEL OIL,1500,1500,1500,1500,1500,1500,0,0,0,0
Adverse,BRIDGE,2050,FUEL OIL,1500,1500,1500,1500,1500,1500,0,0,0,0
Adverse,BRIDGE,2025,GAS,475.36,475.36,475.36,475.36,475.36,475.36,0,0,0,0
Adverse,BRIDGE,2026,GAS,475.36,475.36,475.36,475.36,475.36,475.36,0,0,0,0
Adverse,BRIDGE,2027,GAS,475.36,475.36,475.36,475.36,475.36,475.36,0,0,0,0
Adverse,BRIDGE,2028,GAS,555.36,475.36,475.36,715.36,475.36,875.36,80,0,0,240
Adverse,BRIDGE,2029,GAS,875.36,875.36,875.36,875.36,875.36,875.36,320,400,400,160
Adverse,BRIDGE,2030,GAS,1175.36,1175.36,1175.36,1175.36,1175.36,1175.36,300,300,300,300
Adverse,BRIDGE,2031,GAS,1175.36,1175.36,1175.36,1175.36,1175.36,1175.36,0,0,0,0
Adverse,BRIDGE,2032,GAS,1175.36,1175.36,1175.36,1175.36,1175.36,1175.36,0,0,0,0
Adverse,BRIDGE,2033,GAS,1295.36,1175.36,1175.36,1475.36,1175.36,1475.36,120,0,0,300
Adverse,BRIDGE,2034,GAS,1415.36,1295.36,1475.36,1475.36,1175.36,1475.36,120,120,300,0
Adverse,BRIDGE,2035,GAS,1595.36,1475.36,1475.36,1775.36,1475.36,1775.36,180,180,0,300
Adverse,BRIDGE,2036,GAS,1595.36,1475.36,1475.36,1775.36,1475.36,1775.36,0,0,0,0
Adverse,BRIDGE,2037,GAS,1595.36,1475.36,1475.36,1775.36,1475.36,1775.36,0,0,0,0
Adverse,BRIDGE,2038,GAS,1595.36,1475.36,1475.36,1775.36,1475.36,1775.36,0,0,0,0
Adverse,BRIDGE,2039,GAS,1595.36,1475.36,1475.36,1775.36,1475.36,1775.36,0,0,0,0
Adverse,BRIDGE,2040,GAS,1655.36,1475.36,1775.36,1775.36,1475.36,1775.36,60,0,300,0
Adverse,BRIDGE,2041,GAS,1655.36,1475.36,1775.36,1775.36,1475.36,1775.36,0,0,0,0
Adverse,BRIDGE,2042,GAS,1655.36,1475.36,1775.36,1775.36,1475.36,1775.36,0,0,0,0
Adverse,BRIDGE,2043,GAS,1655.36,1475.36,1775.36,1775.36,1475.36,1775.36,0,0,0,0
Adverse,BRIDGE,2044,GAS,1655.36,1475.36,1775.36,1775.36,1475.36,1775.36,0,0,0,0
Adverse,BRIDGE,2045,GAS,1900,1900,1900,1900,1900,1900,244.64,424.64,124.64,124.64
Adverse,BRIDGE,2046,GAS,1900,1900,1900,1900,1900,1900,0,0,0,0
Adverse,BRIDGE,2047,GAS,1900,1900,1900,1900,1900,1900,0,0,0,0
Adverse,BRIDGE,2048,GAS,1900,1900,1900,1900,1900,1900,0,0,0,0
Adverse,BRIDGE,2049,GAS,1900,1900,1900,1900,1900,1900,0,0,0,0
Adverse,BRIDGE,2050,GAS,1900,1900,1900,1900,1900,1900,0,0,0,0
Adverse,BRIDGE,2025,GEOTHERMAL,0,0,0,0,0,0,0,0,0,0
Adverse,BRIDGE,2026,GEOTHERMAL,200,200,200,200,200,200,200,200,200,200
Adverse,BRIDGE,2027,GEOTHERMAL,400,400,400,400,400,400,200,200,200,200
Adverse,BRIDGE,2028,GEOTHERMAL,600,600,600,600,600,600,200,200,200,200
Adverse,BRIDGE,2029,GEOTHERMAL,600,600,600,600,600,600,0,0,0,0
Adverse,BRIDGE,2030,GEOTHERMAL,800,680,800,920,600,1000,200,80,200,320
Adverse,BRIDGE,2031,GEOTHERMAL,1000,1000,1000,1000,1000,1000,200,320,200,80
Adverse,BRIDGE,2032,GEOTHERMAL,1000,1000,1000,1000,1000,1000,0,0,0,0
Adverse,BRIDGE,2033,GEOTHERMAL,1000,1000,1000,1000,1000,1000,0,0,0,0
Adverse,BRIDGE,2034,GEOTHERMAL,1000,1000,1000,1000,1000,1000,0,0,0,0
Adverse,BRIDGE,2035,GEOTHERMAL,1000,1000,1000,1000,1000,1000,0,0,0,0
Adverse,BRIDGE,2036,GEOTHERMAL,1000,1000,1000,1000,1000,1000,0,0,0,0
Adverse,BRIDGE,2037,GEOTHERMAL,1000,1000,1000,1000,1000,1000,0,0,0,0
Adverse,BRIDGE,2038,GEOTHERMAL,1000,1000,1000,1000,1000,1000,0,0,0,0
Adverse,BRIDGE,2039,GEOTHERMAL,1000,1000,1000,1000,1000,1000,0,0,0,0
Adverse,BRIDGE,2040,GEOTHERMAL,1000,1000,1000,1000,1000,1000,0,0,0,0
Adverse,BRIDGE,2041,GEOTHERMAL,1000,1000,1000,1000,1000,1000,0,0,0,0
Adverse,BRIDGE,2042,GEOTHERMAL,1000,1000,1000,1000,1000,1000,0,0,0,0
Adverse,BRIDGE,2043,GEOTHERMAL,1000,1000,1000,1000,1000,1000,0,0,0,0
Adverse,BRIDGE,2044,GEOTHERMAL,1000,1000,1000,1000,1000,1000,0,0,0,0
Adverse,BRIDGE,2045,GEOTHERMAL,1000,1000,1000,1000,1000,1000,0,0,0,0
Adverse,BRIDGE,2046,GEOTHERMAL,1000,1000,1000,1000,1000,1000,0,0,0,0
Adverse,BRIDGE,2047,GEOTHERMAL,1000,1000,1000,1000,1000,1000,0,0,0,0
Adverse,BRIDGE,2048,GEOTHERMAL,1000,1000,1000,1000,1000,1000,0,0,0,0
Adverse,BRIDGE,2049,GEOTHERMAL,1000,1000,1000,1000,1000,1000,0,0,0,0
Adverse,BRIDGE,2050,GEOTHERMAL,1000,1000,1000,1000,1000,1000,0,0,0,0
Adverse,BRIDGE,2025,HYDRO,5258,5258,5258,5258,5258,5258,0,0,0,0
Adverse,BRIDGE,2026,HYDRO,5757,5757,5757,5757,5757,5757,499,499,499,499
Adverse,BRIDGE,2027,HYDRO,6157,6157,6157,6157,6157,6157,400,400,400,400
Adverse,BRIDGE,2028,HYDRO,6307,6307,6307,6307,6307,6307,150,150,150,150
Adverse,BRIDGE,2029,HYDRO,6307,6307,6307,6307,6307,6307,0,0,0,0
Adverse,BRIDGE,2030,HYDRO,8102,8102,8102,8102,8102,8102,1795,1795,1795,1795
Adverse,BRIDGE,2031,HYDRO,8102,8102,8102,8102,8102,8102,0,0,0,0
Adverse,BRIDGE,2032,HYDRO,8402,8102,8102,8942,8102,9302,300,0,0,840
Adverse,BRIDGE,2033,HYDRO,9122,8522,9302,9602,8402,9602,720,420,1200,660
Adverse,BRIDGE,2034,HYDRO,9242,8522,9302,9902,8402,9902,120,0,0,300
Adverse,BRIDGE,2035,HYDRO,9422,8822,9602,9902,8702,9902,180,300,300,0
Adverse,BRIDGE,2036,HYDRO,9422,8822,9602,9902,8702,9902,0,0,0,0
Adverse,BRIDGE,2037,HYDRO,9422,8822,9602,9902,8702,9902,0,0,0,0
Adverse,BRIDGE,2038,HYDRO,9422,8822,9602,9902,8702,9902,0,0,0,0
Adverse,BRIDGE,2039,HYDRO,9482,8822,9902,9902,8702,9902,60,0,300,0
Adverse,BRIDGE,2040,HYDRO,9842,9122,9902,10502,9002,10502,360,300,0,600
Adverse,BRIDGE,2041,HYDRO,9842,9122,9902,10502,9002,10502,0,0,0,0
Adverse,BRIDGE,2042,HYDRO,9842,9122,9902,10502,9002,10502,0,0,0,0
Adverse,BRIDGE,2043,HYDRO,9842,9122,9902,10502,9002,10502,0,0,0,0
Adverse,BRIDGE,2044,HYDRO,9842,9122,9902,10502,9002,10502,0,0,0,0
Adverse,BRIDGE,2045,HYDRO,9842,9122,9902,10502,9002,10502,0,0,0,0
Adverse,BRIDGE,2046,HYDRO,9842,9122,9902,10502,9002,10502,0,0,0,0
Adverse,BRIDGE,2047,HYDRO,9842,9122,9902,10502,9002,10502,0,0,0,0
Adverse,BRIDGE,2048,HYDRO,9842,9122,9902,10502,9002,10502,0,0,0,0
Adverse,BRIDGE,2049,HYDRO,9842,9122,9902,10502,9002,10502,0,0,0,0
Adverse,BRIDGE,2050,HYDRO,9842,9122,9902,10502,9002,10502,0,0,0,0
Adverse,BRIDGE,2025,NUCLEAR,0,0,0,0,0,0,0,0,0,0
Adverse,BRIDGE,2026,NUCLEAR,0,0,0,0,0,0,0,0,0,0
Adverse,BRIDGE,2027,NUCLEAR,0,0,0,0,0,0,0,0,0,0
Adverse,BRIDGE,2028,NUCLEAR,0,0,0,0,0,0,0,0,0,0
Adverse,BRIDGE,2029,NUCLEAR,0,0,0,0,0,0,0,0,0,0
Adverse,BRIDGE,2030,NUCLEAR,0,0,0,0,0,0,0,0,0,0
Adverse,BRIDGE,2031,NUCLEAR,0,0,0,0,0,0,0,0,0,0
Adverse,BRIDGE,2032,NUCLEAR,0,0,0,0,0,0,0,0,0,0
Adverse,BRIDGE,2033,NUCLEAR,0,0,0,0,0,0,0,0,0,0
Adverse,BRIDGE,2034,NUCLEAR,0,0,0,0,0,0,0,0,0,0
Adverse,BRIDGE,2035,NUCLEAR,0,0,0,0,0,0,0,0,0,0
Adverse,BRIDGE,2036,NUCLEAR,0,0,0,0,0,0,0,0,0,0
Adverse,BRIDGE,2037,NUCLEAR,0,0,0,0,0,0,0,0,0,0
Adverse,BRIDGE,2038,NUCLEAR,0,0,0,0,0,0,0,0,0,0
Adverse,BRIDGE,2039,NUCLEAR,0,0,0,0,0,0,0,0,0,0
Adverse,BRIDGE,2040,NUCLEAR,0,0,0,0,0,0,0,0,0,0
Adverse,BRIDGE,2041,NUCLEAR,0,0,0,0,0,0,0,0,0,0
Adverse,BRIDGE,2042,NUCLEAR,0,0,0,0,0,0,0,0,0,0
Adverse,BRIDGE,2043,NUCLEAR,0,0,0,0,0,0,0,0,0,0
Adverse,BRIDGE,2044,NUCLEAR,0,0,0,0,0,0,0,0,0,0
Adverse,BRIDGE,2045,NUCLEAR,0,0,0,0,0,0,0,0,0,0
Adverse,BRIDGE,2046,NUCLEAR,0,0,0,0,0,0,0,0,0,0
Adverse,BRIDGE,2047,NUCLEAR,0,0,0,0,0,0,0,0,0,0
Adverse,BRIDGE,2048,NUCLEAR,0,0,0,0,0,0,0,0,0,0
Adverse,BRIDGE,2049,NUCLEAR,0,0,0,0,0,0,0,0,0,0
Adverse,BRIDGE,2050,NUCLEAR,0,0,0,0,0,0,0,0,0,0
Adverse,BRIDGE,2025,PV,1190,1150,1150,1270,1150,1350,0,0,0,0
Adverse,BRIDGE,2026,PV,1190,1150,1150,1270,1150,1350,0,0,0,0
Adverse,BRIDGE,2027,PV,1190,1150,1150,1270,1150,1350,0,0,0,0
Adverse,BRIDGE,2028,PV,1190,1150,1150,1270,1150,1350,0,0,0,0
Adverse,BRIDGE,2029,PV,1190,1150,1150,1270,1150,1350,0,0,0,0
Adverse,BRIDGE,2030,PV,1190,1150,1150,1270,1150,1350,0,0,0,0
Adverse,BRIDGE,2031,PV,1940,1900,1900,2020,1900,2100,750,750,750,750
Adverse,BRIDGE,2032,PV,2590,2400,2650,2770,2400,2850,650,500,750,750
Adverse,BRIDGE,2033,PV,2590,2400,2650,2770,2400,2850,0,0,0,0
Adverse,BRIDGE,2034,PV,2590,2400,2650,2770,2400,2850,0,0,0,0
Adverse,BRIDGE,2035,PV,2590,2400,2650,2770,2400,2850,0,0,0,0
Adverse,BRIDGE,2036,PV,4940,4900,4900,5020,4900,5100,2350,2500,2250,2250
Adverse,BRIDGE,2037,PV,4940,4900,4900,5020,4900,5100,0,0,0,0
Adverse,BRIDGE,2038,PV,4940,4900,4900,5020,4900,5100,0,0,0,0
Adverse,BRIDGE,2039,PV,4940,4900,4900,5020,4900,5100,0,0,0,0
Adverse,BRIDGE,2040,PV,4940,4900,4900,5020,4900,5100,0,0,0,0
Adverse,BRIDGE,2041,PV,5418,5418,5418,5418,5418,5418,478,518,518,398
Adverse,BRIDGE,2042,PV,5418,5418,5418,5418,5418,5418,0,0,0,0
Adverse,BRIDGE,2043,PV,5418,5418,5418,5418,5418,5418,0,0,0,0
Adverse,BRIDGE,2044,PV,5418,5418,5418,5418,5418,5418,0,0,0,0
Adverse,BRIDGE,2045,PV,5368,5368,5368,5368,5368,5368,0,0,0,0
Adverse,BRIDGE,2046,PV,5368,5368,5368,5368,5368,5368,0,0,0,0
Adverse,BRIDGE,2047,PV,5368,5368,5368,5368,5368,5368,0,0,0,0
Adverse,BRIDGE,2048,PV,5368,5368,5368,5368,5368,5368,0,0,0,0
Adverse,BRIDGE,2049,PV,5368,5368,5368,5368,5368,5368,0,0,0,0
Adverse,BRIDGE,2050,PV,5368,5368,5368,5368,5368,5368,0,0,0,0
Adverse,BRIDGE,2025,WIND,407,375,375,455,375,455,0,0,0,0
Adverse,BRIDGE,2026,WIND,407,375,375,455,375,455,0,0,0,0
Adverse,BRIDGE,2027,WIND,532,500,500,580,500,580,125,125,125,125
Adverse,BRIDGE,2028,WIND,607,532,625,673,500,705,75,32,125,93
Adverse,BRIDGE,2029,WIND,607,532,625,673,500,705,0,0,0,0
Adverse,BRIDGE,2030,WIND,755,705,705,855,705,955,148,173,80,182
Adverse,BRIDGE,2031,WIND,1080,1080,1080,1080,1080,1080,325,375,375,225
Adverse,BRIDGE,2032,WIND,1205,1205,1205,1205,1205,1205,125,125,125,125
Adverse,BRIDGE,2033,WIND,1330,1330,1330,1330,1330,1330,125,125,125,125
Adverse,BRIDGE,2034,WIND,1455,1455,1455,1455,1455,1455,125,125,125,125
Adverse,BRIDGE,2035,WIND,1455,1455,1455,1455,1455,1455,0,0,0,0
Adverse,BRIDGE,2036,WIND,1580,1580,1580,1580,1580,1580,125,125,125,125
Adverse,BRIDGE,2037,WIND,1580,1580,1580,1580,1580,1580,0,0,0,0
Adverse,BRIDGE,2038,WIND,1580,1580,1580,1580,1580,1580,0,0,0,0
Adverse,BRIDGE,2039,WIND,1580,1580,1580,1580,1580,1580,0,0,0,0
Adverse,BRIDGE,2040,WIND,1580,1580,1580,1580,1580,1580,0,0,0,0
Adverse,BRIDGE,2041,WIND,1580,1580,1580,1580,1580,1580,0,0,0,0
Adverse,BRIDGE,2042,WIND,1580,1580,1580,1580,1580,1580,0,0,0,0
Adverse,BRIDGE,2043,WIND,1580,1580,1580,1580,1580,1580,0,0,0,0
Adverse,BRIDGE,2044,WIND,1580,1580,1580,1580,1580,1580,0,0,0,0
Adverse,BRIDGE,2045,WIND,1505,1505,1505,1505,1505,1505,0,0,0,0
Adverse,BRIDGE,2046,WIND,1505,1505,1505,1505,1505,1505,0,0,0,0
Adverse,BRIDGE,2047,WIND,1505,1505,1505,1505,1505,1505,0,0,0,0
Adverse,BRIDGE,2048,WIND,1505,1505,1505,1505,1505,1505,0,0,0,0
Adverse,BRIDGE,2049,WIND,1505,1505,1505,1505,1505,1505,0,0,0,0
Adverse,BRIDGE,2050,WIND,1505,1505,1505,1505,1505,1505,0,0,0,0
Adverse,NZT,2025,BIOENERGY,150,150,150,150,150,150,0,0,0,0
Adverse,NZT,2026,BIOENERGY,350,350,350,350,350,350,200,200,200,200
Adverse,NZT,2027,BIOENERGY,550,550,550,550,550,550,200,200,200,200
Adverse,NZT,2028,BIOENERGY,590,550,550,670,550,750,40,0,0,120
Adverse,NZT,2029,BIOENERGY,630,550,550,790,550,950,40,0,0,120
Adverse,NZT,2030,BIOENERGY,670,550,550,870,550,950,40,0,0,80
Adverse,NZT,2031,BIOENERGY,750,630,750,870,550,950,80,80,200,0
Adverse,NZT,2032,BIOENERGY,750,630,750,870,550,950,0,0,0,0
Adverse,NZT,2033,BIOENERGY,750,630,750,870,550,950,0,0,0,0
Adverse,NZT,2034,BIOENERGY,750,630,750,870,550,950,0,0,0,0
Adverse,NZT,2035,BIOENERGY,750,630,750,870,550,950,0,0,0,0
Adverse,NZT,2036,BIOENERGY,750,630,750,870,550,950,0,0,0,0
Adverse,NZT,2037,BIOENERGY,830,630,950,950,550,950,80,0,200,80
Adverse,NZT,2038,BIOENERGY,910,830,950,950,750,950,80,200,0,0
Adverse,NZT,2039,BIOENERGY,1070,950,1150,1150,950,1150,160,120,200,200
Adverse,NZT,2040,BIOENERGY,1110,1030,1150,1150,950,1150,40,80,0,0
Adverse,NZT,2041,BIOENERGY,1150,1150,1150,1150,1150,1150,40,120,0,0
Adverse,NZT,2042,BIOENERGY,1150,1150,1150,1150,1150,1150,0,0,0,0
Adverse,NZT,2043,BIOENERGY,1150,1150,1150,1150,1150,1150,0,0,0,0
Adverse,NZT,2044,BIOENERGY,1150,1150,1150,1150,1150,1150,0,0,0,0
Adverse,NZT,2045,BIOENERGY,1000,1000,1000,1000,1000,1000,0,0,0,0
Adverse,NZT,2046,BIOENERGY,1000,1000,1000,1000,1000,1000,0,0,0,0
Adverse,NZT,2047,BIOENERGY,1000,1000,1000,1000,1000,1000,0,0,0,0
Adverse,NZT,2048,BIOENERGY,1000,1000,1000,1000,1000,1000,0,0,0,0
Adverse,NZT,2049,BIOENERGY,1000,1000,1000,1000,1000,1000,0,0,0,0
Adverse,NZT,2050,BIOENERGY,1000,1000,1000,1000,1000,1000,0,0,0,0
Adverse,NZT,2025,DIESEL,850,850,850,850,850,850,0,0,0,0
Adverse,NZT,2026,DIESEL,850,850,850,850,850,850,0,0,0,0
Adverse,NZT,2027,DIESEL,850,850,850,850,850,850,0,0,0,0
Adverse,NZT,2028,DIESEL,850,850,850,850,850,850,0,0,0,0
Adverse,NZT,2029,DIESEL,850,850,850,850,850,850,0,0,0,0
Adverse,NZT,2030,DIESEL,850,850,850,850,850,850,0,0,0,0
Adverse,NZT,2031,DIESEL,850,850,850,850,850,850,0,0,0,0
Adverse,NZT,2032,DIESEL,850,850,850,850,850,850,0,0,0,0
Adverse,NZT,2033,DIESEL,850,850,850,850,850,850,0,0,0,0
Adverse,NZT,2034,DIESEL,850,850,850,850,850,850,0,0,0,0
Adverse,NZT,2035,DIESEL,550,550,550,550,550,550,0,0,0,0
Adverse,NZT,2036,DIESEL,550,550,550,550,550,550,0,0,0,0
Adverse,NZT,2037,DIESEL,550,550,550,550,550,550,0,0,0,0
Adverse,NZT,2038,DIESEL,550,550,550,550,550,550,0,0,0,0
Adverse,NZT,2039,DIESEL,550,550,550,550,550,550,0,0,0,0
Adverse,NZT,2040,DIESEL,300,300,300,300,300,300,0,0,0,0
Adverse,NZT,2041,DIESEL,300,300,300,300,300,300,0,0,0,0
Adverse,NZT,2042,DIESEL,300,300,300,300,300,300,0,0,0,0
Adverse,NZT,2043,DIESEL,300,300,300,300,300,300,0,0,0,0
Adverse,NZT,2044,DIESEL,300,300,300,300,300,300,0,0,0,0
Adverse,NZT,2045,DIESEL,0,0,0,0,0,0,0,0,0,0
Adverse,NZT,2046,DIESEL,0,0,0,0,0,0,0,0,0,0
Adverse,NZT,2047,DIESEL,0,0,0,0,0,0,0,0,0,0
Adverse,NZT,2048,DIESEL,0,0,0,0,0,0,0,0,0,0
Adverse,NZT,2049,DIESEL,0,0,0,0,0,0,0,0,0,0
Adverse,NZT,2050,DIESEL,0,0,0,0,0,0,0,0,0,0
Adverse,NZT,2025,FUEL OIL,1420,1420,1420,1420,1420,1420,0,0,0,0
Adverse,NZT,2026,FUEL OIL,1420,1420,1420,1420,1420,1420,0,0,0,0
Adverse,NZT,2027,FUEL OIL,1420,1420,1420,1420,1420,1420,0,0,0,0
Adverse,NZT,2028,FUEL OIL,1420,1420,1420,1420,1420,1420,0,0,0,0
Adverse,NZT,2029,FUEL OIL,820,820,820,820,820,820,0,0,0,0
Adverse,NZT,2030,FUEL OIL,720,720,720,720,720,720,0,0,0,0
Adverse,NZT,2031,FUEL OIL,720,720,720,720,720,720,0,0,0,0
Adverse,NZT,2032,FUEL OIL,720,720,720,720,720,720,0,0,0,0
Adverse,NZT,2033,FUEL OIL,720,720,720,720,720,720,0,0,0,0
Adverse,NZT,2034,FUEL OIL,720,720,720,720,720,720,0,0,0,0
Adverse,NZT,2035,FUEL OIL,720,720,720,720,720,720,0,0,0,0
Adverse,NZT,2036,FUEL OIL,720,720,720,720,720,720,0,0,0,0
Adverse,NZT,2037,FUEL OIL,720,720,720,720,720,720,0,0,0,0
Adverse,NZT,2038,FUEL OIL,720,720,720,720,720,720,0,0,0,0
Adverse,NZT,2039,FUEL OIL,720,720,720,720,720,720,0,0,0,0
Adverse,NZT,2040,FUEL OIL,720,720,720,720,720,720,0,0,0,0
Adverse,NZT,2041,FUEL OIL,720,720,720,720,720,720,0,0,0,0
Adverse,NZT,2042,FUEL OIL,720,720,720,720,720,720,0,0,0,0
Adverse,NZT,2043,FUEL OIL,720,720,720,720,720,720,0,0,0,0
Adverse,NZT,2044,FUEL OIL,720,720,720,720,720,720,0,0,0,0
Adverse,NZT,2045,FUEL OIL,0,0,0,0,0,0,0,0,0,0
Adverse,NZT,2046,FUEL OIL,0,0,0,0,0,0,0,0,0,0
Adverse,NZT,2047,FUEL OIL,0,0,0,0,0,0,0,0,0,0
Adverse,NZT,2048,FUEL OIL,0,0,0,0,0,0,0,0,0,0
Adverse,NZT,2049,FUEL OIL,0,0,0,0,0,0,0,0,0,0
Adverse,NZT,2050,FUEL OIL,0,0,0,0,0,0,0,0,0,0
Adverse,NZT,2025,GAS,475.36,475.36,475.36,475.36,475.36,475.36,0,0,0,0
Adverse,NZT,2026,GAS,475.36,475.36,475.36,475.36,475.36,475.36,0,0,0,0
Adverse,NZT,2027,GAS,475.36,475.36,475.36,475.36,475.36,475.36,0,0,0,0
Adverse,NZT,2028,GAS,795.36,635.36,875.36,875.36,475.36,875.36,320,160,400,400
Adverse,NZT,2029,GAS,795.36,635.36,875.36,875.36,475.36,875.36,0,0,0,0
Adverse,NZT,2030,GAS,1095.36,935.36,1175.36,1175.36,775.36,1175.36,300,300,300,300
Adverse,NZT,2031,GAS,1095.36,935.36,1175.36,1175.36,775.36,1175.36,0,0,0,0
Adverse,NZT,2032,GAS,1095.36,935.36,1175.36,1175.36,775.36,1175.36,0,0,0,0
Adverse,NZT,2033,GAS,1095.36,935.36,1175.36,1175.36,775.36,1175.36,0,0,0,0
Adverse,NZT,2034,GAS,1095.36,935.36,1175.36,1175.36,775.36,1175.36,0,0,0,0
Adverse,NZT,2035,GAS,1095.36,935.36,1175.36,1175.36,775.36,1175.36,0,0,0,0
Adverse,NZT,2036,GAS,1175.36,1175.36,1175.36,1175.36,1175.36,1175.36,80,240,0,0
Adverse,NZT,2037,GAS,1175.36,1175.36,1175.36,1175.36,1175.36,1175.36,0,0,0,0
Adverse,NZT,2038,GAS,1175.36,1175.36,1175.36,1175.36,1175.36,1175.36,0,0,0,0
Adverse,NZT,2039,GAS,1175.36,1175.36,1175.36,1175.36,1175.36,1175.36,0,0,0,0
Adverse,NZT,2040,GAS,1175.36,1175.36,1175.36,1175.36,1175.36,1175.36,0,0,0,0
Adverse,NZT,2041,GAS,1175.36,1175.36,1175.36,1175.36,1175.36,1175.36,0,0,0,0
Adverse,NZT,2042,GAS,1175.36,1175.36,1175.36,1175.36,1175.36,1175.36,0,0,0,0
Adverse,NZT,2043,GAS,1175.36,1175.36,1175.36,1175.36,1175.36,1175.36,0,0,0,0
Adverse,NZT,2044,GAS,1175.36,1175.36,1175.36,1175.36,1175.36,1175.36,0,0,0,0
Adverse,NZT,2045,GAS,820,700,700,1060,700,1300,0,0,0,0
Adverse,NZT,2046,GAS,820,700,700,1060,700,1300,0,0,0,0
Adverse,NZT,2047,GAS,880,700,700,1240,700,1600,60,0,0,180
Adverse,NZT,2048,GAS,880,700,700,1240,700,1600,0,0,0,0
Adverse,NZT,2049,GAS,1060,820,1000,1360,700,1600,180,120,300,120
Adverse,NZT,2050,GAS,1060,820,1000,1360,700,1600,0,0,0,0
Adverse,NZT,2025,GEOTHERMAL,0,0,0,0,0,0,0,0,0,0
Adverse,NZT,2026,GEOTHERMAL,200,200,200,200,200,200,200,200,200,200
Adverse,NZT,2027,GEOTHERMAL,400,400,400,400,400,400,200,200,200,200
Adverse,NZT,2028,GEOTHERMAL,600,600,600,600,600,600,200,200,200,200
Adverse,NZT,2029,GEOTHERMAL,1000,1000,1000,1000,1000,1000,400,400,400,400
Adverse,NZT,2030,GEOTHERMAL,1000,1000,1000,1000,1000,1000,0,0,0,0
Adverse,NZT,2031,GEOTHERMAL,1000,1000,1000,1000,1000,1000,0,0,0,0
Adverse,NZT,2032,GEOTHERMAL,1000,1000,1000,1000,1000,1000,0,0,0,0
Adverse,NZT,2033,GEOTHERMAL,1000,1000,1000,1000,1000,1000,0,0,0,0
Adverse,NZT,2034,GEOTHERMAL,1000,1000,1000,1000,1000,1000,0,0,0,0
Adverse,NZT,2035,GEOTHERMAL,1000,1000,1000,1000,1000,1000,0,0,0,0
Adverse,NZT,2036,GEOTHERMAL,1000,1000,1000,1000,1000,1000,0,0,0,0
Adverse,NZT,2037,GEOTHERMAL,1000,1000,1000,1000,1000,1000,0,0,0,0
Adverse,NZT,2038,GEOTHERMAL,1000,1000,1000,1000,1000,1000,0,0,0,0
Adverse,NZT,2039,GEOTHERMAL,1000,1000,1000,1000,1000,1000,0,0,0,0
Adverse,NZT,2040,GEOTHERMAL,1000,1000,1000,1000,1000,1000,0,0,0,0
Adverse,NZT,2041,GEOTHERMAL,1000,1000,1000,1000,1000,1000,0,0,0,0
Adverse,NZT,2042,GEOTHERMAL,1000,1000,1000,1000,1000,1000,0,0,0,0
Adverse,NZT,2043,GEOTHERMAL,1000,1000,1000,1000,1000,1000,0,0,0,0
Adverse,NZT,2044,GEOTHERMAL,1000,1000,1000,1000,1000,1000,0,0,0,0
Adverse,NZT,2045,GEOTHERMAL,1000,1000,1000,1000,1000,1000,0,0,0,0
Adverse,NZT,2046,GEOTHERMAL,1000,1000,1000,1000,1000,1000,0,0,0,0
Adverse,NZT,2047,GEOTHERMAL,1000,1000,1000,1000,1000,1000,0,0,0,0
Adverse,NZT,2048,GEOTHERMAL,1000,1000,1000,1000,1000,1000,0,0,0,0
Adverse,NZT,2049,GEOTHERMAL,1000,1000,1000,1000,1000,1000,0,0,0,0
Adverse,NZT,2050,GEOTHERMAL,1000,1000,1000,1000,1000,1000,0,0,0,0
Adverse,NZT,2025,HYDRO,5258,5258,5258,5258,5258,5258,0,0,0,0
Adverse,NZT,2026,HYDRO,5757,5757,5757,5757,5757,5757,499,499,499,499
Adverse,NZT,2027,HYDRO,6157,6157,6157,6157,6157,6157,400,400,400,400
Adverse,NZT,2028,HYDRO,6187,6157,6157,6247,6157,6307,30,0,0,90
Adverse,NZT,2029,HYDRO,6217,6157,6157,6307,6157,6307,30,0,0,60
Adverse,NZT,2030,HYDRO,6217,6157,6157,6307,6157,6307,0,0,0,0
Adverse,NZT,2031,HYDRO,6487,6217,6307,6937,6157,7357,270,60,150,630
Adverse,NZT,2032,HYDRO,6487,6217,6307,6937,6157,7357,0,0,0,0
Adverse,NZT,2033,HYDRO,6487,6217,6307,6937,6157,7357,0,0,0,0
Adverse,NZT,2034,HYDRO,6487,6217,6307,6937,6157,7357,0,0,0,0
Adverse,NZT,2035,HYDRO,6487,6217,6307,6937,6157,7357,0,0,0,0
Adverse,NZT,2036,HYDRO,6607,6217,6607,7057,6157,7357,120,0,300,120
Adverse,NZT,2037,HYDRO,6877,6607,6907,7177,6607,7357,270,390,300,120
Adverse,NZT,2038,HYDRO,7237,7027,7207,7477,6907,7657,360,420,300,300
Adverse,NZT,2039,HYDRO,7837,7507,7807,8227,7507,8407,600,480,600,750
Adverse,NZT,2040,HYDRO,8257,8107,8107,8497,8107,8557,420,600,300,270
Adverse,NZT,2041,HYDRO,9035,8825,9002,9247,8707,9307,778,718,895,750
Adverse,NZT,2042,HYDRO,9484,9302,9602,9607,9302,9607,449,477,600,360
Adverse,NZT,2043,HYDRO,10083,9662,10202,10384,9302,10502,599,360,600,777
Adverse,NZT,2044,HYDRO,10802,10322,10802,11282,10202,11402,719,660,600,898
Adverse,NZT,2045,HYDRO,11642,10922,12002,12182,10802,12302,840,600,1200,900
Adverse,NZT,2046,HYDRO,12122,12002,12002,12302,12002,12302,480,1080,0,120
Adverse,NZT,2047,HYDRO,12242,12122,12302,12302,12002,12302,120,120,300,0
Adverse,NZT,2048,HYDRO,12242,12122,12302,12302,12002,12302,0,0,0,0
Adverse,NZT,2049,HYDRO,12242,12122,12302,12302,12002,12302,0,0,0,0
Adverse,NZT,2050,HYDRO,12242,12122,12302,12302,12002,12302,0,0,0,0
Adverse,NZT,2025,NUCLEAR,0,0,0,0,0,0,0,0,0,0
Adverse,NZT,2026,NUCLEAR,0,0,0,0,0,0,0,0,0,0
Adverse,NZT,2027,NUCLEAR,0,0,0,0,0,0,0,0,0,0
Adverse,NZT,2028,NUCLEAR,0,0,0,0,0,0,0,0,0,0
Adverse,NZT,2029,NUCLEAR,0,0,0,0,0,0,0,0,0,0
Adverse,NZT,2030,NUCLEAR,0,0,0,0,0,0,0,0,0,0
Adverse,NZT,2031,NUCLEAR,0,0,0,0,0,0,0,0,0,0
Adverse,NZT,2032,NUCLEAR,0,0,0,0,0,0,0,0,0,0
Adverse,NZT,2033,NUCLEAR,0,0,0,0,0,0,0,0,0,0
Adverse,NZT,2034,NUCLEAR,0,0,0,0,0,0,0,0,0,0
Adverse,NZT,2035,NUCLEAR,0,0,0,0,0,0,0,0,0,0
Adverse,NZT,2036,NUCLEAR,0,0,0,0,0,0,0,0,0,0
Adverse,NZT,2037,NUCLEAR,0,0,0,0,0,0,0,0,0,0
Adverse,NZT,2038,NUCLEAR,0,0,0,0,0,0,0,0,0,0
Adverse,NZT,2039,NUCLEAR,0,0,0,0,0,0,0,0,0,0
Adverse,NZT,2040,NUCLEAR,0,0,0,0,0,0,0,0,0,0
Adverse,NZT,2041,NUCLEAR,0,0,0,0,0,0,0,0,0,0
Adverse,NZT,2042,NUCLEAR,0,0,0,0,0,0,0,0,0,0
Adverse,NZT,2043,NUCLEAR,100,0,0,300,0,500,100,0,0,300
Adverse,NZT,2044,NUCLEAR,200,0,0,500,0,500,100,0,0,200
Adverse,NZT,2045,NUCLEAR,300,0,500,500,0,500,100,0,500,0
Adverse,NZT,2046,NUCLEAR,400,200,500,500,0,500,100,200,0,0
Adverse,NZT,2047,NUCLEAR,400,200,500,500,0,500,0,0,0,0
Adverse,NZT,2048,NUCLEAR,400,200,500,500,0,500,0,0,0,0
Adverse,NZT,2049,NUCLEAR,400,200,500,500,0,500,0,0,0,0
Adverse,NZT,2050,NUCLEAR,400,200,500,500,0,500,0,0,0,0
Adverse,NZT,2025,PV,1350,1350,1350,1350,1350,1350,0,0,0,0
Adverse,NZT,2026,PV,1668,1668,1668,1668,1668,1668,318,318,318,318
Adverse,NZT,2027,PV,1918,1918,1918,1918,1918,1918,250,250,250,250
Adverse,NZT,2028,PV,2168,2168,2168,2168,2168,2168,250,250,250,250
Adverse,NZT,2029,PV,2418,2418,2418,2418,2418,2418,250,250,250,250
Adverse,NZT,2030,PV,2418,2418,2418,2418,2418,2418,0,0,0,0
Adverse,NZT,2031,PV,2418,2418,2418,2418,2418,2418,0,0,0,0
Adverse,NZT,2032,PV,3168,3168,3168,3168,3168,3168,750,750,750,750
Adverse,NZT,2033,PV,4168,4168,4168,4168,4168,4168,1000,1000,1000,1000
Adverse,NZT,2034,PV,4918,4918,4918,4918,4918,4918,750,750,750,750
Adverse,NZT,2035,PV,5168,5168,5168,5168,5168,5168,250,250,250,250
Adverse,NZT,2036,PV,5418,5418,5418,5418,5418,5418,250,250,250,250
Adverse,NZT,2037,PV,5418,5418,5418,5418,5418,5418,0,0,0,0
Adverse,NZT,2038,PV,5418,5418,5418,5418,5418,5418,0,0,0,0
Adverse,NZT,2039,PV,5418,5418,5418,5418,5418,5418,0,0,0,0
Adverse,NZT,2040,PV,5418,5418,5418,5418,5418,5418,0,0,0,0
Adverse,NZT,2041,PV,5418,5418,5418,5418,5418,5418,0,0,0,0
Adverse,NZT,2042,PV,5418,5418,5418,5418,5418,5418,0,0,0,0
Adverse,NZT,2043,PV,5418,5418,5418,5418,5418,5418,0,0,0,0
Adverse,NZT,2044,PV,5418,5418,5418,5418,5418,5418,0,0,0,0
Adverse,NZT,2045,PV,5368,5368,5368,5368,5368,5368,0,0,0,0
Adverse,NZT,2046,PV,5368,5368,5368,5368,5368,5368,0,0,0,0
Adverse,NZT,2047,PV,5368,5368,5368,5368,5368,5368,0,0,0,0
Adverse,NZT,2048,PV,5368,5368,5368,5368,5368,5368,0,0,0,0
Adverse,NZT,2049,PV,5368,5368,5368,5368,5368,5368,0,0,0,0
Adverse,NZT,2050,PV,5368,5368,5368,5368,5368,5368,0,0,0,0
Adverse,NZT,2025,WIND,455,455,455,455,455,455,0,0,0,0
Adverse,NZT,2026,WIND,455,455,455,455,455,455,0,0,0,0
Adverse,NZT,2027,WIND,580,580,580,580,580,580,125,125,125,125
Adverse,NZT,2028,WIND,705,705,705,705,705,705,125,125,125,125
Adverse,NZT,2029,WIND,830,830,830,830,830,830,125,125,125,125
Adverse,NZT,2030,WIND,955,955,955,955,955,955,125,125,125,125
Adverse,NZT,2031,WIND,1080,1080,1080,1080,1080,1080,125,125,125,125
Adverse,NZT,2032,WIND,1205,1205,1205,1205,1205,1205,125,125,125,125
Adverse,NZT,2033,WIND,1330,1330,1330,1330,1330,1330,125,125,125,125
Adverse,NZT,2034,WIND,1455,1455,1455,1455,1455,1455,125,125,125,125
Adverse,NZT,2035,WIND,1455,1455,1455,1455,1455,1455,0,0,0,0
Adverse,NZT,2036,WIND,1580,1580,1580,1580,1580,1580,125,125,125,125
Adverse,NZT,2037,WIND,1580,1580,1580,1580,1580,1580,0,0,0,0
Adverse,NZT,2038,WIND,1580,1580,1580,1580,1580,1580,0,0,0,0
Adverse,NZT,2039,WIND,1580,1580,1580,1580,1580,1580,0,0,0,0
Adverse,NZT,2040,WIND,1580,1580,1580,1580,1580,1580,0,0,0,0
Adverse,NZT,2041,WIND,1580,1580,1580,1580,1580,1580,0,0,0,0
Adverse,NZT,2042,WIND,1580,1580,1580,1580,1580,1580,0,0,0,0
Adverse,NZT,2043,WIND,1580,1580,1580,1580,1580,1580,0,0,0,0
Adverse,NZT,2044,WIND,1580,1580,1580,1580,1580,1580,0,0,0,0
Adverse,NZT,2045,WIND,1505,1505,1505,1505,1505,1505,0,0,0,0
Adverse,NZT,2046,WIND,1505,1505,1505,1505,1505,1505,0,0,0,0
Adverse,NZT,2047,WIND,1505,1505,1505,1505,1505,1505,0,0,0,0
Adverse,NZT,2048,WIND,1505,1505,1505,1505,1505,1505,0,0,0,0
Adverse,NZT,2049,WIND,1505,1505,1505,1505,1505,1505,0,0,0,0
Adverse,NZT,2050,WIND,1505,1505,1505,1505,1505,1505,0,0,0,0
Adverse,REF,2025,BIOENERGY,150,150,150,150,150,150,0,0,0,0
Adverse,REF,2026,BIOENERGY,150,150,150,150,150,150,0,0,0,0
Adverse,REF,2027,BIOENERGY,150,150,150,150,150,150,0,0,0,0
Adverse,REF,2028,BIOENERGY,150,150,150,150,150,150,0,0,0,0
Adverse,REF,2029,BIOENERGY,150,150,150,150,150,150,0,0,0,0
Adverse,REF,2030,BIOENERGY,150,150,150,150,150,150,0,0,0,0
Adverse,REF,2031,BIOENERGY,150,150,150,150,150,150,0,0,0,0
Adverse,REF,2032,BIOENERGY,150,150,150,150,150,150,0,0,0,0
Adverse,REF,2033,BIOENERGY,150,150,150,150,150,150,0,0,0,0
Adverse,REF,2034,BIOENERGY,150,150,150,150,150,150,0,0,0,0
Adverse,REF,2035,BIOENERGY,150,150,150,150,150,150,0,0,0,0
Adverse,REF,2036,BIOENERGY,150,150,150,150,150,150,0,0,0,0
Adverse,REF,2037,BIOENERGY,150,150,150,150,150,150,0,0,0,0
Adverse,REF,2038,BIOENERGY,150,150,150,150,150,150,0,0,0,0
Adverse,REF,2039,BIOENERGY,150,150,150,150,150,150,0,0,0,0
Adverse,REF,2040,BIOENERGY,150,150,150,150,150,150,0,0,0,0
Adverse,REF,2041,BIOENERGY,150,150,150,150,150,150,0,0,0,0
Adverse,REF,2042,BIOENERGY,150,150,150,150,150,150,0,0,0,0
Adverse,REF,2043,BIOENERGY,150,150,150,150,150,150,0,0,0,0
Adverse,REF,2044,BIOENERGY,150,150,150,150,150,150,0,0,0,0
Adverse,REF,2045,BIOENERGY,40,0,0,120,0,200,0,0,0,0
Adverse,REF,2046,BIOENERGY,40,0,0,120,0,200,0,0,0,0
Adverse,REF,2047,BIOENERGY,40,0,0,120,0,200,0,0,0,0
Adverse,REF,2048,BIOENERGY,40,0,0,120,0,200,0,0,0,0
Adverse,REF,2049,BIOENERGY,40,0,0,120,0,200,0,0,0,0
Adverse,REF,2050,BIOENERGY,40,0,0,120,0,200,0,0,0,0
Adverse,REF,2025,DIESEL,850,850,850,850,850,850,0,0,0,0
Adverse,REF,2026,DIESEL,850,850,850,850,850,850,0,0,0,0
Adverse,REF,2027,DIESEL,850,850,850,850,850,850,0,0,0,0
Adverse,REF,2028,DIESEL,850,850,850,850,850,850,0,0,0,0
Adverse,REF,2029,DIESEL,850,850,850,850,850,850,0,0,0,0
Adverse,REF,2030,DIESEL,850,850,850,850,850,850,0,0,0,0
Adverse,REF,2031,DIESEL,850,850,850,850,850,850,0,0,0,0
Adverse,REF,2032,DIESEL,850,850,850,850,850,850,0,0,0,0
Adverse,REF,2033,DIESEL,850,850,850,850,850,850,0,0,0,0
Adverse,REF,2034,DIESEL,850,850,850,850,850,850,0,0,0,0
Adverse,REF,2035,DIESEL,550,550,550,550,550,550,0,0,0,0
Adverse,REF,2036,DIESEL,550,550,550,550,550,550,0,0,0,0
Adverse,REF,2037,DIESEL,550,550,550,550,550,550,0,0,0,0
Adverse,REF,2038,DIESEL,550,550,550,550,550,550,0,0,0,0
Adverse,REF,2039,DIESEL,550,550,550,550,550,550,0,0,0,0
Adverse,REF,2040,DIESEL,300,300,300,300,300,300,0,0,0,0
Adverse,REF,2041,DIESEL,300,300,300,300,300,300,0,0,0,0
Adverse,REF,2042,DIESEL,300,300,300,300,300,300,0,0,0,0
Adverse,REF,2043,DIESEL,300,300,300,300,300,300,0,0,0,0
Adverse,REF,2044,DIESEL,300,300,300,300,300,300,0,0,0,0
Adverse,REF,2045,DIESEL,0,0,0,0,0,0,0,0,0,0
Adverse,REF,2046,DIESEL,0,0,0,0,0,0,0,0,0,0
Adverse,REF,2047,DIESEL,0,0,0,0,0,0,0,0,0,0
Adverse,REF,2048,DIESEL,0,0,0,0,0,0,0,0,0,0
Adverse,REF,2049,DIESEL,0,0,0,0,0,0,0,0,0,0
Adverse,REF,2050,DIESEL,0,0,0,0,0,0,0,0,0,0
Adverse,REF,2025,FUEL OIL,2680,2620,2620,2800,2620,2920,0,0,0,0
Adverse,REF,2026,FUEL OIL,2680,2620,2620,2800,2620,2920,0,0,0,0
Adverse,REF,2027,FUEL OIL,2680,2620,2620,2800,2620,2920,0,0,0,0
Adverse,REF,2028,FUEL OIL,2860,2740,2920,2920,2620,2920,180,120,300,120
Adverse,REF,2029,FUEL OIL,2320,2320,2320,2320,2320,2320,0,0,0,0
Adverse,REF,2030,FUEL OIL,2220,2220,2220,2220,2220,2220,0,0,0,0
Adverse,REF,2031,FUEL OIL,2220,2220,2220,2220,2220,2220,0,0,0,0
Adverse,REF,2032,FUEL OIL,2220,2220,2220,2220,2220,2220,0,0,0,0
Adverse,REF,2033,FUEL OIL,2220,2220,2220,2220,2220,2220,0,0,0,0
Adverse,REF,2034,FUEL OIL,2220,2220,2220,2220,2220,2220,0,0,0,0
Adverse,REF,2035,FUEL OIL,2220,2220,2220,2220,2220,2220,0,0,0,0
Adverse,REF,2036,FUEL OIL,2220,2220,2220,2220,2220,2220,0,0,0,0
Adverse,REF,2037,FUEL OIL,2220,2220,2220,2220,2220,2220,0,0,0,0
Adverse,REF,2038,FUEL OIL,2220,2220,2220,2220,2220,2220,0,0,0,0
Adverse,REF,2039,FUEL OIL,2220,2220,2220,2220,2220,2220,0,0,0,0
Adverse,REF,2040,FUEL OIL,2220,2220,2220,2220,2220,2220,0,0,0,0
Adverse,REF,2041,FUEL OIL,2220,2220,2220,2220,2220,2220,0,0,0,0
Adverse,REF,2042,FUEL OIL,2220,2220,2220,2220,2220,2220,0,0,0,0
Adverse,REF,2043,FUEL OIL,2220,2220,2220,2220,2220,2220,0,0,0,0
Adverse,REF,2044,FUEL OIL,2220,2220,2220,2220,2220,2220,0,0,0,0
Adverse,REF,2045,FUEL OIL,1500,1500,1500,1500,1500,1500,0,0,0,0
Adverse,REF,2046,FUEL OIL,1500,1500,1500,1500,1500,1500,0,0,0,0
Adverse,REF,2047,FUEL OIL,1500,1500,1500,1500,1500,1500,0,0,0,0
Adverse,REF,2048,FUEL OIL,1500,1500,1500,1500,1500,1500,0,0,0,0
Adverse,REF,2049,FUEL OIL,1500,1500,1500,1500,1500,1500,0,0,0,0
Adverse,REF,2050,FUEL OIL,1500,1500,1500,1500,1500,1500,0,0,0,0
Adverse,REF,2025,GAS,475.36,475.36,475.36,475.36,475.36,475.36,0,0,0,0
Adverse,REF,2026,GAS,475.36,475.36,475.36,475.36,475.36,475.36,0,0,0,0
Adverse,REF,2027,GAS,475.36,475.36,475.36,475.36,475.36,475.36,0,0,0,0
Adverse,REF,2028,GAS,475.36,475.36,475.36,475.36,475.36,475.36,0,0,0,0
Adverse,REF,2029,GAS,795.36,635.36,875.36,875.36,475.36,875.36,320,160,400,400
Adverse,REF,2030,GAS,795.36,635.36,875.36,875.36,475.36,875.36,0,0,0,0
Adverse,REF,2031,GAS,795.36,635.36,875.36,875.36,475.36,875.36,0,0,0,0
Adverse,REF,2032,GAS,915.36,635.36,875.36,1235.36,475.36,1475.36,120,0,0,360
Adverse,REF,2033,GAS,1035.36,635.36,875.36,1595.36,475.36,2075.36,120,0,0,360
Adverse,REF,2034,GAS,1095.36,635.36,875.36,1775.36,475.36,2375.36,60,0,0,180
Adverse,REF,2035,GAS,1095.36,635.36,875.36,1775.36,475.36,2375.36,0,0,0,0
Adverse,REF,2036,GAS,1095.36,635.36,875.36,1775.36,475.36,2375.36,0,0,0,0
Adverse,REF,2037,GAS,1155.36,635.36,875.36,1895.36,475.36,2375.36,60,0,0,120
Adverse,REF,2038,GAS,1155.36,635.36,875.36,1895.36,475.36,2375.36,0,0,0,0
Adverse,REF,2039,GAS,1155.36,635.36,875.36,1895.36,475.36,2375.36,0,0,0,0
Adverse,REF,2040,GAS,1215.36,635.36,1175.36,1895.36,475.36,2375.36,60,0,300,0
Adverse,REF,2041,GAS,1215.36,635.36,1175.36,1895.36,475.36,2375.36,0,0,0,0
Adverse,REF,2042,GAS,1215.36,635.36,1175.36,1895.36,475.36,2375.36,0,0,0,0
Adverse,REF,2043,GAS,1395.36,635.36,1475.36,2135.36,475.36,2375.36,180,0,300,240
Adverse,REF,2044,GAS,1515.36,955.36,1475.36,2135.36,875.36,2375.36,120,320,0,0
Adverse,REF,2045,GAS,1840,1720,1900,1900,1600,1900,324.64,764.64,424.64,0
Adverse,REF,2046,GAS,1840,1720,1900,1900,1600,1900,0,0,0,0
Adverse,REF,2047,GAS,1900,1900,1900,1900,1900,1900,60,180,0,0
Adverse,REF,2048,GAS,1900,1900,1900,1900,1900,1900,0,0,0,0
Adverse,REF,2049,GAS,1900,1900,1900,1900,1900,1900,0,0,0,0
Adverse,REF,2050,GAS,1900,1900,1900,1900,1900,1900,0,0,0,0
Adverse,REF,2025,GEOTHERMAL,0,0,0,0,0,0,0,0,0,0
Adverse,REF,2026,GEOTHERMAL,200,200,200,200,200,200,200,200,200,200
Adverse,REF,2027,GEOTHERMAL,320,200,400,400,200,400,120,0,200,200
Adverse,REF,2028,GEOTHERMAL,440,200,600,600,200,600,120,0,200,200
Adverse,REF,2029,GEOTHERMAL,440,200,600,600,200,600,0,0,0,0
Adverse,REF,2030,GEOTHERMAL,520,400,600,600,400,600,80,200,0,0
Adverse,REF,2031,GEOTHERMAL,640,480,600,800,400,800,120,80,0,200
Adverse,REF,2032,GEOTHERMAL,640,480,600,800,400,800,0,0,0,0
Adverse,REF,2033,GEOTHERMAL,640,480,600,800,400,800,0,0,0,0
Adverse,REF,2034,GEOTHERMAL,680,480,800,800,400,800,40,0,200,0
Adverse,REF,2035,GEOTHERMAL,680,480,800,800,400,800,0,0,0,0
Adverse,REF,2036,GEOTHERMAL,720,480,800,920,400,1000,40,0,0,120
Adverse,REF,2037,GEOTHERMAL,720,480,800,920,400,1000,0,0,0,0
Adverse,REF,2038,GEOTHERMAL,720,480,800,920,400,1000,0,0,0,0
Adverse,REF,2039,GEOTHERMAL,720,480,800,920,400,1000,0,0,0,0
Adverse,REF,2040,GEOTHERMAL,720,480,800,920,400,1000,0,0,0,0
Adverse,REF,2041,GEOTHERMAL,960,880,1000,1000,800,1000,240,400,200,80
Adverse,REF,2042,GEOTHERMAL,960,880,1000,1000,800,1000,0,0,0,0
Adverse,REF,2043,GEOTHERMAL,960,880,1000,1000,800,1000,0,0,0,0
Adverse,REF,2044,GEOTHERMAL,960,880,1000,1000,800,1000,0,0,0,0
Adverse,REF,2045,GEOTHERMAL,1000,1000,1000,1000,1000,1000,40,120,0,0
Adverse,REF,2046,GEOTHERMAL,1000,1000,1000,1000,1000,1000,0,0,0,0
Adverse,REF,2047,GEOTHERMAL,1000,1000,1000,1000,1000,1000,0,0,0,0
Adverse,REF,2048,GEOTHERMAL,1000,1000,1000,1000,1000,1000,0,0,0,0
Adverse,REF,2049,GEOTHERMAL,1000,1000,1000,1000,1000,1000,0,0,0,0
Adverse,REF,2050,GEOTHERMAL,1000,1000,1000,1000,1000,1000,0,0,0,0
Adverse,REF,2025,HYDRO,5258,5258,5258,5258,5258,5258,0,0,0,0
Adverse,REF,2026,HYDRO,5757,5757,5757,5757,5757,5757,499,499,499,499
Adverse,REF,2027,HYDRO,6157,6157,6157,6157,6157,6157,400,400,400,400
Adverse,REF,2028,HYDRO,6307,6307,6307,6307,6307,6307,150,150,150,150
Adverse,REF,2029,HYDRO,6307,6307,6307,6307,6307,6307,0,0,0,0
Adverse,REF,2030,HYDRO,8102,8102,8102,8102,8102,8102,1795,1795,1795,1795
Adverse,REF,2031,HYDRO,8102,8102,8102,8102,8102,8102,0,0,0,0
Adverse,REF,2032,HYDRO,9362,8942,9602,9602,8702,9602,1260,840,1500,1500
Adverse,REF,2033,HYDRO,9722,9242,9902,10082,9002,10202,360,300,300,480
Adverse,REF,2034,HYDRO,10142,9662,10202,10562,9302,10802,420,420,300,480
Adverse,REF,2035,HYDRO,10382,9842,10202,11042,9602,11402,240,180,0,480
Adverse,REF,2036,HYDRO,10742,10142,10502,11582,9902,12302,360,300,300,540
Adverse,REF,2037,HYDRO,10982,10142,10802,11942,9902,12302,240,0,300,360
Adverse,REF,2038,HYDRO,11102,10262,11102,11942,9902,12302,120,120,300,0
Adverse,REF,2039,HYDRO,11102,10262,11102,11942,9902,12302,0,0,0,0
Adverse,REF,2040,HYDRO,11222,10262,11402,12062,9902,12302,120,0,300,120
Adverse,REF,2041,HYDRO,11222,10262,11402,12062,9902,12302,0,0,0,0
Adverse,REF,2042,HYDRO,11222,10262,11402,12062,9902,12302,0,0,0,0
Adverse,REF,2043,HYDRO,11222,10262,11402,12062,9902,12302,0,0,0,0
Adverse,REF,2044,HYDRO,11222,10262,11402,12062,9902,12302,0,0,0,0
Adverse,REF,2045,HYDRO,11402,10742,11402,12062,10502,12302,180,480,0,0
Adverse,REF,2046,HYDRO,11402,10742,11402,12062,10502,12302,0,0,0,0
Adverse,REF,2047,HYDRO,11402,10742,11402,12062,10502,12302,0,0,0,0
Adverse,REF,2048,HYDRO,11402,10742,11402,12062,10502,12302,0,0,0,0
Adverse,REF,2049,HYDRO,11402,10742,11402,12062,10502,12302,0,0,0,0
Adverse,REF,2050,HYDRO,11462,10742,11402,12182,10502,12302,60,0,0,120
Adverse,REF,2025,NUCLEAR,0,0,0,0,0,0,0,0,0,0
Adverse,REF,2026,NUCLEAR,0,0,0,0,0,0,0,0,0,0
Adverse,REF,2027,NUCLEAR,0,0,0,0,0,0,0,0,0,0
Adverse,REF,2028,NUCLEAR,0,0,0,0,0,0,0,0,0,0
Adverse,REF,2029,NUCLEAR,0,0,0,0,0,0,0,0,0,0
Adverse,REF,2030,NUCLEAR,0,0,0,0,0,0,0,0,0,0
Adverse,REF,2031,NUCLEAR,0,0,0,0,0,0,0,0,0,0
Adverse,REF,2032,NUCLEAR,0,0,0,0,0,0,0,0,0,0
Adverse,REF,2033,NUCLEAR,0,0,0,0,0,0,0,0,0,0
Adverse,REF,2034,NUCLEAR,0,0,0,0,0,0,0,0,0,0
Adverse,REF,2035,NUCLEAR,0,0,0,0,0,0,0,0,0,0
Adverse,REF,2036,NUCLEAR,0,0,0,0,0,0,0,0,0,0
Adverse,REF,2037,NUCLEAR,0,0,0,0,0,0,0,0,0,0
Adverse,REF,2038,NUCLEAR,0,0,0,0,0,0,0,0,0,0
Adverse,REF,2039,NUCLEAR,100,0,0,300,0,500,100,0,0,300
Adverse,REF,2040,NUCLEAR,300,0,0,800,0,1000,200,0,0,500
Adverse,REF,2041,NUCLEAR,300,0,0,800,0,1000,0,0,0,0
Adverse,REF,2042,NUCLEAR,300,0,0,800,0,1000,0,0,0,0
Adverse,REF,2043,NUCLEAR,700,0,1000,1300,0,1500,400,0,1000,500
Adverse,REF,2044,NUCLEAR,700,0,1000,1300,0,1500,0,0,0,0
Adverse,REF,2045,NUCLEAR,800,200,1000,1300,0,1500,100,200,0,0
Adverse,REF,2046,NUCLEAR,800,200,1000,1300,0,1500,0,0,0,0
Adverse,REF,2047,NUCLEAR,800,200,1000,1300,0,1500,0,0,0,0
Adverse,REF,2048,NUCLEAR,800,200,1000,1300,0,1500,0,0,0,0
Adverse,REF,2049,NUCLEAR,800,200,1000,1300,0,1500,0,0,0,0
Adverse,REF,2050,NUCLEAR,800,200,1000,1300,0,1500,0,0,0,0
Adverse,REF,2025,PV,50,50,50,50,50,50,0,0,0,0
Adverse,REF,2026,PV,50,50,50,50,50,50,0,0,0,0
Adverse,REF,2027,PV,50,50,50,50,50,50,0,0,0,0
Adverse,REF,2028,PV,50,50,50,50,50,50,0,0,0,0
Adverse,REF,2029,PV,50,50,50,50,50,50,0,0,0,0
Adverse,REF,2030,PV,50,50,50,50,50,50,0,0,0,0
Adverse,REF,2031,PV,50,50,50,50,50,50,0,0,0,0
Adverse,REF,2032,PV,50,50,50,50,50,50,0,0,0,0
Adverse,REF,2033,PV,50,50,50,50,50,50,0,0,0,0
Adverse,REF,2034,PV,50,50,50,50,50,50,0,0,0,0
Adverse,REF,2035,PV,50,50,50,50,50,50,0,0,0,0
Adverse,REF,2036,PV,50,50,50,50,50,50,0,0,0,0
Adverse,REF,2037,PV,50,50,50,50,50,50,0,0,0,0
Adverse,REF,2038,PV,50,50,50,50,50,50,0,0,0,0
Adverse,REF,2039,PV,100,50,50,200,50,300,50,0,0,150
Adverse,REF,2040,PV,100,50,50,200,50,300,0,0,0,0
Adverse,REF,2041,PV,150,50,50,300,50,300,50,0,0,100
Adverse,REF,2042,PV,150,50,50,300,50,300,0,0,0,0
Adverse,REF,2043,PV,200,50,300,300,50,300,50,0,250,0
Adverse,REF,2044,PV,250,50,300,450,50,550,50,0,0,150
Adverse,REF,2045,PV,350,100,500,500,0,500,100,50,200,50
Adverse,REF,2046,PV,350,100,500,500,0,500,0,0,0,0
Adverse,REF,2047,PV,350,100,500,500,0,500,0,0,0,0
Adverse,REF,2048,PV,350,100,500,500,0,500,0,0,0,0
Adverse,REF,2049,PV,350,100,500,500,0,500,0,0,0,0
Adverse,REF,2050,PV,350,100,500,500,0,500,0,0,0,0
Adverse,REF,2025,WIND,259,155,155,423,155,455,0,0,0,0
Adverse,REF,2026,WIND,259,155,155,423,155,455,0,0,0,0
Adverse,REF,2027,WIND,259,155,155,423,155,455,0,0,0,0
Adverse,REF,2028,WIND,259,155,155,423,155,455,0,0,0,0
Adverse,REF,2029,WIND,259,155,155,423,155,455,0,0,0,0
Adverse,REF,2030,WIND,334,280,280,423,280,455,75,125,125,0
Adverse,REF,2031,WIND,484,318,530,635,280,705,150,38,250,212
Adverse,REF,2032,WIND,609,455,625,760,405,830,125,137,95,125
Adverse,REF,2033,WIND,684,530,655,873,530,955,75,75,30,113
Adverse,REF,2034,WIND,734,530,780,923,530,955,50,0,125,50
Adverse,REF,2035,WIND,734,530,780,923,530,955,0,0,0,0
Adverse,REF,2036,WIND,1034,705,1155,1298,655,1330,300,175,375,375
Adverse,REF,2037,WIND,1084,705,1250,1385,655,1455,50,0,95,87
Adverse,REF,2038,WIND,1084,705,1250,1385,655,1455,0,0,0,0
Adverse,REF,2039,WIND,1084,705,1250,1385,655,1455,0,0,0,0
Adverse,REF,2040,WIND,1084,705,1250,1385,655,1455,0,0,0,0
Adverse,REF,2041,WIND,1375,1280,1280,1530,1280,1580,291,575,30,145
Adverse,REF,2042,WIND,1375,1280,1280,1530,1280,1580,0,0,0,0
Adverse,REF,2043,WIND,1435,1280,1455,1580,1280,1580,60,0,175,50
Adverse,REF,2044,WIND,1460,1280,1580,1580,1280,1580,25,0,125,0
Adverse,REF,2045,WIND,1385,1205,1505,1505,1205,1505,0,0,0,0
Adverse,REF,2046,WIND,1385,1205,1505,1505,1205,1505,0,0,0,0
Adverse,REF,2047,WIND,1385,1205,1505,1505,1205,1505,0,0,0,0
Adverse,REF,2048,WIND,1385,1205,1505,1505,1205,1505,0,0,0,0
Adverse,REF,2049,WIND,1385,1205,1505,1505,1205,1505,0,0,0,0
Adverse,REF,2050,WIND,1385,1205,1505,1505,1205,1505,0,0,0,0
