Hydrology,Scenario,Month,p10,p50,p90,min,max
Baseline,REF,1,164.8325,169.275091,202.3930283,164.8325,427.8325
Baseline,REF,2,174.08,252.5825,276.295707,164.8325,471.7832775
Baseline,REF,3,164.8325,164.8325,221.2308697,164.8325,426.8325
Baseline,REF,4,164.8325,164.8325,223.6648634,164.8325,470.0061815
Baseline,REF,5,164.8325,164.8325,226.1221201,164.8325,480.741721
Baseline,REF,6,164.8325,164.8325,259.6668668,164.8325,514.5825
Baseline,REF,7,164.8325,245.9053781,337.3672831,164.8325,543.9296692
Baseline,REF,8,164.8325,231.9536484,333.0987999,164.8325,526.5122051
Baseline,REF,9,164.8325,214.3777172,302.5652795,164.8325,478.3374454
Baseline,REF,10,164.8325,204.6612285,279.8583771,164.8325,441.8011623
Baseline,REF,11,164.8325,190.6670913,254.8325,164.8325,407.23227
Baseline,REF,12,164.8325,169.275091,202.3930283,164.8325,427.8325
Baseline,BRIDGE,1,236.0223244,261.83,286.0058736,211.1718753,366.6361789
Baseline,BRIDGE,2,252.5825,261.83,308.9174783,218.1017664,523.3756112
Baseline,BRIDGE,3,262.4209965,328.5191932,395.2490497,208.4402935,587.2936375
Baseline,BRIDGE,4,261.83,346.6781538,477.5874756,197.8272259,650.0825
Baseline,BRIDGE,5,261.83,376.4421527,560.0825,174.08,659.33
Baseline,BRIDGE,6,264.9382191,419.314047,650.0825,171.4520784,659.33
Baseline,BRIDGE,7,296.0259119,467.5762799,659.33,244.5948268,659.33
Baseline,BRIDGE,8,294.1266455,462.2870713,650.0825,252.5825,659.33
Baseline,BRIDGE,9,292.1900589,451.4878637,650.0825,252.5825,659.33
Baseline,BRIDGE,10,285.4703974,437.1400329,647.3707825,252.5825,659.33
Baseline,BRIDGE,11,275.5931145,420.5957366,641.0057772,252.5825,659.33
Baseline,BRIDGE,12,236.0223244,261.83,286.0058736,211.1718753,366.6361789
Baseline,NZT,1,241.6543024,262.0124319,308.0639672,209.3783411,388.2449673
Baseline,NZT,2,256.2126931,266.4026485,340.5145806,169.4323502,491.7101552
Baseline,NZT,3,269.1700179,342.5825,430.3345468,204.8857404,596.262652
Baseline,NZT,4,261.83,377.3197905,475.4975958,210.6943328,650.0825
Baseline,NZT,5,261.83,424.9475742,554.4667962,209.6907026,659.33
Baseline,NZT,6,273.1256833,473.6218615,591.2424565,164.8325,659.33
Baseline,NZT,7,326.7925396,560.0825,650.0825,252.5825,659.33
Baseline,NZT,8,318.9148543,540.3440521,650.0825,252.5825,659.33
Baseline,NZT,9,315.2601197,552.1973372,650.0825,252.5825,659.33
Baseline,NZT,10,306.521894,546.6339691,650.0825,252.5825,659.33
Baseline,NZT,11,294.2518817,554.9820011,650.0825,261.83,659.33
Baseline,NZT,12,241.6543024,262.0124319,308.0639672,209.3783411,388.2449673
Adverse,REF,1,164.8325,176.3474622,218.6765036,164.8325,305.8950503
Adverse,REF,2,164.8325,198.0339105,282.5743442,164.8325,330.2890583
Adverse,REF,3,164.8325,187.3825686,268.2362019,164.8325,355.4622395
Adverse,REF,4,164.8325,164.8325,252.5825,164.8325,261.83
Adverse,REF,5,164.8325,164.8325,164.8325,164.8325,179.0742107
Adverse,REF,6,164.8325,164.8325,164.8325,164.8325,293.9868384
Adverse,REF,7,164.8325,164.8325,218.1972525,164.8325,391.0822494
Adverse,REF,8,164.8325,164.8325,271.7348112,164.8325,411.3840106
Adverse,REF,9,164.8325,254.8325,338.6986717,164.8325,452.7450389
Adverse,REF,10,283.3862915,401.4010665,492.6278596,164.8325,615.6375188
Adverse,REF,11,216.5501982,268.9057998,358.8133818,164.8325,411.627873
Adverse,REF,12,164.8325,176.3474622,218.6765036,164.8325,305.8950503
Adverse,BRIDGE,1,164.8325,174.08,221.9930892,164.8325,268.9344241
Adverse,BRIDGE,2,252.5825,328.7944508,433.3637736,216.6419179,514.5825
Adverse,BRIDGE,3,252.5825,297.1612034,468.3035855,252.5825,560.0825
Adverse,BRIDGE,4,252.5825,261.83,543.3672457,252.5825,650.0825
Adverse,BRIDGE,5,164.8325,264.8634472,487.2528444,164.8325,562.3325
Adverse,BRIDGE,6,164.8325,266.0926386,450.5880317,164.8325,562.3325
Adverse,BRIDGE,7,164.8325,318.7766824,562.3325,164.8325,562.3325
Adverse,BRIDGE,8,171.5219894,328.4117625,508.3951374,164.8325,562.3325
Adverse,BRIDGE,9,240.4418534,394.398897,506.2908228,164.8325,562.3325
Adverse,BRIDGE,10,321.5900998,472.3325,562.3325,171.7175764,571.58
Adverse,BRIDGE,11,309.9019213,487.6388077,562.3325,253.4723663,562.3325
Adverse,BRIDGE,12,164.8325,174.08,221.9930892,164.8325,268.9344241
Adverse,NZT,1,164.8325,189.5521097,249.5576467,164.8325,273.2213823
Adverse,NZT,2,164.8325,205.0405716,277.5763162,164.8325,381.8892516
Adverse,NZT,3,164.8325,195.4945872,274.7717403,164.8325,322.1972499
Adverse,NZT,4,164.8325,164.8325,252.5825,164.8325,252.5825
Adverse,NZT,5,164.8325,164.8325,164.8325,164.8325,164.8325
Adverse,NZT,6,164.8325,164.8325,164.8325,164.8325,184.1155844
Adverse,NZT,7,164.8325,164.8325,164.8325,164.8325,316.2094266
Adverse,NZT,8,164.8325,164.8325,164.8325,164.8325,237.8588569
Adverse,NZT,9,164.8325,164.8325,239.0324341,164.8325,317.9696681
Adverse,NZT,10,242.1749487,336.9474628,407.2885041,164.8325,544.6713992
Adverse,NZT,11,189.8297147,251.9829384,317.1269485,164.8325,413.9535169
Adverse,NZT,12,164.8325,189.5521097,249.5576467,164.8325,273.2213823
