Hydrology,Scenario,w,PNS_GWh,CO2_kt
Baseline,BRIDGE,w1,3.286740837,51456.665
Baseline,BRIDGE,w10,25.89813119,41055.69385
Baseline,BRIDGE,w100,45.05542702,55942.47747
Baseline,BRIDGE,w11,46.38973377,38732.31023
Baseline,BRIDGE,w12,16.81456594,36789.23966
Baseline,BRIDGE,w13,0.2468255109,36306.31252
Baseline,BRIDGE,w14,50.02901599,57262.82239
Baseline,BRIDGE,w15,58.31749746,48559.47008
Baseline,BRIDGE,w16,5.85712212,38875.85311
Baseline,BRIDGE,w17,3.881875461,49453.87898
Baseline,BRIDGE,w18,1.34795024,43487.55096
Baseline,BRIDGE,w19,69.57626117,49674.22528
Baseline,BRIDGE,w2,61.35834715,37773.30318
Baseline,BRIDGE,w20,0.9694534422,34924.53125
Baseline,BRIDGE,w21,0,39967.78184
Baseline,BRIDGE,w22,2.369227431,35025.83546
Baseline,BRIDGE,w23,1.597979894,41199.62337
Baseline,BRIDGE,w24,0,35766.48832
Baseline,BRIDGE,w25,76.55409372,48845.91995
Baseline,BRIDGE,w26,0,43704.42949
Baseline,BRIDGE,w27,4.869482593,36264.04059
Baseline,BRIDGE,w28,16.81697829,46769.28832
Baseline,BRIDGE,w29,0,39192.51812
Baseline,BRIDGE,w3,102.6844685,58651.23787
Baseline,BRIDGE,w30,1.184463047,34658.86846
Baseline,BRIDGE,w31,3.251614087,37654.82088
Baseline,BRIDGE,w32,0.7810453895,39406.81471
Baseline,BRIDGE,w33,59.75949059,48254.77619
Baseline,BRIDGE,w34,23.74922851,43258.73382
Baseline,BRIDGE,w35,2.077964319,50933.41401
Baseline,BRIDGE,w36,1.928976205,36333.73598
Baseline,BRIDGE,w37,2.8290066,37914.46146
Baseline,BRIDGE,w38,2.977714052,34550.42048
Baseline,BRIDGE,w39,0,41609.71082
Baseline,BRIDGE,w4,0.4750702026,35419.04366
Baseline,BRIDGE,w40,0,37302.19244
Baseline,BRIDGE,w41,2.528400431,49185.16432
Baseline,BRIDGE,w42,1.900732232,38699.09021
Baseline,BRIDGE,w43,43.68476464,41372.88157
Baseline,BRIDGE,w44,65.09283686,52922.01075
Baseline,BRIDGE,w45,2.991625613,48898.52462
Baseline,BRIDGE,w46,0.1002330184,36712.26243
Baseline,BRIDGE,w47,2.548574296,38576.68652
Baseline,BRIDGE,w48,0,40387.40462
Baseline,BRIDGE,w49,26.82866121,48846.99181
Baseline,BRIDGE,w5,0,36741.96343
Baseline,BRIDGE,w50,9.754950932,47327.74773
Baseline,BRIDGE,w51,5.652151063,49938.43933
Baseline,BRIDGE,w52,19.7848529,49761.90967
Baseline,BRIDGE,w53,30.84489743,35187.69453
Baseline,BRIDGE,w54,2.873505656,33704.31174
Baseline,BRIDGE,w55,3.722715341,32097.36519
Baseline,BRIDGE,w56,0,38791.1006
Baseline,BRIDGE,w57,3.150248325,39800.44879
Baseline,BRIDGE,w58,58.53917036,37143.63758
Baseline,BRIDGE,w59,2.608176146,38443.79866
Baseline,BRIDGE,w6,15.86988819,53740.10613
Baseline,BRIDGE,w60,0,40014.00869
Baseline,BRIDGE,w61,67.38094632,51994.7442
Baseline,BRIDGE,w62,1.920684994,43973.45918
Baseline,BRIDGE,w63,1.344342893,49936.43299
Baseline,BRIDGE,w64,18.89775937,35026.21439
Baseline,BRIDGE,w65,7.986970331,52575.54602
Baseline,BRIDGE,w66,14.48673364,49780.34778
Baseline,BRIDGE,w67,2.418046879,57009.91582
Baseline,BRIDGE,w68,6.622993042,49827.12972
Baseline,BRIDGE,w69,28.87589217,50359.13594
Baseline,BRIDGE,w7,24.02591326,44980.28217
Baseline,BRIDGE,w70,31.05517814,41282.14484
Baseline,BRIDGE,w71,43.88789297,40040.51834
Baseline,BRIDGE,w72,1.47658073,49421.09676
Baseline,BRIDGE,w73,0,38813.37205
Baseline,BRIDGE,w74,2.488169596,49574.13004
Baseline,BRIDGE,w75,1.316766597,48230.98509
Baseline,BRIDGE,w76,9.428019245,36540.37672
Baseline,BRIDGE,w77,79.45612285,49247.56927
Baseline,BRIDGE,w78,2.20863428,52289.35297
Baseline,BRIDGE,w79,51.17369123,48846.19009
Baseline,BRIDGE,w8,102.6093895,50148.82699
Baseline,BRIDGE,w80,82.93815933,38350.44811
Baseline,BRIDGE,w81,62.32971928,49877.24296
Baseline,BRIDGE,w82,56.45080927,45831.62287
Baseline,BRIDGE,w83,34.76789226,44282.17672
Baseline,BRIDGE,w84,69.30341583,47483.02117
Baseline,BRIDGE,w85,16.03251344,46566.13246
Baseline,BRIDGE,w86,94.78008104,56137.53093
Baseline,BRIDGE,w87,37.42140223,43780.64389
Baseline,BRIDGE,w88,1.120679953,40826.29408
Baseline,BRIDGE,w89,0.08665951945,40912.52716
Baseline,BRIDGE,w9,6.793336407,45294.34914
Baseline,BRIDGE,w90,0,41500.38901
Baseline,BRIDGE,w91,15.57527781,36738.31511
Baseline,BRIDGE,w92,0.6035462206,36985.80918
Baseline,BRIDGE,w93,0,42677.10915
Baseline,BRIDGE,w94,39.27536915,45854.09931
Baseline,BRIDGE,w95,30.3288076,41204.88993
Baseline,BRIDGE,w96,3.208012761,41217.05167
Baseline,BRIDGE,w97,5.185177819,36582.70129
Baseline,BRIDGE,w98,6.081692657,38433.18528
Baseline,BRIDGE,w99,0.6478479923,34307.07048
Baseline,NZT,w1,44.08441846,22676.4528
Baseline,NZT,w10,3.948091334,23705.74469
Baseline,NZT,w100,20.50097588,21643.42081
Baseline,NZT,w11,44.46248834,21825.55839
Baseline,NZT,w12,0,19936.40965
Baseline,NZT,w13,6.712311161,22500.27391
Baseline,NZT,w14,142.6383545,20113.92944
Baseline,NZT,w15,73.13128728,22194.65744
Baseline,NZT,w16,5.45113937,22336.0852
Baseline,NZT,w17,116.2044462,20931.15905
Baseline,NZT,w18,29.00418723,21832.87916
Baseline,NZT,w19,2.669264927,20356.58678
Baseline,NZT,w2,83.26214996,22260.99337
Baseline,NZT,w20,0,20785.18354
Baseline,NZT,w21,0,21385.24224
Baseline,NZT,w22,10.8582928,21567.20303
Baseline,NZT,w23,8.619666263,19882.31644
Baseline,NZT,w24,3.717151769,23684.90579
Baseline,NZT,w25,290.2097972,27564.49331
Baseline,NZT,w26,0,21897.06753
Baseline,NZT,w27,13.92808969,22649.30434
Baseline,NZT,w28,0,20299.53173
Baseline,NZT,w29,0.3153682026,21222.06669
Baseline,NZT,w3,7.411352018,20200.22963
Baseline,NZT,w30,23.72795804,22324.60016
Baseline,NZT,w31,60.91235176,23525.51474
Baseline,NZT,w32,45.33872713,23858.43076
Baseline,NZT,w33,49.1740109,20824.86116
Baseline,NZT,w34,6.971662516,20959.82572
Baseline,NZT,w35,5.512556148,24014.87291
Baseline,NZT,w36,6.399746,22625.58104
Baseline,NZT,w37,5.069586061,23530.64711
Baseline,NZT,w38,6.665007489,22985.27895
Baseline,NZT,w39,33.07976515,21718.17395
Baseline,NZT,w4,6.602487888,22569.33204
Baseline,NZT,w40,55.64432223,21901.94962
Baseline,NZT,w41,0,20228.23081
Baseline,NZT,w42,79.52431832,22649.62276
Baseline,NZT,w43,0.4243619654,22584.1103
Baseline,NZT,w44,1.111352412,21473.76646
Baseline,NZT,w45,89.87564272,21098.34366
Baseline,NZT,w46,5.562813827,22139.48933
Baseline,NZT,w47,26.67088635,20870.06187
Baseline,NZT,w48,0,20883.04887
Baseline,NZT,w49,180.8189724,23359.50063
Baseline,NZT,w5,2.627341846,23605.67376
Baseline,NZT,w50,11.6500349,21552.61129
Baseline,NZT,w51,3.828243645,23115.53256
Baseline,NZT,w52,0,20442.56089
Baseline,NZT,w53,4.345109053,23532.09518
Baseline,NZT,w54,7.93315342,22077.2174
Baseline,NZT,w55,2.348185479,23711.45853
Baseline,NZT,w56,34.74664851,21095.29039
Baseline,NZT,w57,7.266347426,23184.24192
Baseline,NZT,w58,18.61011146,22584.35435
Baseline,NZT,w59,4.499448359,21846.22336
Baseline,NZT,w6,0,18735.86258
Baseline,NZT,w60,24.52297384,20941.62125
Baseline,NZT,w61,5.611030385,21526.49862
Baseline,NZT,w62,29.3467522,21675.67492
Baseline,NZT,w63,1.630871824,20600.24433
Baseline,NZT,w64,76.87725064,22334.5115
Baseline,NZT,w65,16.56844973,21985.59016
Baseline,NZT,w66,2.618158698,21449.19122
Baseline,NZT,w67,6.201523752,23214.0077
Baseline,NZT,w68,43.60182092,23503.71147
Baseline,NZT,w69,10.213749,21953.42277
Baseline,NZT,w7,22.82149598,26124.88854
Baseline,NZT,w70,2.372119278,22941.90035
Baseline,NZT,w71,68.10237567,22377.90773
Baseline,NZT,w72,0.6538732232,20334.30439
Baseline,NZT,w73,58.11799607,22292.91962
Baseline,NZT,w74,123.7204162,22337.99497
Baseline,NZT,w75,15.173363,22080.4623
Baseline,NZT,w76,46.00626111,21601.84263
Baseline,NZT,w77,2.109019074,20406.76877
Baseline,NZT,w78,4.040935424,21863.57575
Baseline,NZT,w79,6.923506181,22486.47136
Baseline,NZT,w8,0,19173.08146
Baseline,NZT,w80,26.3361368,22797.63088
Baseline,NZT,w81,10.12115376,23843.1736
Baseline,NZT,w82,43.51382308,21361.9169
Baseline,NZT,w83,9.357714915,21058.06794
Baseline,NZT,w84,12.20933737,23317.35466
Baseline,NZT,w85,66.8013392,22037.07301
Baseline,NZT,w86,17.46388721,22053.72122
Baseline,NZT,w87,28.73242942,22667.31782
Baseline,NZT,w88,0,21408.50429
Baseline,NZT,w89,2.653764951,21856.89274
Baseline,NZT,w9,5.539672006,23615.92934
Baseline,NZT,w90,30.12822041,23270.89682
Baseline,NZT,w91,21.97049883,20547.13007
Baseline,NZT,w92,4.583532346,19782.5211
Baseline,NZT,w93,12.64159451,21474.54051
Baseline,NZT,w94,13.35292995,21608.01521
Baseline,NZT,w95,4.524492916,23039.83192
Baseline,NZT,w96,3.208012761,23225.0773
Baseline,NZT,w97,0,21009.52351
Baseline,NZT,w98,42.1327483,22616.64676
Baseline,NZT,w99,9.442598379,21284.8392
Baseline,REF,w1,4.392514404,57782.67131
Baseline,REF,w10,0.7161941645,56126.68832
Baseline,REF,w100,46.92314316,55363.78449
Baseline,REF,w11,4.050611003,51977.60056
Baseline,REF,w12,198.446184,58692.41692
Baseline,REF,w13,45.62885111,50171.60885
Baseline,REF,w14,36.81073229,53702.07857
Baseline,REF,w15,35.42518169,56949.20963
Baseline,REF,w16,21.69487167,48305.11593
Baseline,REF,w17,0,54856.04421
Baseline,REF,w18,15.29344286,52818.55743
Baseline,REF,w19,86.97357566,55663.19867
Baseline,REF,w2,59.43820649,55767.68075
Baseline,REF,w20,63.91750013,67043.01029
Baseline,REF,w21,60.60791135,63850.40112
Baseline,REF,w22,11.93796914,60546.60724
Baseline,REF,w23,30.74771832,57983.08087
Baseline,REF,w24,118.1015356,54797.40419
Baseline,REF,w25,49.15140787,53166.90074
Baseline,REF,w26,0,64665.81107
Baseline,REF,w27,290.9383819,53403.74582
Baseline,REF,w28,101.9575058,65438.03688
Baseline,REF,w29,0.3153682026,63682.53718
Baseline,REF,w3,26.82717673,55157.86498
Baseline,REF,w30,1.639986003,53802.20398
Baseline,REF,w31,0.3554127533,52118.00287
Baseline,REF,w32,28.02228499,56575.97149
Baseline,REF,w33,2.256087214,51541.57148
Baseline,REF,w34,0,65215.25362
Baseline,REF,w35,339.0949613,60826.24692
Baseline,REF,w36,17.33338962,51402.54651
Baseline,REF,w37,36.62839379,51261.09742
Baseline,REF,w38,2.580436274,61711.3972
Baseline,REF,w39,10.52469073,49388.79049
Baseline,REF,w4,13.69408536,47948.01366
Baseline,REF,w40,31.24713678,50730.96207
Baseline,REF,w41,39.38071831,56252.3978
Baseline,REF,w42,1.410528552,55258.65187
Baseline,REF,w43,5.172232518,60850.31206
Baseline,REF,w44,47.24917079,55495.33763
Baseline,REF,w45,18.39875826,45983.80039
Baseline,REF,w46,175.8501259,56155.77258
Baseline,REF,w47,65.5237108,60358.9263
Baseline,REF,w48,0.7161941645,53343.0958
Baseline,REF,w49,70.99347615,60759.82828
Baseline,REF,w5,88.47276531,56558.5952
Baseline,REF,w50,54.55369568,56776.66448
Baseline,REF,w51,124.4534854,63687.38871
Baseline,REF,w52,40.45939006,57738.5294
Baseline,REF,w53,3.367825528,54441.56224
Baseline,REF,w54,0.7161941645,54251.18619
Baseline,REF,w55,57.0038919,53013.97207
Baseline,REF,w56,3.814569859,47002.99212
Baseline,REF,w57,4.047408376,63572.57576
Baseline,REF,w58,0.7161941645,51118.28865
Baseline,REF,w59,2.810292231,52982.32076
Baseline,REF,w6,18.76673343,39234.70309
Baseline,REF,w60,4.22872577,51335.6525
Baseline,REF,w61,110.0048704,59812.00955
Baseline,REF,w62,6.10606914,56586.16833
Baseline,REF,w63,28.58821992,51475.17934
Baseline,REF,w64,2.896862273,54553.6307
Baseline,REF,w65,91.06380429,50023.1681
Baseline,REF,w66,76.15574514,50739.79297
Baseline,REF,w67,3.777120592,56666.98266
Baseline,REF,w68,19.27828929,54491.85
Baseline,REF,w69,62.27247245,60120.68064
Baseline,REF,w7,29.49089778,57355.52818
Baseline,REF,w70,1.550236701,55455.26438
Baseline,REF,w71,37.14861524,61147.26417
Baseline,REF,w72,37.81969155,62290.631
Baseline,REF,w73,52.49459794,53940.42122
Baseline,REF,w74,24.53063996,58611.78308
Baseline,REF,w75,36.09041391,56104.17491
Baseline,REF,w76,4.128507036,34411.93934
Baseline,REF,w77,25.7323282,48392.03007
Baseline,REF,w78,14.55049351,49154.19636
Baseline,REF,w79,27.2457127,71800.2799
Baseline,REF,w8,37.23945273,43919.3354
Baseline,REF,w80,22.37112524,55030.23869
Baseline,REF,w81,6.914450344,51828.94948
Baseline,REF,w82,43.23084449,54015.76392
Baseline,REF,w83,0.7161941645,56943.74784
Baseline,REF,w84,1.776854357,57178.65534
Baseline,REF,w85,2.470862127,57730.62463
Baseline,REF,w86,110.0846185,55452.37205
Baseline,REF,w87,80.05711364,53026.56057
Baseline,REF,w88,24.98745687,42799.70775
Baseline,REF,w89,4.132502537,56008.16745
Baseline,REF,w9,36.4047686,46536.9282
Baseline,REF,w90,55.71864883,63072.3447
Baseline,REF,w91,36.38448243,53371.12323
Baseline,REF,w92,48.89148757,55918.90644
Baseline,REF,w93,53.32160548,58018.04002
Baseline,REF,w94,16.79286466,45822.24292
Baseline,REF,w95,22.32780379,67566.68927
Baseline,REF,w96,13.15819249,52882.22377
Baseline,REF,w97,7.520775368,50443.3429
Baseline,REF,w98,42.58991405,52217.02156
Baseline,REF,w99,6.318887435,58863.07425
Adverse,BRIDGE,w1,0,112634.2353
Adverse,BRIDGE,w2,0,122851.2866
Adverse,BRIDGE,w3,35.56438643,134055.4336
Adverse,BRIDGE,w4,0,112637.1867
Adverse,BRIDGE,w5,11.40577784,130017.4094
Adverse,NZT,w1,237.7565902,62198.06659
Adverse,NZT,w2,270.3075333,62520.62745
Adverse,NZT,w3,252.556496,61824.03418
Adverse,NZT,w4,370.8313091,63456.44753
Adverse,NZT,w5,296.0105311,62816.06639
Adverse,REF,w1,0,145477.857
Adverse,REF,w2,367.6550257,185148.1248
Adverse,REF,w3,61.60719158,183527.3227
Adverse,REF,w4,30.30759311,173566.7798
Adverse,REF,w5,20.27051765,179509.8643
